CASE_ID,ACCIDENT_YEAR,PROC_DATE,JURIS,COLLISION_DATE,COLLISION_TIME,OFFICER_ID,REPORTING_DISTRICT,DAY_OF_WEEK,CHP_SHIFT,POPULATION,CNTY_CITY_LOC,SPECIAL_COND,BEAT_TYPE,CHP_BEAT_TYPE,CITY_DIVISION_LAPD,CHP_BEAT_CLASS,BEAT_NUMBER,PRIMARY_RD,SECONDARY_RD,DISTANCE,DIRECTION,INTERSECTION,WEATHER_1,WEATHER_2,STATE_HWY_IND,CALTRANS_COUNTY,CALTRANS_DISTRICT,STATE_ROUTE,ROUTE_SUFFIX,POSTMILE_PREFIX,POSTMILE,LOCATION_TYPE,RAMP_INTERSECTION,SIDE_OF_HWY,TOW_AWAY,COLLISION_SEVERITY,NUMBER_KILLED,NUMBER_INJURED,PARTY_COUNT,PRIMARY_COLL_FACTOR,PCF_CODE_OF_VIOL,PCF_VIOL_CATEGORY,PCF_VIOLATION,PCF_VIOL_SUBSECTION,HIT_AND_RUN,TYPE_OF_COLLISION,MVIW,PED_ACTION,ROAD_SURFACE,ROAD_COND_1,ROAD_COND_2,LIGHTING,CONTROL_DEVICE,CHP_ROAD_TYPE,PEDESTRIAN_ACCIDENT,BICYCLE_ACCIDENT,MOTORCYCLE_ACCIDENT,TRUCK_ACCIDENT,NOT_PRIVATE_PROPERTY,ALCOHOL_INVOLVED,STWD_VEHTYPE_AT_FAULT,CHP_VEHTYPE_AT_FAULT,COUNT_SEVERE_INJ,COUNT_VISIBLE_INJ,COUNT_COMPLAINT_PAIN,COUNT_PED_KILLED,COUNT_PED_INJURED,COUNT_BICYCLIST_KILLED,COUNT_BICYCLIST_INJURED,COUNT_MC_KILLED,COUNT_MC_INJURED,PRIMARY_RAMP,SECONDARY_RAMP,LATITUDE,LONGITUDE,COUNTY,CITY,POINT_X,POINT_Y
8305763,2017,2017-02-23,4200,2017-02-06,2240,5001,14,1,5,4,4214,0,0,0,,0,050,"CATHEDRAL OAKS RD","CAMINO LAGUNA VISTA",166.00,E,N,C,-,N,,,,,,,,,,N,3,0,1,1,A,-,03,22350,,N,F,A,A,B,H,-,C,D,0,,,Y,,Y,,C,02,0,1,0,0,0,0,0,0,1,"- ","- ",,,"SANTA BARBARA",GOLETA,-119.8496888,34.448669539999997
8305986,2017,2017-02-22,4204,2017-02-06,1746,23028,74,1,5,5,4204,0,0,0,,0,003,"THORNBURG ST","LOLITA LN",220.00,N,N,A,-,N,,,,,,,,,,N,4,0,1,2,A,-,09,21804,,N,C,C,A,B,H,-,B,D,0,,,,,Y,,D,22,0,0,1,0,0,0,0,0,0,"- ","- ",34.926000000000002,-120.44047999999999,"SANTA BARBARA","SANTA MARIA",-120.44054,34.926454270000001
8306077,2017,2017-06-27,4202,2017-02-03,1538,292,,5,5,4,4202,0,0,0,,0,,"RT 1","CENTRAL AV",0.00,,Y,A,-,Y,SB,5,1,-,-,22.070,H,-,S,Y,3,0,4,5,A,-,01,23152,A,N,A,B,B,A,H,-,A,A,0,Y,,,,Y,,A,01,0,4,0,0,3,0,0,0,0,"- ","- ",,,"SANTA BARBARA",LOMPOC,-120.45777019000001,34.660836500000002
8306228,2017,2017-06-27,4202,2017-02-01,1035,292,,3,5,4,4202,0,0,0,,0,,"RT 1","COLLEGE AV",79.00,S,N,A,-,Y,SB,5,1,-,-,21.100,H,-,N,Y,4,0,1,2,A,-,03,22350,,N,C,C,A,A,H,-,A,A,0,,,,,Y,,A,01,0,0,1,0,0,0,0,0,0,"- ","- ",,,"SANTA BARBARA",LOMPOC,-120.4577608,34.646813889999997
8306304,2017,2017-02-23,4203,2017-02-05,2129,2712,,7,5,5,4203,0,0,0,,0,001,"CARPINTERIA ST","CANADA ST",92.00,W,N,C,-,N,,,,,,,,,,Y,4,0,1,2,A,-,08,22107,,N,A,E,A,B,H,-,D,D,0,,,,,Y,,-,,0,0,1,0,0,0,0,0,0,"- ","- ",34.252699999999997,-119.4025,"SANTA BARBARA","SANTA BARBARA",-119.67332295999999,34.424691539999998
8306312,2017,2017-06-27,4203,2017-02-01,1824,1985,,3,5,5,4203,0,0,0,,0,006,"LAS POSITAS RD","MODOC RD",0.00,,Y,A,-,N,,,,,,,,,,Y,3,0,1,2,D,-,00,,,N,A,C,A,A,H,-,C,A,0,,,,,Y,Y,-,"- ",0,1,0,0,0,0,0,0,0,"- ","- ",34.253300000000003,-119.4404,"SANTA BARBARA","SANTA BARBARA",-119.73479994,34.426110020000003
8306316,2017,2017-02-23,4203,2017-02-06,0830,23770,,1,5,5,4203,0,0,0,,0,004,"W ARRELLAGA ST","CASTILLO ST",0.00,,Y,B,C,N,,,,,,,,,,N,3,0,2,2,A,-,12,22450,A,N,D,C,A,B,H,-,A,A,0,,,,,Y,,-,,0,2,0,0,0,0,0,0,0,"- ","- ",34.423099999999998,-119.7139,"SANTA BARBARA","SANTA BARBARA",-119.71404986,34.422900069999997
8306403,2017,2017-02-24,4203,2017-02-06,2000,23768,62,1,5,5,4203,0,0,0,,0,001,"EAST GUTIERREZ","NORTH ALISOS ST",20.00,W,N,B,-,N,,,,,,,,,,N,2,0,1,2,A,-,11,21954,A,N,G,B,D,A,H,-,C,A,0,Y,,,,Y,Y,N,60,1,0,0,0,1,0,0,0,0,"- ","- ",,,"SANTA BARBARA","SANTA BARBARA",-119.68295430000001,34.426419160000002
8306407,2017,2017-02-24,4203,2017-02-04,1015,3849,,6,5,5,4203,0,0,0,,0,002,"CACIQUE ST","MILPAS ST",0.00,,Y,A,-,N,,,,,,,,,,Y,4,0,1,2,A,-,09,21453,B,N,-,C,A,A,H,-,A,A,0,,,,,Y,,-,,0,0,1,0,0,0,0,0,0,"- ","- ",34.252400000000002,-119.4153,"SANTA BARBARA","SANTA BARBARA",-119.67634997,34.419770040000003
8306411,2017,2017-02-24,4203,2017-02-04,1407,7774,,6,5,5,4203,0,0,0,,0,001,"N MILPAS ST","E MASON ST",134.00,S,N,B,-,N,,,,,,,,,,N,4,0,1,2,A,-,09,21804,A,N,D,C,A,A,H,-,A,D,0,,,,,Y,,-,,0,0,1,0,0,0,0,0,0,"- ","- ",34.252029999999998,-119.40470999999999,"SANTA BARBARA","SANTA BARBARA",-119.67983701,34.42231666
8306415,2017,2017-03-01,4203,2017-02-04,0829,7774,,6,5,5,4203,0,0,0,,0,002,"HARBOR WY","SHORELINE DR",160.00,S,N,B,-,N,,,,,,,,,,N,4,0,1,2,A,-,09,21802,A,N,D,G,A,B,H,-,A,D,0,,Y,,,Y,,-,"- ",0,0,1,0,0,0,1,0,0,"- ","- ",34.241399999999999,-119.41401,"SANTA BARBARA","SANTA BARBARA",-119.69450538,34.403946349999998
8306419,2017,2017-02-24,4203,2017-02-04,0930,7775,,6,5,5,4203,0,0,0,,0,001,"N MILPAS ST","QUINIENTOS ST",0.00,,Y,A,-,N,,,,,,,,,,N,4,0,1,2,D,-,00,,,N,B,G,A,A,H,-,A,D,0,,Y,,,Y,,-,"- ",0,0,1,0,0,0,1,0,0,"- ","- ",,,"SANTA BARBARA","SANTA BARBARA",-119.67889987,34.421620060000002
8306423,2017,2017-02-24,4203,2017-02-03,1033,5751,51,5,5,5,4203,0,0,0,,0,005,"STATE ST","SAN ROQUE RD",0.00,,Y,A,C,N,,,,,,,,,,Y,4,0,2,2,A,-,09,21801,A,N,A,C,A,B,H,-,A,A,0,,,,,Y,,A,01,0,0,2,0,0,0,0,0,0,"- ","- ",34.440420000000003,-119.73423,"SANTA BARBARA","SANTA BARBARA",-119.73423986,34.440360069999997
8313073,2017,2017-06-27,4203,2017-02-04,1958,3433,,6,5,5,4203,0,0,0,,0,006,"CASTILLO ST","RT 101",0.00,,Y,A,-,Y,SB,5,101,-,R,14.340,R,4,S,Y,4,0,1,2,A,-,03,22350,,N,D,C,A,B,H,-,C,A,0,,,,,Y,,A,01,0,0,1,0,0,0,0,0,0,"- ",SF,,,"SANTA BARBARA","SANTA BARBARA",-119.70202696,34.412495569999997
8313077,2017,2017-03-03,4203,2017-02-04,0035,24048,,6,5,5,4203,0,0,0,,0,005,"STATE ST","ONTARE RD",270.00,E,N,A,-,N,,,,,,,,,,Y,2,0,2,2,A,-,09,21801,A,N,D,C,A,B,H,-,C,D,0,,,,,Y,Y,-,,1,0,1,0,0,0,0,0,0,"- ","- ",,,"SANTA BARBARA","SANTA BARBARA",-119.73919533999999,34.440408939999998
8313081,2017,2017-03-03,4203,2017-02-08,1238,6700,36,3,5,5,4203,0,0,0,,0,005,"JUNIPERO ST","ALAMAR AV",238.00,W,N,B,-,N,,,,,,,,,,N,3,0,1,2,A,-,11,21954,A,N,G,B,D,B,D,-,A,C,0,Y,,,,Y,,N,60,0,1,0,0,1,0,0,0,0,"- ","- ",,,"SANTA BARBARA","SANTA BARBARA",-119.72661908000001,34.428250910000003
8313109,2017,2017-03-07,4203,2017-02-16,2201,23767,,4,5,5,4203,0,0,0,,0,004,"DE LA VINA ST","MISSION ST",192.00,N,N,C,-,N,,,,,,,,,,Y,3,0,2,2,A,-,01,23152,A,N,-,E,A,B,H,-,C,A,0,,,,,Y,Y,A,01,0,1,1,0,0,0,0,0,0,"- ","- ",34.428800000000003,-119.7171,"SANTA BARBARA","SANTA BARBARA",-119.71742915,34.429085929999999
8313113,2017,2017-03-03,4203,2017-02-13,0810,3599,,1,5,5,4203,0,0,0,,0,002,"CABRILLO BL","CHAPALA ST",150.00,E,N,B,-,N,,,,,,,,,,N,3,0,1,2,A,-,08,22104,,N,D,G,A,A,H,-,A,D,0,,Y,,,Y,,L,04,0,1,0,0,0,0,1,0,0,"- ","- ",34.244140000000002,-119.41238,"SANTA BARBARA","SANTA BARBARA",-119.68998775999999,34.411488599999998
8313117,2017,2017-03-07,4203,2017-02-18,2300,5370,,6,5,5,4203,0,0,0,,0,001,"PITOS ST","SOUTH SALINAS",15.00,W,N,C,-,N,,,,,,,,,,Y,4,0,1,1,A,-,01,23152,A,N,A,I,A,B,H,-,C,D,0,,,,,Y,,-,,0,0,1,0,0,0,0,0,0,"- ","- ",,,"SANTA BARBARA","SANTA BARBARA",-119.66695324,34.422179380000003
8313299,2017,2017-06-27,4200,2017-01-23,1144,4608,6,1,5,2,4212,0,0,0,,0,,"RT 246","PARK RD",78.00,W,N,B,-,Y,SB,5,246,-,R,25.910,H,-,E,Y,3,0,2,2,A,-,09,21804,A,N,D,C,A,B,H,-,A,D,0,,,,,Y,,A,01,0,1,1,0,0,0,0,0,0,"- ","- ",,,"SANTA BARBARA",BUELLTON,-120.19579486000001,34.614197339999997
8314516,2017,2017-03-02,4200,2017-02-16,0849,3116,14,4,5,4,4214,0,0,0,,0,060,"HOLLISTER AV","ORANGE AV",46.00,E,N,A,-,N,,,,,,,,,,N,3,0,1,2,A,-,08,22107,,N,D,G,A,A,H,-,A,D,0,,Y,,,Y,,A,01,0,1,0,0,0,0,1,0,0,"- ","- ",,,"SANTA BARBARA",GOLETA,-119.82890809,34.435989419999999
8315375,2017,2017-03-13,4202,2017-02-10,1758,20976,,5,5,4,4202,0,0,0,,0,,"H ST","MAPLE AV",171.00,N,N,C,-,N,,,,,,,,,,Y,3,0,1,3,A,-,03,22350,,N,C,C,A,B,H,-,C,A,0,,,,,Y,,A,01,0,1,0,0,0,0,0,0,0,"- ","- ",,,"SANTA BARBARA",LOMPOC,-120.45780999999999,34.645889629999999
8315852,2017,2017-03-07,4202,2017-02-10,1936,239,LOMPO,5,5,4,4202,0,0,0,,0,011,"E ST","MAPLE AV",0.00,,Y,B,C,N,,,,,,,,,,N,2,0,2,3,A,-,03,22350,,N,G,B,D,B,G,-,C,A,0,Y,,,,Y,,A,07,2,0,0,0,2,0,0,0,0,"- ","- ",,,"SANTA BARBARA",LOMPOC,-120.45398994999999,34.645400029999998
8316774,2017,2017-06-27,4204,2017-02-09,1347,90139,74,4,5,5,4204,0,0,0,,0,003,BROADWAY,"CARMEN LN",0.00,,Y,A,-,Y,SB,5,135,-,-,13.800,H,-,N,Y,4,0,1,2,A,-,03,22350,,N,C,C,A,A,H,-,A,A,0,,,,Y,Y,,A,08,0,0,1,0,0,0,0,0,0,"- ","- ",34.924819999999997,-120.43604999999999,"SANTA BARBARA","SANTA MARIA",-120.43593478,34.924671099999998
8297472,2017,2017-02-15,4203,2017-02-04,0212,6577,4203,6,5,5,4203,0,0,0,,0,005,"ALAMAR AV","CHAPALA ST",95.00,E,N,A,-,N,,,,,,,,,,Y,3,0,1,2,A,-,01,23152,A,M,E,E,A,A,H,-,C,D,0,,,,,Y,Y,A,01,0,1,0,0,0,0,0,0,0,"- ","- ",34.436549999999997,-119.72479,"SANTA BARBARA","SANTA BARBARA",-119.72472,34.436349999999997
8298186,2017,2017-02-15,4200,2017-01-29,1127,3083,14,7,5,4,4214,0,0,0,,0,080,"HOLLISTER AV","STORKE RD",0.00,,Y,A,-,N,,,,,,,,,,Y,3,0,2,2,A,-,12,21453,A,N,D,C,A,-,H,-,A,A,0,,,,,Y,,A,01,0,2,0,0,0,0,0,0,0,"- ","- ",,,"SANTA BARBARA",GOLETA,-119.86974995,34.430100090000003
8298190,2017,2017-02-15,4200,2017-02-03,1030,3116,14,5,5,4,4214,0,0,0,,0,060,"HOLLISTER AV","KELLOGG AV",110.00,W,N,C,-,N,,,,,,,,,,N,4,0,2,2,A,-,03,22350,,N,C,C,A,B,H,-,A,D,0,,,,,Y,,D,22,0,0,2,0,0,0,0,0,0,"- ","- ",,,"SANTA BARBARA",GOLETA,-119.82091192999999,34.435773810000001
8298340,2017,2017-02-16,4200,2017-01-19,2035,4974,,4,5,4,4214,0,0,0,,0,080,"HOLLISTER AV","STORKE RD",46.00,W,N,A,-,N,,,,,,,,,,N,3,0,1,2,A,-,17,21461,A,N,B,G,A,A,H,-,C,A,0,,Y,,,Y,,A,01,0,1,0,0,0,0,1,0,0,"- ","- ",,,"SANTA BARBARA",GOLETA,-119.86990229,34.430094250000003
8325858,2017,2017-03-22,4203,2017-03-02,1628,7897,73,4,5,5,4203,0,0,0,,0,001,"ALAMEDA PADRE SERRA","EUCALYPTUS HILL RD",0.00,,Y,A,-,N,,,,,,,,,,Y,4,0,1,2,A,-,09,21801,A,N,-,C,A,A,H,-,A,A,0,,,,,Y,,A,01,0,0,1,0,0,0,0,0,0,"- ","- ",34.431629999999998,-119.66904,"SANTA BARBARA","SANTA BARBARA",-119.6690399,34.431630040000002
8325862,2017,2017-03-22,4203,2017-03-04,1256,6968,15,6,5,5,4203,0,0,0,,0,002,"CLIFF DR","LOMA ALTA DR",770.00,W,N,A,-,N,,,,,,,,,,Y,3,0,3,2,A,-,01,23152,,N,D,C,A,A,H,-,A,D,0,,,,,Y,,-,,0,1,2,0,0,0,0,0,0,"- ","- ",,,"SANTA BARBARA","SANTA BARBARA",-119.70368334,34.405387990000001
8325866,2017,2017-03-22,4203,2017-03-05,2126,2520,4203,7,5,5,4203,0,0,0,,0,006,"CARRILLO ST","FIGUEROA ST",0.00,,Y,A,-,N,,,,,,,,,,Y,4,0,1,1,A,-,01,23152,,M,E,I,A,A,H,-,C,D,0,,,,,Y,Y,-,,0,0,1,0,0,0,0,0,0,"- ","- ",34.2453,-119.42400000000001,"SANTA BARBARA","SANTA BARBARA",-119.71157989,34.414720070000001
8326870,2017,2017-03-27,4202,2017-02-19,2126,239,LOMPO,7,5,4,4202,0,0,0,,0,015,"A ST","CHESTNUT AV",0.00,,Y,B,C,N,,,,,,,,,,Y,3,0,2,2,A,-,09,21802,A,N,D,C,A,B,H,-,C,A,0,,,,,Y,,A,01,0,1,1,0,0,0,0,0,0,"- ","- ",,,"SANTA BARBARA",LOMPOC,-120.44897999,34.64215007
8326899,2017,2017-06-27,4202,2017-02-23,1025,292,,4,5,4,4202,0,0,0,,0,,"H ST","OAK AV",159.00,N,N,A,-,Y,SB,5,1,-,-,21.480,H,-,S,N,3,0,1,2,A,-,11,21954,A,N,G,B,-,A,H,-,A,A,0,Y,,,,Y,,N,60,0,1,0,0,0,0,0,0,0,"- ","- ",,,"SANTA BARBARA",LOMPOC,-120.45780889,34.652262
8326903,2017,2017-03-17,4202,2017-03-01,0749,32104,LLOMP,3,5,4,4202,0,0,0,,0,,"A ST","BARTON AV",123.00,N,N,A,-,N,,,,,,,,,,N,4,0,1,2,A,-,21,22106,,N,B,C,A,A,H,-,A,D,0,,,,,Y,,A,01,0,0,1,0,0,0,0,0,0,"- ","- ",,,"SANTA BARBARA",LOMPOC,-120.44889000000001,34.657407859999999
8326907,2017,2017-06-27,4202,2017-02-25,2306,0080,LOMPO,6,5,4,4202,0,0,0,,0,,"H ST","NORTH AV",12.00,N,N,B,-,Y,SB,5,1,-,-,21.560,H,-,N,N,4,0,1,2,A,-,11,21954,A,N,G,B,-,B,H,-,C,A,0,Y,,,,Y,Y,N,60,0,0,1,0,1,0,0,0,0,"- ","- ",,,"SANTA BARBARA",LOMPOC,-120.45768725000001,34.653411699999999
8317036,2017,2017-03-02,4204,2017-02-16,2111,90342,49,4,5,5,4204,0,0,0,,0,002,"PALISADE DR","DAN CT",30.00,N,N,C,-,N,,,,,,,,,,Y,3,0,1,2,A,-,01,23152,A,N,C,E,A,B,H,-,C,D,0,,,,,Y,Y,A,01,0,1,0,0,0,0,0,0,0,"- ","- ",,,"SANTA BARBARA","SANTA MARIA",-120.41294324,34.949041029999997
8317604,2017,2017-03-06,4203,2017-02-19,1838,23889,4203,7,5,5,4203,0,0,0,,0,004,"DE LA VINA","W MISSION ST",0.00,,Y,C,-,N,,,,,,,,,,N,2,0,3,2,A,-,12,21453,A,N,D,C,A,B,H,-,C,A,0,,,,,Y,,-,,1,0,2,0,0,0,0,0,0,"- ","- ",34.254300000000001,-119.43000000000001,"SANTA BARBARA","SANTA BARBARA",-119.71695988,34.428730020000003
8317645,2017,2017-03-08,4204,2017-02-21,0736,22113,,2,5,5,4204,0,0,0,,0,,"FESLER ST","THORNBURG ST",0.00,,Y,C,-,N,,,,,,,,,,Y,4,0,3,2,A,-,09,21802,A,N,D,C,A,B,H,-,A,A,0,,,,,Y,,A,07,0,0,3,0,0,0,0,0,0,"- ","- ",34.956600000000002,-120.44023,"SANTA BARBARA","SANTA MARIA",-120.4403099,34.956510049999999
8317822,2017,2017-06-27,4204,2017-02-23,1326,22113,40,4,5,5,4204,0,0,0,,0,002,"MAIN ST","BRADLEY RD",75.00,W,N,A,-,Y,SB,5,166,-,-,8.880,H,-,E,N,4,0,3,3,A,-,03,22350,,F,C,C,A,A,H,-,A,A,0,,,,,Y,,D,22,0,0,3,0,0,0,0,0,0,"- ","- ",34.95317,-120.41808,"SANTA BARBARA","SANTA MARIA",-120.41828345,34.952969320000001
8318463,2017,2017-03-14,4204,2017-02-23,1816,19527,060,4,5,5,4204,0,0,0,,0,,"STOWELL RD","BLOSSER RD",22.00,E,N,A,-,N,,,,,,,,,,Y,3,0,1,1,A,-,08,22107,,N,E,I,A,A,H,-,C,A,0,,,,,Y,,A,07,0,1,0,0,0,0,0,0,0,"- ","- ",34.939079999999997,-120.45375,"SANTA BARBARA","SANTA MARIA",-120.45382662,34.938780000000001
8318489,2017,2017-06-27,4204,2017-02-23,1905,90269,51,4,5,5,4204,0,0,0,,0,002,BROADWAY,"BOONE ST",40.00,S,N,A,-,Y,SB,5,135,-,-,15.350,H,-,S,Y,4,0,1,2,A,-,01,23152,E,N,E,I,F,A,H,-,C,D,0,Y,,,,Y,,A,01,0,0,1,0,1,0,0,0,0,"- ","- ",34.947180000000003,-120.43616,"SANTA BARBARA","SANTA MARIA",-120.43603874999999,34.946993650000003
8318501,2017,2017-06-27,4204,2017-02-23,1508,19527,036,4,5,5,4204,0,0,0,,0,002,"MAIN ST","COLLEGE DR",100.00,W,N,A,-,Y,SB,5,166,-,-,8.490,H,-,E,N,4,0,1,2,A,-,21,22106,,N,C,C,A,A,H,-,A,D,0,,,,,Y,,A,01,0,0,1,0,0,0,0,0,0,"- ","- ",34.952930000000002,-120.42484,"SANTA BARBARA","SANTA MARIA",-120.42508062,34.953069229999997
8318954,2017,2017-03-01,4200,2017-01-22,1756,4779,14,7,5,4,4214,0,0,0,,0,060,"DEARBORN PL","HOLLISTER AV",0.00,,Y,C,-,N,,,,,,,,,,N,4,0,1,2,D,-,00,,,N,G,B,B,B,H,-,C,A,0,Y,,,,Y,,-,"- ",0,0,1,0,1,0,0,0,0,"- ","- ",,,"SANTA BARBARA",GOLETA,-119.81868998,34.435490090000002
8319032,2017,2017-02-27,4203,2017-02-17,0209,6973,,5,5,5,4203,0,0,0,,0,003,"STATE ST","HALEY ST",162.00,S,N,C,-,N,,,,,,,,,,N,3,0,1,2,A,-,02,21654,A,N,D,B,D,B,H,-,C,A,0,Y,,,,Y,Y,N,60,0,1,0,0,1,0,0,0,0,"- ","- ",,,"SANTA BARBARA","SANTA BARBARA",-119.69512093,34.416512300000001
8319036,2017,2017-02-27,4203,2017-02-17,1858,1959,,5,5,5,4203,0,0,0,,0,006,"SAN PASCUAL ST","MISSION ST",175.00,S,N,C,-,N,,,,,,,,,,N,2,0,1,2,D,-,00,,,F,A,B,D,B,H,-,C,A,0,Y,,,,Y,,-,"- ",1,0,0,0,1,0,0,0,0,"- ","- ",34.252679999999998,-119.48152,"SANTA BARBARA","SANTA BARBARA",-119.72091690000001,34.424170510000003
8319537,2017,2017-03-09,4202,2017-01-16,0813,265,,1,5,4,4202,0,0,0,,0,4202,"COLLEGE AV","D ST",51.00,E,N,A,-,N,,,,,,,,,,Y,4,0,1,2,A,-,03,22350,,N,C,C,A,A,H,-,A,D,0,,,,Y,Y,,A,01,0,0,1,0,0,0,0,0,0,"- ","- ",,,"SANTA BARBARA",LOMPOC,-120.45254056,34.646966059999997
8307507,2017,2017-03-17,4203,2017-02-27,1407,4937,,1,5,5,4203,0,0,0,,0,004,"DE LA VINA ST","FIGUEROA ST",0.00,,Y,A,-,N,,,,,,,,,,Y,3,0,1,2,B,-,22,,,N,-,C,A,A,H,-,A,A,0,,,,,Y,,J,49,0,1,0,0,0,0,0,0,0,"- ","- ",34.420200000000001,-119.7054,"SANTA BARBARA","SANTA BARBARA",-119.70544991,34.420300089999998
8308261,2017,2017-02-21,4204,2017-01-27,1858,90614,02,5,5,5,4204,0,0,0,,0,001,"HIDDEN PINES WY","BOXWOOD ST",0.00,,Y,A,-,N,,,,,,,,,,N,4,0,1,2,A,-,06,21750,,F,B,C,A,A,H,-,D,D,0,,,,,Y,,A,01,0,0,1,0,0,0,0,0,0,"- ","- ",34.98612,-120.44147,"SANTA BARBARA","SANTA MARIA",-120.44168994,34.985970109999997
8310257,2017,2017-03-02,4202,2017-02-11,2357,239,LOMPO,6,5,4,4202,0,0,0,,0,001,"MAPLE AV","N ST",60.00,W,N,B,-,N,,,,,,,,,,Y,2,0,1,4,A,-,01,23152,A,N,B,E,A,A,H,-,C,D,0,,,,,Y,,A,01,1,0,0,0,0,0,0,0,0,"- ","- ",,,"SANTA BARBARA",LOMPOC,-120.46564939,34.645496889999997
8310261,2017,2017-03-02,4202,2017-02-12,1814,,LOMPO,7,5,4,4202,0,0,0,,0,,"CYPRESS AV","S C ST",0.00,,Y,A,-,N,,,,,,,,,,N,4,0,1,2,A,-,01,23153,B,N,G,G,A,A,H,-,C,D,0,,Y,,,Y,Y,A,01,0,0,1,0,0,0,1,0,0,"- ","- ",,,"SANTA BARBARA",LOMPOC,-120.45158999,34.637260019999999
8337410,2017,2017-04-10,4203,2017-03-29,1527,5751,16,3,5,5,4203,0,0,0,,0,006,"MEIGS RD","CLIFF DR",133.00,E,N,A,-,N,,,,,,,,,,Y,2,0,1,2,A,-,06,21751,,N,D,C,A,A,H,-,A,D,0,,,,,Y,,D,22,1,0,0,0,0,0,0,0,0,"- ","- ",34.240659999999998,-119.4319,"SANTA BARBARA","SANTA BARBARA",-119.72194184,34.40190904
8337675,2017,2017-04-21,4203,2017-03-24,0200,6973,,5,5,5,4203,0,0,0,,0,001,"PITOS ST","SALINAS ST",129.00,W,N,A,-,N,,,,,,,,,,Y,3,0,2,6,A,-,01,23152,A,F,B,E,A,A,H,-,C,D,0,,,,,Y,Y,-,,0,2,0,0,0,0,0,0,0,"- ","- ",34.420999999999999,-119.667,"SANTA BARBARA","SANTA BARBARA",-119.66720587,34.421946699999999
8337679,2017,2017-04-10,4203,2017-03-25,1540,1584,61,6,5,5,4203,0,0,0,,0,001,"COTA ST","QUARANTINA ST",0.00,,Y,A,-,N,,,,,,,,,,Y,4,0,1,2,A,-,09,21801,A,N,D,C,A,A,H,-,A,A,0,,,,,Y,,-,,0,0,1,0,0,0,0,0,0,"- ","- ",34.253039999999999,-119.41198,"SANTA BARBARA","SANTA BARBARA",-119.68886989000001,34.425170080000001
8337822,2017,2017-04-10,4203,2017-03-23,1350,5751,51,4,5,5,4203,0,0,0,,0,005,"STATE ST","VERDE VISTA DR",228.00,S,-,A,-,N,,,,,,,,,,N,3,0,1,2,A,-,11,21950,B,N,G,B,E,A,H,-,A,D,0,Y,,,,Y,,N,60,0,1,0,0,1,0,0,0,0,"- ","- ",34.439689999999999,-119.72617,"SANTA BARBARA","SANTA BARBARA",-119.72692805,34.440244120000003
8337826,2017,2017-04-10,4203,2017-03-23,0020,23518,,4,5,5,4203,0,0,0,,0,006,"CLIFF DR","LAS POSITAS RD",1050.00,E,N,A,-,N,,,,,,,,,,N,2,0,1,1,A,-,01,21200,5,N,E,I,A,A,B,-,D,D,0,,Y,,,Y,,L,04,1,0,0,0,0,0,1,0,0,"- ","- ",34.241039999999998,-119.44164000000001,"SANTA BARBARA","SANTA BARBARA",-119.73576826,34.404967579999997
8338961,2017,2017-07-27,4203,2017-03-16,1240,5751,38,4,5,5,4203,0,0,0,,0,005,"LAS POSITAS RD","MCCAW AV",0.00,,Y,A,-,N,,,,,,,,,,Y,3,0,2,2,A,-,09,21801,A,N,D,C,A,A,H,-,A,D,0,,,,,Y,,A,07,0,1,1,0,0,0,0,0,0,"- ","- ",34.438549999999999,-119.73399000000001,"SANTA BARBARA","SANTA BARBARA",-119.73393987999999,34.438530030000003
8339015,2017,2017-07-27,4203,2017-03-14,1544,5751,15,2,5,5,4203,0,0,0,,0,002,"LOMA ALTA DR","CLIFF DR",481.00,S,N,A,-,N,,,,,,,,,,N,2,0,1,2,A,-,10,21952,,N,G,B,F,A,H,-,A,D,0,Y,,,,Y,,A,01,1,0,0,0,1,0,0,0,0,"- ","- ",34.405610000000003,-119.69898999999999,"SANTA BARBARA","SANTA BARBARA",-119.70022484,34.405821639999999
8326911,2017,2017-03-17,4202,2017-02-28,1520,292,,2,5,4,4202,0,0,0,,0,,"D ST","AIRPORT AV",0.00,,Y,A,-,N,,,,,,,,,,Y,3,0,1,2,A,-,09,21801,A,N,A,C,A,A,H,-,A,A,0,,,Y,,Y,,A,07,0,1,0,0,0,0,0,0,1,"- ","- ",,,"SANTA BARBARA",LOMPOC,-120.45268994,34.648560080000003
8327368,2017,2017-06-27,4204,2017-02-12,1731,90365,83,7,5,5,4204,0,0,0,,0,003,BROADWAY,"STOWELL RD",0.00,,Y,A,-,Y,SB,5,135,-,-,14.770,H,-,N,N,4,0,1,2,A,-,03,22350,,F,C,C,A,A,H,-,A,A,0,,,,,Y,,-,,0,0,1,0,0,0,0,0,0,"- ","- ",34.938499999999998,-120.43595999999999,"SANTA BARBARA","SANTA MARIA",-120.43594269,34.938356970000001
8327370,2017,2017-03-20,4204,2017-03-04,0636,90622,75,6,5,5,4204,0,0,0,,0,003,"BRADLEY RD","HANCOCK AV",300.00,N,N,A,-,N,,,,,,,,,,Y,3,0,1,1,A,-,01,23152,A,M,E,I,A,A,H,-,A,D,0,,,,,Y,Y,A,01,0,1,0,0,0,0,0,0,0,"- ","- ",34.932850000000002,-120.41846,"SANTA BARBARA","SANTA MARIA",-120.41824472,34.933763990000003
8327374,2017,2017-03-20,4204,2017-03-03,1900,90228,40,5,5,5,4204,0,0,0,,0,002,"OAKLEY AV","CHURCH ST",0.00,,Y,A,-,N,,,,,,,,,,N,4,0,1,2,D,-,00,,,F,H,C,A,A,H,-,C,D,0,,,Y,,Y,,-,"- ",0,0,1,0,0,0,0,0,1,"- ","- ",34.952370000000002,-120.44717,"SANTA BARBARA","SANTA MARIA",-120.44711989,34.952130060000002