CASE_ID,ACCIDENT_YEAR,PROC_DATE,JURIS,COLLISION_DATE,COLLISION_TIME,OFFICER_ID,REPORTING_DISTRICT,DAY_OF_WEEK,CHP_SHIFT,POPULATION,CNTY_CITY_LOC,SPECIAL_COND,BEAT_TYPE,CHP_BEAT_TYPE,CITY_DIVISION_LAPD,CHP_BEAT_CLASS,BEAT_NUMBER,PRIMARY_RD,SECONDARY_RD,DISTANCE,DIRECTION,INTERSECTION,WEATHER_1,WEATHER_2,STATE_HWY_IND,CALTRANS_COUNTY,CALTRANS_DISTRICT,STATE_ROUTE,ROUTE_SUFFIX,POSTMILE_PREFIX,POSTMILE,LOCATION_TYPE,RAMP_INTERSECTION,SIDE_OF_HWY,TOW_AWAY,COLLISION_SEVERITY,NUMBER_KILLED,NUMBER_INJURED,PARTY_COUNT,PRIMARY_COLL_FACTOR,PCF_CODE_OF_VIOL,PCF_VIOL_CATEGORY,PCF_VIOLATION,PCF_VIOL_SUBSECTION,HIT_AND_RUN,TYPE_OF_COLLISION,MVIW,PED_ACTION,ROAD_SURFACE,ROAD_COND_1,ROAD_COND_2,LIGHTING,CONTROL_DEVICE,CHP_ROAD_TYPE,PEDESTRIAN_ACCIDENT,BICYCLE_ACCIDENT,MOTORCYCLE_ACCIDENT,TRUCK_ACCIDENT,NOT_PRIVATE_PROPERTY,ALCOHOL_INVOLVED,STWD_VEHTYPE_AT_FAULT,CHP_VEHTYPE_AT_FAULT,COUNT_SEVERE_INJ,COUNT_VISIBLE_INJ,COUNT_COMPLAINT_PAIN,COUNT_PED_KILLED,COUNT_PED_INJURED,COUNT_BICYCLIST_KILLED,COUNT_BICYCLIST_INJURED,COUNT_MC_KILLED,COUNT_MC_INJURED,PRIMARY_RAMP,SECONDARY_RAMP,LATITUDE,LONGITUDE,COUNTY,CITY,POINT_X,POINT_Y
8327389,2017,2017-03-20,4204,2017-03-08,1818,90620,40,3,5,5,4204,0,0,0,,0,002,"CYPRESS ST","BLOSSER RD",150.00,E,N,A,-,N,,,,,,,,,,Y,4,0,1,2,A,-,09,21801,A,N,A,C,A,A,H,-,D,D,0,,,,,Y,,A,01,0,0,1,0,0,0,0,0,0,"- ","- ",34.950719999999997,-120.45381999999999,"SANTA BARBARA","SANTA MARIA",-120.45324963,34.950805539999998
8327409,2017,2017-08-04,4204,2017-03-01,1603,22113,47,3,5,5,4204,0,0,0,,0,1603,"MAIN ST","BONITA RD",20.00,E,N,A,-,Y,SB,5,166,-,-,3.750,H,-,E,N,4,0,1,2,A,-,03,22350,,N,C,C,A,A,H,-,A,A,0,,,,,Y,,A,01,0,0,1,0,0,0,0,0,0,"- ","- ",34.957369999999997,-120.50796,"SANTA BARBARA","SANTA MARIA",-120.50836232,34.95695345
8327503,2017,2017-06-27,4200,2017-01-27,0324,4872,14,5,5,4,4214,0,0,0,,0,050,"PATTERSON AV","RT 101",0.00,,Y,A,-,Y,SB,5,101,-,-,21.540,R,4,S,Y,4,0,1,2,A,-,01,23152,F,F,D,C,A,A,H,-,C,A,0,,,,,Y,,A,01,0,0,1,0,0,0,0,0,0,"- ",SF,,,"SANTA BARBARA",GOLETA,-119.81512033999999,34.441071669999999
8327515,2017,2017-06-27,4200,2017-01-20,1756,4608,11,5,5,2,4212,0,0,0,,0,,"AVENUE OF FLAGS","DAMASSA RD",0.00,,Y,B,C,Y,SB,5,101,-,R,57.450,R,4,S,N,2,0,1,2,A,-,10,21950,A,N,G,B,B,B,H,-,D,D,0,Y,,,,Y,,A,01,1,0,0,0,1,0,0,0,0,"- ","- ",,,"SANTA BARBARA",BUELLTON,-120.18944436,34.616908989999999
8327562,2017,2017-03-27,4203,2017-03-10,1233,5751,36,5,5,5,4203,0,0,0,,0,005,"DE LA VINA ST","W PUEBLO ST",0.00,,Y,A,-,N,,,,,,,,,,Y,4,0,1,3,A,-,03,22350,,N,C,C,B,A,H,-,A,D,0,Y,,,,Y,,D,22,0,0,1,0,0,0,0,0,0,"- ","- ",34.431660000000001,-119.72069,"SANTA BARBARA","SANTA BARBARA",-119.72067991999999,34.431650040000001
8327975,2017,2017-03-24,4203,2017-03-09,1815,1436,,4,5,5,4203,0,0,0,,0,004,"CARRILLO ST","DE LA VINA ST",195.00,E,N,A,-,N,,,,,,,,,,N,3,0,1,2,A,-,11,21955,,N,A,B,D,A,H,-,B,A,0,Y,,,,Y,,N,60,0,1,0,0,1,0,0,0,0,"- ","- ",34.419980000000002,-119.70352,"SANTA BARBARA","SANTA BARBARA",-119.70371388,34.419752440000003
8327979,2017,2017-08-04,4203,2017-03-15,2015,24048,SANTA,3,5,5,4203,0,0,0,,0,006,"LAS POSITAS RD","RT 101",0.00,,Y,A,-,Y,SB,5,101,-,-,16.320,R,4,S,Y,4,0,1,2,A,-,00,21453,,N,B,C,A,A,H,-,C,A,0,,,,,Y,,A,01,0,0,1,0,0,0,0,0,0,"- ",SO,34.420000000000002,-119.73,"SANTA BARBARA","SANTA BARBARA",-119.72973184,34.427162189999997
8319680,2017,2017-03-09,4202,2017-02-15,1224,292,,3,5,4,4202,0,0,0,,0,,"WALNUT AV","4TH ST",160.00,E,N,A,-,N,,,,,,,,,,N,4,0,1,2,A,-,09,21804,A,N,D,C,A,A,H,-,A,A,0,,,,,Y,,A,01,0,0,1,0,0,0,0,0,0,"- ","- ",,,"SANTA BARBARA",LOMPOC,-120.44339827,34.640525680000003
8319773,2017,2017-03-09,4202,2017-01-25,0743,20976,,3,5,4,4202,0,0,0,,0,,"N J ST","LAUREL AV",186.00,S,N,A,-,N,,,,,,,,,,N,3,0,1,2,A,-,10,21952,,N,G,B,D,A,H,-,A,D,0,Y,,,,Y,,A,01,0,1,0,0,1,0,0,0,0,"- ","- ",,,"SANTA BARBARA",LOMPOC,-120.46041,34.643329090000002
8321142,2017,2017-06-27,4203,2017-02-27,1550,6983,,1,5,5,4203,0,0,0,,0,003,"GARDEN ST","GUTIERREZ ST",180.00,S,N,B,-,Y,SB,5,101,-,-,13.611,R,4,N,Y,4,0,2,2,A,-,03,22350,,N,C,C,A,A,H,-,A,A,0,,,,,Y,,-,,0,0,2,0,0,0,0,0,0,"- ","- ",,,"SANTA BARBARA","SANTA BARBARA",-119.69119275,34.417073010000003
8321198,2017,2017-06-27,4204,2017-02-28,1734,90614,04,2,5,5,4204,0,0,0,,0,001,BROADWAY,"TAYLOR ST",335.00,S,N,A,-,Y,SB,5,135,-,-,17.220,H,-,S,N,4,0,1,2,A,-,05,21650,1,N,H,G,A,A,H,-,A,D,0,,Y,,,Y,,L,04,0,0,1,0,0,0,1,0,0,"- ","- ",34.974989999999998,-120.43567,"SANTA BARBARA","SANTA MARIA",-120.43566443,34.974086550000003
8321205,2017,2017-03-13,4204,2017-02-23,1900,90137,36,4,5,5,4204,0,0,0,,0,002,"CHAPEL ST","CONCEPCION AV",0.00,,Y,A,-,N,,,,,,,,,,N,4,0,1,2,A,-,10,21950,A,F,G,B,B,A,H,-,C,D,0,Y,,,,Y,,A,01,0,0,1,0,1,0,0,0,0,"- ","- ",34.953989999999997,-120.42263,"SANTA BARBARA","SANTA MARIA",-120.42266995,34.954260069999997
8321253,2017,2017-04-03,4204,2017-02-18,1400,90274,82,6,5,5,4204,0,0,0,,0,003,"BETTERAVIA RD","MILLER ST",540.00,W,N,C,-,N,,,,,,,,,,Y,4,0,3,2,A,-,12,21457,A,N,D,C,A,B,H,-,A,A,0,,,,,Y,,-,"- ",0,0,3,0,0,0,0,0,0,"- ","- ",34.922350000000002,-120.43127,"SANTA BARBARA","SANTA MARIA",-120.43283058999999,34.921832520000002
8321257,2017,2017-03-13,4204,2017-02-20,1540,90274,60,1,5,5,4204,0,0,0,,0,003,"PERSHING ST","RUSSELL AV",170.00,W,N,A,-,N,,,,,,,,,,N,4,0,1,2,A,-,09,21802,B,N,D,C,A,B,H,-,A,A,0,,,,,Y,,A,01,0,0,1,0,0,0,0,0,0,"- ","- ",34.940950000000001,-120.45291,"SANTA BARBARA","SANTA MARIA",-120.45309703,34.941074399999998
8321313,2017,2017-03-10,4203,2017-02-23,1328,3849,3,4,5,5,4203,0,0,0,,0,003,"ANACAPA ST","ORTEGA ST",0.00,,Y,A,-,N,,,,,,,,,,N,2,0,1,1,C,-,18,,,N,-,A,A,A,A,-,A,A,0,,Y,,,Y,,-,"- ",1,0,0,0,0,0,1,0,0,"- ","- ",34.419699999999999,-119.6969,"SANTA BARBARA","SANTA BARBARA",-119.69687988,34.419780070000002
8322194,2017,2017-08-04,4200,2017-03-03,1156,4950,6,5,5,2,4206,0,0,0,,0,010,"MISSION DR","ALISAL RD",273.00,E,N,A,-,Y,SB,5,246,-,-,29.710,H,-,W,Y,3,0,1,2,A,-,03,22350,,N,C,C,A,A,H,-,A,D,0,,,,,Y,,A,01,0,1,0,0,0,0,0,0,0,"- ","- ",,,"SANTA BARBARA",SOLVANG,-120.13716354,34.595971319999997
8322198,2017,2017-03-22,4203,2017-03-08,0905,23133,,3,5,5,4203,0,0,0,,0,001,"OLIVE ST","DONZE ST",0.00,,Y,A,-,N,,,,,,,,,,Y,4,0,1,2,A,-,08,22107,,N,A,C,A,A,H,-,A,D,0,,,,,Y,,-,,0,0,1,0,0,0,0,0,0,"- ","- ",34.429110000000001,-119.69946,"SANTA BARBARA","SANTA BARBARA",-119.69941995000001,34.429180029999998
8322202,2017,2017-03-22,4203,2017-03-06,1254,23094,,1,5,5,4203,0,0,0,,0,006,"SAN PASCUAL ST","W PEDREGOSA ST",0.00,,Y,A,-,N,,,,,,,,,,N,3,0,1,2,A,-,05,21752,D,N,D,C,A,A,H,-,A,D,0,,,,,Y,,-,,0,1,0,0,0,0,0,0,0,"- ","- ",34.4236,-119.72020000000001,"SANTA BARBARA","SANTA BARBARA",-119.72012994000001,34.423590050000001
8339236,2017,2017-08-04,4204,2017-03-23,0207,90269,17,4,5,5,4204,0,0,0,,0,003,"DONOVAN RD",BRADLEY,700.00,E,N,A,-,Y,SB,5,101,-,-,89.810,R,4,S,Y,4,0,1,1,A,-,01,23152,A,N,E,I,A,A,H,-,C,D,0,,,,,Y,Y,A,01,0,0,1,0,0,0,0,0,0,"- ","- ",,,"SANTA BARBARA","SANTA MARIA",-120.42409146,34.969198710000001
8339244,2017,2017-08-04,4204,2017-03-21,0926,90139,,2,5,5,4204,0,0,0,,0,,"MAIN ST","REGAL DR",0.00,,Y,C,-,Y,SB,5,166,-,-,8.710,I,5,W,N,4,0,1,1,C,-,18,,,N,E,I,A,B,G,-,A,D,0,,,,,Y,,-,"- ",0,0,1,0,0,0,0,0,0,"- ","- ",34.953299999999999,-120.42144999999999,"SANTA BARBARA","SANTA MARIA",-120.42124594000001,34.953112040000001
8339629,2017,2017-04-05,4204,2017-03-09,1142,90081,58,4,5,5,4204,0,0,0,,0,002,"MILLER ST","CAMINO COLEGIO",0.00,,Y,A,-,N,,,,,,,,,,Y,4,0,1,3,A,-,08,22107,,N,B,C,A,A,H,-,A,A,0,,,,,Y,,A,07,0,0,1,0,0,0,0,0,0,"- ","- ",34.941609999999997,-120.43138,"SANTA BARBARA","SANTA MARIA",-120.43152996000001,34.941680069999997
8339633,2017,2017-04-05,4204,2017-03-25,1236,90274,75,6,5,5,4204,0,0,0,,0,003,"BATTLES RD","MCCLELLAND ST",0.00,,Y,A,-,N,,,,,,,,,,Y,4,0,2,2,A,-,09,21802,B,N,D,C,A,A,H,-,A,A,0,,,,,Y,,A,01,0,0,2,0,0,0,0,0,0,"- ","- ",34.931469999999997,-120.43507,"SANTA BARBARA","SANTA MARIA",-120.43489993,34.931470099999999
8339640,2017,2017-04-06,4204,2017-03-20,1255,90276,58,1,5,5,4204,0,0,0,,0,B03,"MILLER ST","PLAZA DR",0.00,,Y,A,-,N,,,,,,,,,,Y,3,0,1,2,A,-,09,21801,A,N,A,C,A,A,H,-,A,D,0,,,,,Y,,D,22,0,1,0,0,0,0,0,0,0,"- ","- ",34.937309999999997,-120.43162,"SANTA BARBARA","SANTA MARIA",-120.43158988,34.937350080000002
8339937,2017,2017-04-10,4200,2017-03-21,2126,4776,14,2,5,4,4214,0,0,0,,0,060,"STORKE RD","HOLLISTER AV",150.00,S,N,A,-,N,,,,,,,,,,N,4,0,1,2,A,-,03,22350,,F,C,C,A,B,H,-,C,D,0,,,,,Y,,D,22,0,0,1,0,0,0,0,0,0,"- ","- ",,,"SANTA BARBARA",GOLETA,-119.86978999999999,34.429689510000003
8340157,2017,2017-04-10,4204,2017-03-27,0928,19527,028,1,5,5,4204,0,0,0,,0,001,"MILLER ST","HERMOSA ST",90.00,S,N,A,-,N,,,,,,,,,,Y,4,0,1,2,A,-,09,21804,A,N,D,C,A,A,H,-,A,D,0,,,,,Y,,A,01,0,0,1,0,0,0,0,0,0,"- ","- ",34.959479999999999,-120.43138999999999,"SANTA BARBARA","SANTA MARIA",-120.4313772,34.959302870000002
8340212,2017,2017-04-06,4200,2017-03-20,1703,4776,14,1,5,4,4214,0,0,0,,0,080,"CATHEDRAL OAKS RD","KING DANIEL LN",164.00,E,N,A,-,N,,,,,,,,,,Y,4,0,1,1,A,-,03,22350,,N,A,I,A,A,H,-,A,D,0,,,,,Y,,A,01,0,0,1,0,0,0,0,0,0,"- ","- ",,,"SANTA BARBARA",GOLETA,-119.88521658000001,34.44163082
8340254,2017,2017-04-10,4203,2017-03-28,1146,23093,13,2,5,5,4203,0,0,0,,0,002,"WEST MONTECITO ST","CHAPALA ST",0.00,,Y,A,-,N,,,,,,,,,,Y,4,0,2,2,A,-,21,22106,,N,B,C,A,A,H,-,A,D,0,,,,,Y,,A,01,0,0,2,0,0,0,0,0,0,"- ","- ",34.413930000000001,-119.69395,"SANTA BARBARA","SANTA BARBARA",-119.69402995999999,34.413940080000003
8340543,2017,2017-04-10,4204,2017-03-29,1135,19527,088,3,5,5,4204,0,0,0,,0,003,"MILLER ST","BETTERAVIA RD",0.00,,Y,A,-,N,,,,,,,,,,N,4,0,1,3,A,-,03,22350,,N,C,C,A,A,H,-,A,A,0,,,,,Y,,A,01,0,0,1,0,0,0,0,0,0,"- ","- ",34.922350000000002,-120.43127,"SANTA BARBARA","SANTA MARIA",-120.43128989,34.922600070000001
8341428,2017,2017-04-19,4204,2017-03-22,1300,19527,034,3,5,5,4204,0,0,0,,0,002,"MAIN ST","PINE ST",0.00,,Y,B,-,N,,,166,,,,,,,N,3,0,1,2,A,-,08,22107,,F,D,G,A,A,H,-,A,D,0,,Y,,,Y,,A,01,0,1,0,0,0,0,1,0,0,"- ","- ",34.953200000000002,-120.4389,"SANTA BARBARA","SANTA MARIA",-120.43889925000001,34.953232710000002
8327983,2017,2017-03-24,4203,2017-03-14,1146,6700,43,2,5,5,4203,0,0,0,,0,001,"OLIVE ST","COTA ST",0.00,,Y,A,B,N,,,,,,,,,,N,3,0,1,2,A,-,09,21802,A,N,D,C,A,A,H,-,A,A,0,,,,,Y,,A,01,0,1,0,0,0,0,0,0,0,"- ","- ",34.42304,-119.69113,"SANTA BARBARA","SANTA BARBARA",-119.69110999,34.42308002
8327987,2017,2017-03-24,4203,2017-03-16,0759,7169,,4,5,5,4203,0,0,0,,0,006,"SAN ANDRES ST","W CARRILLO ST",0.00,,Y,A,-,N,,,,,,,,,,N,4,0,1,2,A,-,00,21453,,N,H,G,A,A,H,-,A,A,0,,Y,,,Y,,L,04,0,0,1,0,0,0,1,0,0,"- ","- ",34.414110000000001,-119.70921,"SANTA BARBARA","SANTA BARBARA",-119.71062990999999,34.414710059999997
8328440,2017,2017-03-29,4204,2017-03-12,2140,90375,82,7,5,5,4204,0,0,0,,0,003,"BETTERAVIA RD","CENTERPOINTE PKWY",0.00,,Y,A,-,N,,,,,,,,,,Y,4,0,1,2,A,-,01,23152,A,N,D,C,A,A,H,-,C,A,0,,,,Y,Y,Y,A,01,0,0,1,0,0,0,0,0,0,"- ","- ",34.923310000000001,-120.4289,"SANTA BARBARA","SANTA MARIA",-120.42889999000001,34.923500019999999
8328444,2017,2017-08-04,4204,2017-03-13,1149,22113,43,1,5,5,4204,0,0,0,,0,002,BROADWAY,"COOK ST",145.00,N,N,A,-,Y,SB,5,135,-,-,15.580,H,-,S,N,4,0,2,3,A,-,03,22350,,N,C,C,A,A,H,-,A,A,0,,,,,Y,,D,22,0,0,2,0,0,0,0,0,0,"- ","- ",34.9499,-120.43597,"SANTA BARBARA","SANTA MARIA",-120.43598912,34.95028267
8328977,2017,2017-03-27,4203,2017-03-16,1358,6700,56,4,5,5,4203,0,0,0,,0,005,"STATE ST","HOPE AV",0.00,,Y,A,-,N,,,,,,,,,,N,3,0,1,2,A,-,05,21650,1,N,H,G,A,A,H,-,A,A,0,,Y,,,Y,,L,04,0,1,0,0,0,0,1,0,0,"- ","- ",34.440350000000002,-119.74663,"SANTA BARBARA","SANTA BARBARA",-119.74671999,34.440480039999997
8329095,2017,2017-03-27,4203,2017-03-18,2018,3197,,6,5,5,4203,0,0,0,,0,003,"ANAPAMU ST","NOPAL ST",54.00,W,N,A,-,N,,,,,,,,,,N,2,0,1,2,A,-,05,21650,,N,A,E,A,A,H,-,C,D,0,,,,,Y,,-,,1,0,0,0,0,0,0,0,0,"- ","- ",,,"SANTA BARBARA","SANTA BARBARA",-119.69560953,34.431679670000001
8329604,2017,2017-08-04,4203,2017-03-18,2009,7187,,6,5,5,4203,0,0,0,,0,002,"CASTILLO ST","RT 101",20.00,N,N,A,-,Y,SB,5,101,-,R,14.350,R,4,S,N,3,0,1,1,A,-,03,22350,,N,F,J,A,B,H,-,C,D,0,,Y,,,Y,,L,04,0,1,0,0,0,0,1,0,0,"- ",SF,34.412030000000001,-119.69911,"SANTA BARBARA","SANTA BARBARA",-119.70222763,34.412559000000002
8329608,2017,2017-08-04,4203,2017-03-20,0850,3626,,1,5,5,4203,0,0,0,,0,002,"S MILPAS ST","RT 101",0.00,,Y,B,-,Y,SB,5,101,-,-,12.859,R,1,S,N,4,0,1,2,A,-,10,21950,A,N,G,B,B,A,H,-,A,A,0,Y,,,,Y,,A,01,0,0,1,0,1,0,0,0,0,"- ",SF,34.420110000000001,-119.67702,"SANTA BARBARA","SANTA BARBARA",-119.67900561,34.420157459999999
8329612,2017,2017-03-29,4203,2017-03-17,1042,5751,38,5,5,5,4203,0,0,0,,0,005,"LAS POSITAS RD","BALDWIN RD",152.00,N,N,A,-,N,,,,,,,,,,N,4,0,1,2,A,-,03,22350,,N,C,C,A,A,H,-,A,D,0,,,,,Y,,A,01,0,0,1,0,0,0,0,0,0,"- ","- ",34.430639999999997,-119.73362,"SANTA BARBARA","SANTA BARBARA",-119.73362629,34.430647190000002
8329616,2017,2017-03-29,4203,2017-03-21,1211,6700,54,2,5,5,4203,0,0,0,,0,005,"CALLE REAL","HOPE AV",512.00,W,N,B,C,N,,,,,,,,,,Y,4,0,1,2,A,-,09,21804,A,N,D,C,A,B,H,-,A,B,0,,,,,Y,,A,01,0,0,1,0,0,0,0,0,0,"- ","- ",34.435139999999997,-119.74914,"SANTA BARBARA","SANTA BARBARA",-119.74906487,34.434989059999999
8329620,2017,2017-03-29,4203,2017-03-20,1026,3510,,1,5,5,4203,0,0,0,,0,004,"W MISSION ST","DE LA VINA ST",10.00,E,N,A,B,N,,,,,,,,,,N,4,0,1,2,A,-,03,22350,,N,C,C,A,A,H,-,A,A,0,,,,,Y,,A,01,0,0,1,0,0,0,0,0,0,"- ","- ",34.429780000000001,-119.71579,"SANTA BARBARA","SANTA BARBARA",-119.71694055,34.428752230000001
8322206,2017,2017-03-22,4203,2017-03-06,1218,4937,,1,5,5,4203,0,0,0,,0,005,"STATE ST","LAS POSITAS",0.00,,Y,A,-,N,,,,,,,,,,Y,2,0,1,2,A,-,09,21801,A,F,A,C,A,A,H,-,A,A,0,,,Y,,Y,,A,01,1,0,0,0,0,0,0,0,1,"- ","- ",34.262500000000003,-119.44029999999999,"SANTA BARBARA","SANTA BARBARA",-119.73423986,34.440360069999997
8323151,2017,2017-06-27,4204,2017-02-21,1146,90081,57,2,5,5,4204,0,0,0,,0,002,BROADWAY,"PARK AV",18.00,S,N,B,-,Y,SB,5,135,-,-,15.180,I,5,S,Y,4,0,1,2,A,-,09,21801,A,N,D,C,A,B,H,-,A,D,0,,,,,Y,,A,01,0,0,1,0,0,0,0,0,0,"- ","- ",34.944499999999998,-120.43576,"SANTA BARBARA","SANTA MARIA",-120.43606561999999,34.944504819999999
8323503,2017,2017-03-21,4204,2017-02-26,1427,90374,68,7,5,5,4204,0,0,0,,0,003,"MILLER ST","ENOS DR",0.00,,Y,A,-,N,,,,,,,,,,N,4,0,1,2,A,-,12,21453,A,N,D,C,A,A,H,-,A,A,0,,,,,Y,,A,01,0,0,1,0,0,0,0,0,0,"- ","- ",34.933970000000002,-120.43172,"SANTA BARBARA","SANTA MARIA",-120.43162998,34.934060070000001
8349384,2017,2017-06-01,4204,2017-04-11,1540,19527,082,2,5,5,4204,0,0,0,,0,003,"MILLER ST","BETTERAVIA RD",0.00,,Y,B,-,N,,,,,,,,,,N,4,0,1,2,A,-,10,21950,A,F,G,B,B,A,H,-,A,A,0,Y,,,,Y,,A,07,0,0,1,0,1,0,0,0,0,"- ","- ",,,"SANTA BARBARA","SANTA MARIA",-120.43128989,34.922600070000001
8349786,2017,2018-04-03,4203,2017-04-17,0856,6700,14,1,5,5,4203,0,0,0,,0,002,"CASTILLO ST","RT 101",0.00,,Y,B,-,Y,SB,5,101,-,R,14.340,R,4,S,Y,4,0,2,2,A,-,03,22350,,N,D,C,A,B,A,-,A,A,0,,,,,Y,,D,22,0,0,2,0,0,0,0,0,0,"- ",SF,34.411900000000003,-119.69889000000001,"SANTA BARBARA","SANTA BARBARA",-119.70202696,34.412495569999997
8349844,2017,2017-05-02,4203,2017-04-12,0951,7774,,3,5,5,4203,0,0,0,,0,002,"S MILPAS ST","CACIQUE ST",0.00,,Y,A,-,N,,,,,,,,,,N,4,0,1,2,A,-,08,22107,,N,B,G,A,A,H,-,A,A,0,,Y,,,Y,,-,,0,0,1,0,0,0,1,0,0,"- ","- ",34.251100000000001,-119.40351,"SANTA BARBARA","SANTA BARBARA",-119.67634997,34.419770040000003
8349848,2017,2017-05-02,4203,2017-04-14,0030,23135,SBSC,5,5,5,4203,0,0,0,,0,003,"STATE ST","MISSION ST",0.00,,Y,A,-,N,,,,,,,,,,Y,2,0,1,2,A,-,09,21801,A,N,D,C,A,A,H,-,C,A,0,,,,,Y,,-,,1,0,0,0,0,0,0,0,0,"- ","- ",34.430819999999997,-119.71473,"SANTA BARBARA","SANTA BARBARA",-119.71470997,34.430830010000001
8349852,2017,2017-05-02,4203,2017-04-12,1100,1584,75,3,5,5,4203,0,0,0,,0,001,"TREMONTO RD","MISSION RIDGE RD",0.00,,Y,A,-,N,,,,,,,,,,N,4,0,1,2,D,-,00,,,F,B,G,A,-,H,-,A,A,0,,Y,,,Y,,-,"- ",0,0,1,0,0,0,1,0,0,"- ","- ",34.262639999999998,-119.42265999999999,"SANTA BARBARA","SANTA BARBARA",-119.70733998,34.440620090000003
8349856,2017,2017-05-02,4203,2017-04-13,1655,24093,,4,5,5,4203,0,0,0,,0,001,"N MILPAS ST","MASON ST",12.00,N,N,A,-,N,,,,,,,,,,N,4,0,1,2,A,-,03,22350,,F,C,C,A,A,H,-,A,A,0,,,,,Y,,-,,0,0,1,0,0,0,0,0,0,"- ","- ",34.252499999999998,-119.404,"SANTA BARBARA","SANTA BARBARA",-119.68020047,34.42258116
8349860,2017,2017-05-09,4203,2017-04-14,2223,6577,4203,5,5,5,4203,0,0,0,,0,004,"W MICHELTORENA ST","BATH ST",200.00,E,N,A,-,N,,,,,,,,,,N,2,0,1,1,B,-,22,,,N,H,I,A,A,H,-,D,D,0,,Y,,,Y,,-,"- ",1,0,0,0,0,0,1,0,0,"- ","- ",34.423299999999998,-119.71142,"SANTA BARBARA","SANTA BARBARA",-119.71120535999999,34.423434520000001
8349862,2017,2017-05-02,4204,2017-04-23,1136,90373,13,7,5,5,4204,0,0,0,,0,001,"BENWILEY AV","MCELHANY AV",345.00,N,N,A,-,N,,,,,,,,,,Y,4,0,3,2,A,-,21,22106,,N,D,C,A,A,H,-,A,D,0,,,,,Y,,A,01,0,0,3,0,0,0,0,0,0,"- ","- ",34.962510000000002,-120.44544,"SANTA BARBARA","SANTA MARIA",-120.44541675000001,34.96358755
8330247,2017,2017-04-03,4200,2017-03-07,0710,5053,10,2,5,3,4205,0,0,0,,0,040,"CARPINTERIA AV","CRAMER RD",2.00,E,N,A,-,N,,,,,,,,,,N,4,0,1,2,A,-,00,28201,A,N,D,C,A,A,H,-,A,D,0,,,,,Y,,-,,0,0,1,0,0,0,0,0,0,"- ","- ",,,"SANTA BARBARA",CARPINTERIA,-119.5280734,34.401889490000002
8330251,2017,2017-04-03,4200,2017-03-21,0756,3686,14,2,5,4,4214,0,0,0,,0,080,"SANTA FELICIA DR","HOLLISTER AV",0.00,,Y,B,C,N,,,,,,,,,,N,3,0,1,2,A,-,09,21802,A,N,D,G,A,B,H,-,A,D,0,,Y,,,Y,,A,07,0,1,0,0,0,0,1,0,0,"- ","- ",,,"SANTA BARBARA",GOLETA,-119.87589991,34.430120019999997
8331282,2017,2017-07-27,4203,2017-03-28,0905,5751,51,2,5,5,4203,0,0,0,,0,005,"TREASURE DR","CRESCENT AV",80.00,S,N,A,-,N,,,,,,,,,,N,4,0,1,2,A,-,21,22106,,N,C,C,A,A,H,-,A,D,0,,,,,Y,,D,22,0,0,1,0,0,0,0,0,0,"- ","- ",34.428100000000001,-119.72964,"SANTA BARBARA","SANTA BARBARA",-119.72971406000001,34.428222470000001
8332465,2017,2017-03-29,4204,2017-03-15,1732,90268,26,3,5,5,4204,0,0,0,,0,001,"RAILROAD AV","EL CAMINO ST",0.00,,Y,A,-,N,,,,,,,,,,N,4,0,1,2,A,-,03,22350,,N,C,C,A,A,H,-,A,D,0,,,,,Y,,D,22,0,0,1,0,0,0,0,0,0,"- ","- ",34.958860000000001,-120.44464000000001,"SANTA BARBARA","SANTA MARIA",-120.44459992,34.958650110000001
8332732,2017,2017-04-06,4204,2017-03-17,0707,90619,78,5,5,5,4204,0,0,0,,0,003,"BETTERAVIA RD","MAHONEY RD",1500.00,E,N,A,-,N,,,,,,,,,,Y,2,0,1,3,A,-,03,22350,,N,C,C,A,A,H,-,B,D,0,,,,Y,Y,,A,08,1,0,0,0,0,0,0,0,0,"- ","- ",34.921210000000002,-120.47497,"SANTA BARBARA","SANTA MARIA",-120.46987845,34.920810000000003
8332736,2017,2017-04-05,4204,2017-03-20,1229,22113,59,1,5,5,4204,0,0,0,,0,003,"STOWELL RD","COLLEGE DR",180.00,E,N,A,-,N,,,,,,,,,,N,4,0,2,2,A,-,03,22350,,N,C,C,A,A,H,-,A,A,0,,,,,Y,,D,22,0,0,2,0,0,0,0,0,0,"- ","- ",34.938470000000002,-120.42487,"SANTA BARBARA","SANTA MARIA",-120.42427975,34.938379660000003
8332743,2017,2017-06-27,4202,2017-02-21,1818,,,2,5,4,4202,0,0,0,,0,,"RT 1","BRISA DEL MAR",937.00,S,N,A,-,Y,SB,5,1,-,-,22.920,H,-,N,Y,4,0,1,3,A,-,03,22350,,N,C,C,A,A,H,-,D,D,0,,,,,Y,,A,01,0,0,1,0,0,0,0,0,0,"- ","- ",,,"SANTA BARBARA",LOMPOC,-120.45721828000001,34.673107350000002