CASE_ID,ACCIDENT_YEAR,PROC_DATE,JURIS,COLLISION_DATE,COLLISION_TIME,OFFICER_ID,REPORTING_DISTRICT,DAY_OF_WEEK,CHP_SHIFT,POPULATION,CNTY_CITY_LOC,SPECIAL_COND,BEAT_TYPE,CHP_BEAT_TYPE,CITY_DIVISION_LAPD,CHP_BEAT_CLASS,BEAT_NUMBER,PRIMARY_RD,SECONDARY_RD,DISTANCE,DIRECTION,INTERSECTION,WEATHER_1,WEATHER_2,STATE_HWY_IND,CALTRANS_COUNTY,CALTRANS_DISTRICT,STATE_ROUTE,ROUTE_SUFFIX,POSTMILE_PREFIX,POSTMILE,LOCATION_TYPE,RAMP_INTERSECTION,SIDE_OF_HWY,TOW_AWAY,COLLISION_SEVERITY,NUMBER_KILLED,NUMBER_INJURED,PARTY_COUNT,PRIMARY_COLL_FACTOR,PCF_CODE_OF_VIOL,PCF_VIOL_CATEGORY,PCF_VIOLATION,PCF_VIOL_SUBSECTION,HIT_AND_RUN,TYPE_OF_COLLISION,MVIW,PED_ACTION,ROAD_SURFACE,ROAD_COND_1,ROAD_COND_2,LIGHTING,CONTROL_DEVICE,CHP_ROAD_TYPE,PEDESTRIAN_ACCIDENT,BICYCLE_ACCIDENT,MOTORCYCLE_ACCIDENT,TRUCK_ACCIDENT,NOT_PRIVATE_PROPERTY,ALCOHOL_INVOLVED,STWD_VEHTYPE_AT_FAULT,CHP_VEHTYPE_AT_FAULT,COUNT_SEVERE_INJ,COUNT_VISIBLE_INJ,COUNT_COMPLAINT_PAIN,COUNT_PED_KILLED,COUNT_PED_INJURED,COUNT_BICYCLIST_KILLED,COUNT_BICYCLIST_INJURED,COUNT_MC_KILLED,COUNT_MC_INJURED,PRIMARY_RAMP,SECONDARY_RAMP,LATITUDE,LONGITUDE,COUNTY,CITY,POINT_X,POINT_Y
8332822,2017,2017-03-29,4204,2017-03-21,2335,90458,69,2,5,5,4204,0,0,0,,0,B03,"STOWELL RD","BRADLEY RD",40.00,W,N,A,-,N,,,,,,,,,,Y,4,0,1,1,A,-,03,22350,,N,E,I,A,A,H,-,C,A,0,,,,,Y,,A,01,0,0,1,0,0,0,0,0,0,"- ","- ",34.938299999999998,-120.41945,"SANTA BARBARA","SANTA MARIA",-120.41955341000001,34.938341469999997
8332838,2017,2017-03-29,4204,2017-03-20,0749,90614,26,1,5,5,4204,0,0,0,,0,001,"EL CAMINO ST","PINE ST",0.00,,Y,A,-,N,,,,,,,,,,Y,4,0,1,2,A,-,10,21950,A,N,G,B,B,A,H,-,A,D,0,Y,,,,Y,,A,08,0,0,1,0,1,0,0,0,0,"- ","- ",34.958629999999999,-120.43886999999999,"SANTA BARBARA","SANTA MARIA",-120.43879989,34.958510080000003
8332856,2017,2017-03-29,4204,2017-03-16,1719,19527,067,4,5,5,4204,0,0,0,,0,003,"YALE PL","THORNBURG ST S",195.00,E,N,A,-,N,,,,,,,,,,N,3,0,1,2,A,-,09,21804,A,N,A,G,A,A,H,-,A,D,0,,Y,,,Y,Y,L,04,0,1,0,0,0,0,1,0,0,"- ","- ",34.936079999999997,-120.44004,"SANTA BARBARA","SANTA MARIA",-120.43935971000001,34.936650149999998
8332864,2017,2017-03-29,4204,2017-03-05,0830,90377,68,7,5,5,4204,0,0,0,,0,003,BROADWAY,"BATTLES RD",0.00,,Y,C,-,N,,,135,,,,,,,N,4,0,1,2,A,-,03,22350,,N,C,C,A,B,H,-,A,A,0,,,,,Y,,A,01,0,0,1,0,0,0,0,0,0,"- ","- ",34.931510000000003,-120.43617999999999,"SANTA BARBARA","SANTA MARIA",-120.43611763,34.931510289999999
8332872,2017,2017-03-29,4204,2017-03-14,1545,19527,013,2,5,5,4204,0,0,0,,0,001,"DONOVAN RD","GOLDEN DR",98.00,W,N,A,-,N,,,,,,,,,,N,4,0,1,2,A,-,07,21658,A,N,B,C,A,A,H,-,A,D,0,,,,,Y,,A,01,0,0,1,0,0,0,0,0,0,"- ","- ",34.96763,-120.44699,"SANTA BARBARA","SANTA MARIA",-120.44749699,34.967791640000002
8332876,2017,2017-03-29,4204,2017-03-10,1912,90620,32,5,5,5,4204,0,0,0,,0,002,"MAIN ST","RUSSELL AV",0.00,,Y,A,-,N,,,166,,,,,,,N,4,0,2,3,A,-,03,22350,,N,C,C,A,A,H,-,C,A,0,,,,,Y,,A,01,0,0,2,0,0,0,0,0,0,"- ","- ",34.953119999999998,-120.45151,"SANTA BARBARA","SANTA MARIA",-120.45150879000001,34.953224239999997
8332880,2017,2017-03-29,4204,2017-03-15,1441,22113,50,3,5,5,4204,0,0,0,,0,002,"OAKLEY AV","BOONE ST",350.00,N,N,A,-,N,,,,,,,,,,N,4,0,1,2,A,-,08,22107,,M,C,C,A,A,H,-,A,A,0,,,,,Y,,A,07,0,0,1,0,0,0,0,0,0,"- ","- ",34.947159999999997,-120.44741,"SANTA BARBARA","SANTA MARIA",-120.44719288,34.94783133
8333191,2017,2017-04-05,4204,2017-03-17,1455,90139,2,5,5,5,4204,0,0,0,,0,001,"CENTRAL PARK DR","HIDDEN PINES WY",0.00,,Y,A,-,N,,,,,,,,,,N,4,0,1,2,A,-,05,21650,1,N,H,G,A,A,H,-,A,A,0,,Y,,,Y,,L,04,0,0,1,0,0,0,1,0,0,"- ","- ",34.986069999999998,-120.43966,"SANTA BARBARA","SANTA MARIA",-120.4398499,34.985990039999997
8333195,2017,2017-04-06,4204,2017-03-10,1343,90139,76,5,5,5,4204,0,0,0,,0,003,"BETTERAVIA RD","BRADLEY RD",0.00,,Y,A,-,N,,,,,,,,,,Y,4,0,1,2,A,-,21,22106,,N,C,C,A,A,H,-,A,A,0,,,,Y,Y,,A,01,0,0,1,0,0,0,0,0,0,"- ","- ",,,"SANTA BARBARA","SANTA MARIA",-120.42206993000001,34.923740090000003
8334625,2017,2017-04-05,4200,2017-02-27,1214,3683,14,1,5,4,4214,0,0,0,,0,060,"S KELLOGG AV","HOLLISTER AV",220.00,S,N,A,-,N,,,,,,,,,,N,3,0,2,3,A,-,03,22350,,N,C,C,A,A,H,-,A,D,0,,,,,Y,,A,07,0,1,1,0,0,0,0,0,0,"- ","- ",,,"SANTA BARBARA",GOLETA,-119.82055488,34.435086320000003
8335059,2017,2017-04-11,4204,2017-03-17,0829,90618,57,5,5,5,4204,0,0,0,,0,002,BROADWAY,"MORRISON AV",0.00,,Y,A,-,N,,,135,,,,,,,N,4,0,2,2,A,-,08,22100,B,N,A,C,A,A,H,-,A,A,0,,,,,Y,,A,01,0,0,2,0,0,0,0,0,0,"- ","- ",34.943089999999998,-120.4358,"SANTA BARBARA","SANTA MARIA",-120.43595734,34.943088629999998
8335661,2017,2017-04-12,4203,2017-03-24,1113,7774,,5,5,5,4203,0,0,0,,0,002,"SHORELINE DR","LOMA ALTA DR",0.00,,Y,A,-,N,,,,,,,,,,Y,3,0,2,2,A,-,09,21801,A,N,D,C,A,A,H,-,A,A,0,,,,,Y,,-,,0,2,0,0,0,0,0,0,0,"- ","- ",34.40316,-119.69771,"SANTA BARBARA","SANTA BARBARA",-119.69773995,34.403200040000002
8335665,2017,2017-04-12,4203,2017-03-31,1108,3849,40,5,5,5,4203,0,0,0,,0,004,"COTA ST","STATE ST",13.00,W,N,A,-,N,,,,,,,,,,N,4,0,1,2,A,-,17,22517,,N,H,G,A,A,H,-,A,A,0,,Y,,,Y,,-,,0,0,1,0,0,0,1,0,0,"- ","- ",34.417700000000004,-119.6968,"SANTA BARBARA","SANTA BARBARA",-119.69681966,34.417704120000003
8336405,2017,2017-04-22,4203,2017-03-27,1250,23094,,1,5,5,4203,0,0,0,,0,004,"CHAPALA ST","HALEY ST",15.00,N,N,A,-,N,,,,,,,,,,N,3,0,1,2,A,-,10,21950,A,N,G,B,B,A,H,-,A,A,0,Y,,,,Y,,-,,0,1,0,0,1,0,0,0,0,"- ","- ",,,"SANTA BARBARA","SANTA BARBARA",-119.69668796000001,34.415776579999999
8336449,2017,2017-04-21,4203,2017-04-15,1943,7187,,6,5,5,4203,0,0,0,,0,002,"HARBOR WY","SHORELINE DR",57.00,S,N,A,-,N,,,,,,,,,,Y,3,0,1,1,A,-,01,23153,,F,A,I,A,A,H,-,C,D,0,,,,,Y,Y,-,,0,1,0,0,0,0,0,0,0,"- ","- ",,,"SANTA BARBARA","SANTA BARBARA",-119.69477229,34.404122510000001
8349866,2017,2018-04-03,4204,2017-04-21,1819,90346,48,5,5,5,4204,0,0,0,,0,003,"RANCH ST","MAIN ST",0.00,,Y,A,-,Y,SB,5,166,-,-,8.770,H,-,E,Y,4,0,1,2,A,-,04,21703,,N,C,C,A,A,H,-,A,D,0,,,,,Y,,A,08,0,0,1,0,0,0,0,0,0,"- ","- ",34.953229999999998,-120.42014,"SANTA BARBARA","SANTA MARIA",-120.42020072,34.952997809999999
8349870,2017,2017-05-02,4204,2017-04-16,2142,90623,57,7,5,5,4204,0,0,0,,0,'02,"PARK AV",BROADWAY,0.00,,Y,A,-,N,,,,,,,,,,Y,2,0,1,2,A,-,01,23152,A,N,D,C,A,B,H,-,C,D,0,,,,,Y,Y,A,01,1,0,0,0,0,0,0,0,0,"- ","- ",34.944499999999998,-120.43576,"SANTA BARBARA","SANTA MARIA",-120.44720988,34.866260019999999
8350398,2017,2017-05-04,4203,2017-04-14,0903,23094,,5,5,5,4203,0,0,0,,0,006,"LAS POSITAS RD","MODOC RD",150.00,S,N,A,-,N,,,225,,,,,,,Y,4,0,2,2,A,-,09,21804,A,N,D,C,A,A,H,-,A,D,0,,,,,Y,,-,,0,0,2,0,0,0,0,0,0,"- ","- ",34.4251,-119.73650000000001,"SANTA BARBARA","SANTA BARBARA",-119.73650761,34.425104830000002
8350436,2017,2017-04-24,4203,2017-04-10,1555,7189,,1,5,5,4203,0,0,0,,0,002,"EAST CABRILLO BL","ANACAPA ST",12.00,E,N,A,-,N,,,,,,,,,,N,4,0,1,2,A,-,03,22350,,N,C,C,A,A,H,-,A,D,0,,,Y,,Y,,A,01,0,0,1,0,0,0,0,0,1,"- ","- ",34.244019999999999,-119.41255,"SANTA BARBARA","SANTA BARBARA",-119.68798391999999,34.413284869999998
8350440,2017,2017-04-24,4203,2017-04-11,1844,2661,,2,5,5,4203,0,0,0,,0,001,"MILPAS ST","MASON ST",100.00,N,N,A,-,N,,,,,,,,,,N,4,0,1,2,D,-,00,,,F,B,C,A,A,H,-,A,A,0,,,,,Y,,-,"- ",0,0,1,0,0,0,0,0,0,"- ","- ",34.252200000000002,-119.4049,"SANTA BARBARA","SANTA BARBARA",-119.68042395000001,34.422736350000001
8352594,2017,2018-04-03,4201,2017-04-24,2000,4689,51,1,5,2,4201,0,0,0,,0,,"GUADALUPE AV","9TH ST",0.00,,N,A,-,Y,SB,5,1,-,-,50.100,I,5,N,Y,4,0,1,2,A,-,08,22107,,N,D,C,A,A,H,-,C,A,0,,,,,Y,Y,-,,0,0,1,0,0,0,0,0,0,"- ","- ",,,"SANTA BARBARA",GUADALUPE,-120.57308012999999,34.970442239999997
8353235,2017,2017-04-26,4204,2017-04-12,1129,90081,32,3,5,5,4204,0,0,0,,0,001,"FESLER ST","RUSSELL AV",0.00,,Y,B,-,N,,,,,,,,,,Y,4,0,1,2,A,-,09,21802,A,N,D,C,A,A,H,-,A,A,0,,,,,Y,,A,01,0,0,1,0,0,0,0,0,0,"- ","- ",34.956899999999997,-120.45164,"SANTA BARBARA","SANTA MARIA",-120.45144994,34.956950059999997
8353243,2017,2017-04-26,4204,2017-04-17,1546,22113,,1,5,5,4204,0,0,0,,0,,"STOWELL RD","DEPOT ST",0.00,,Y,A,-,N,,,,,,,,,,Y,4,0,2,2,A,-,12,21453,A,N,D,C,A,A,H,-,A,A,0,,,,,Y,,A,08,0,0,2,0,0,0,0,0,0,"- ","- ",34.938800000000001,-120.44458,"SANTA BARBARA","SANTA MARIA",-120.44469988,34.938660089999999
8354037,2017,2017-05-03,4202,2017-04-20,1529,238,,4,5,4,4202,0,0,0,,0,,"PINE AV","G ST",0.00,,Y,A,-,N,,,,,,,,,,Y,3,0,1,2,A,-,09,21802,A,F,D,C,A,A,H,-,A,A,0,,,Y,,Y,,A,07,0,1,0,0,0,0,0,0,1,"- ","- ",,,"SANTA BARBARA",LOMPOC,-120.45644998,34.650180030000001
8355419,2017,2017-05-01,4204,2017-04-04,0659,21338,075,2,5,5,4204,0,0,0,,0,033,"BETTERAVIA RD","COLLEGE DR",0.00,,Y,A,-,N,,,,,,,,,,Y,4,0,2,2,A,-,12,21453,A,N,D,C,A,A,H,-,A,A,0,,,,,Y,,-,"- ",0,0,2,0,0,0,0,0,0,"- ","- ",34.923499999999997,-120.42565,"SANTA BARBARA","SANTA MARIA",-120.42563995,34.923750060000003
8356129,2017,2017-05-04,4204,2017-04-25,1249,23028,78,2,5,5,4204,0,0,0,,0,003,"BETTERAVIA RD","A ST",250.00,W,N,A,-,N,,,,,,,,,,Y,4,0,2,3,A,-,03,22350,,N,C,C,A,A,H,-,A,D,0,,,,,Y,,A,01,0,0,2,0,0,0,0,0,0,"- ","- ",34.920839999999998,-120.46404,"SANTA BARBARA","SANTA MARIA",-120.46484359999999,34.920760000000001
8336453,2017,2017-04-21,4203,2017-04-09,1702,2520,4203,7,5,5,4203,0,0,0,,0,002,"STEARNS WHARF","CABRILLO BL",969.00,S,N,A,-,N,,,,,,,,,,N,3,0,1,2,A,-,03,22350,,N,G,B,E,A,H,-,A,D,0,Y,,,,Y,,-,,0,1,0,0,1,0,0,0,0,"- ","- ",,,"SANTA BARBARA","SANTA BARBARA",-119.68666439,34.410538809999998
8337091,2017,2017-06-02,4203,2017-05-01,1616,2520,4203,1,5,5,4203,0,0,0,,0,002,"CASTILLO ST","HALEY ST",342.00,S,N,A,-,N,,,,,,,,,,Y,3,0,3,2,A,-,12,21453,A,N,D,C,A,A,G,-,A,A,0,,,,,Y,,-,,0,1,2,0,0,0,0,0,0,"- ","- ",,,"SANTA BARBARA","SANTA BARBARA",-119.69906048,34.412120590000001
8337112,2017,2018-04-03,4204,2017-05-08,1415,19527,082,1,5,5,4204,0,0,0,,0,003,BROADWAY,"BETTERAVIA RD",253.00,N,N,A,-,Y,SB,5,135,-,-,13.590,H,-,S,N,4,0,1,2,A,-,21,22106,,N,C,C,A,A,H,-,A,D,0,,,,,Y,,A,01,0,0,1,0,0,0,0,0,0,"- ","- ",34.92089,-120.43613000000001,"SANTA BARBARA","SANTA MARIA",-120.43611727,34.921558189999999
8361152,2017,2017-05-24,4200,2017-03-30,0718,3683,14,4,5,4,4214,0,0,0,,0,060,"HOLLISTER AV","PINE AV",15.00,W,N,A,-,N,,,,,,,,,,N,4,0,1,2,A,-,11,21456,B,N,G,B,B,A,H,-,A,A,0,Y,,,,Y,,N,60,0,0,1,0,1,0,0,0,0,"- ","- ",,,"SANTA BARBARA",GOLETA,-119.82670955,34.435853299999998
8361210,2017,2017-05-16,4203,2017-04-29,0858,23094,,6,5,5,4203,0,0,0,,0,001,"NORTH MILPAS ST","YANONALI ST",120.00,N,N,A,-,N,,,,,,,,,,Y,4,0,1,2,A,-,09,21804,A,N,D,C,A,A,H,-,A,D,0,,,,,Y,,-,,0,0,1,0,0,0,0,0,0,"- ","- ",34.423900000000003,-119.68170000000001,"SANTA BARBARA","SANTA BARBARA",-119.68175755,34.423715919999999
8361390,2017,2017-05-18,4203,2017-05-01,2159,23889,,1,5,5,4203,0,0,0,,0,002,"CASTILLO ST","YANONALI ST",0.00,,Y,A,-,N,,,,,,,,,,N,4,0,1,2,D,-,00,,,F,D,G,A,A,H,-,C,A,0,,Y,,,Y,,-,"- ",0,0,1,0,0,0,1,0,0,"- ","- ",34.242600000000003,-119.4147,"SANTA BARBARA","SANTA BARBARA",-119.69618998999999,34.409770000000002
8362076,2017,2018-07-20,4202,2017-05-08,1501,238,,1,5,4,4202,0,0,0,,0,,"H ST","OAK AV",120.00,S,N,A,-,N,,,,,,,,,,N,4,0,1,2,A,-,05,21650,1,N,D,G,A,A,H,-,A,D,0,,Y,,,Y,,L,04,0,0,1,0,0,0,1,0,0,"- ","- ",,,"SANTA BARBARA",LOMPOC,-120.45774265999999,34.65147039
8362329,2017,2018-04-03,4202,2017-04-18,0752,277,LOMPO,2,5,4,4202,0,0,0,,0,,"RT 1","CHESTNUT AV",0.00,,Y,C,-,Y,SB,5,1,-,-,20.750,I,5,S,Y,4,0,1,2,A,-,09,21453,C,N,D,C,A,B,H,-,A,A,0,,,,,Y,,A,01,0,0,1,0,0,0,0,0,0,"- ","- ",,,"SANTA BARBARA",LOMPOC,-120.45792888,34.642231819999999
8362347,2017,2018-03-28,4203,2017-05-02,1920,8120,,2,5,5,4203,0,0,0,,0,005,"CALLE REAL","LAS POSITAS",150.00,E,N,A,-,N,,,,,,,,,,N,4,0,1,2,A,-,03,22350,,N,C,C,A,A,H,-,B,A,0,,,,,Y,,-,,0,0,1,0,0,0,0,0,0,"- ","- ",34.4285,-119.73311,"SANTA BARBARA","SANTA BARBARA",-119.73325377,34.428507940000003
8362479,2017,2018-04-03,4200,2017-04-17,2024,3083,14,1,5,4,4214,0,0,0,,0,050,"GLENN ANNIE RD","RT 101",0.00,,Y,A,-,Y,SB,5,101,-,-,24.284,R,4,N,N,2,0,1,2,A,-,17,21451,A,N,H,G,A,A,H,-,C,A,0,,Y,,,Y,,A,07,1,0,0,0,0,0,1,0,0,"- ",NF,,,"SANTA BARBARA",GOLETA,-119.86268364999999,34.435966440000001
8362605,2017,2017-05-10,4204,2017-04-29,0819,90373,54,6,5,5,4204,0,0,0,,0,002,"COLLEGE DR","ORANGE ST",0.00,,Y,A,-,N,,,,,,,,,,Y,4,0,1,2,A,-,08,22107,,N,C,E,A,A,H,-,A,D,0,,,,,Y,,A,01,0,0,1,0,0,0,0,0,0,"- ","- ",34.948700000000002,-120.42497,"SANTA BARBARA","SANTA MARIA",-120.42482989,34.948900109999997
8356616,2017,2017-05-23,4200,2017-04-24,1422,3683,14,1,5,4,4214,0,0,0,,0,080,"STORKE RD","HOLLISTER AV",200.00,N,N,A,-,N,,,,,,,,,,N,4,0,2,2,A,-,03,22350,,N,C,C,A,A,H,-,A,D,0,,,,,Y,,E,22,0,0,2,0,0,0,0,0,0,"- ","- ",,,"SANTA BARBARA",GOLETA,-119.86971489,34.43064802
8356864,2017,2017-05-03,4203,2017-04-17,1759,3195,,1,5,5,4203,0,0,0,,0,004,"W VALERIO ST","CASTILLO ST",192.00,E,N,A,-,N,,,,,,,,,,N,3,0,1,2,A,-,09,21804,A,N,D,G,A,A,H,-,A,A,0,,Y,,,Y,,L,04,0,1,0,0,0,0,1,0,0,"- ","- ",34.424239999999998,-119.7149,"SANTA BARBARA","SANTA BARBARA",-119.71491795999999,34.424256960000001
8357105,2017,2017-05-04,4203,2017-04-19,1456,4456,,3,5,5,4203,0,0,0,,0,001,"DE LA GUERRA ST","QUARANTINA ST",0.00,,Y,A,-,N,,,,,,,,,,Y,3,0,2,2,A,-,09,21802,A,N,D,C,A,A,H,-,A,A,0,,,,,Y,,A,01,0,2,0,0,0,0,0,0,0,"- ","- ",34.426990000000004,-119.69145,"SANTA BARBARA","SANTA BARBARA",-119.69144987999999,34.427020079999998
8357109,2017,2017-05-04,4203,2017-04-19,0113,9018,12,3,5,5,4203,0,0,0,,0,002,"CABRILLO BL","GARDEN ST",1056.00,E,N,E,-,N,,,,,,,,,,Y,3,0,1,1,A,-,03,22350,,N,E,I,A,B,H,-,C,D,0,,,,,Y,,A,01,0,1,0,0,0,0,0,0,0,"- ","- ",34.415239999999997,-119.68161000000001,"SANTA BARBARA","SANTA BARBARA",-119.68347509,34.415018109999998
8357623,2017,2017-05-05,4200,2017-04-14,0957,3683,14,5,5,4,4214,0,0,0,,0,050,"ENCINA LN","ENCINA RD",4.00,S,N,A,-,N,,,,,,,,,,N,3,0,1,2,A,-,05,21650,1,N,H,G,A,A,H,-,A,D,0,,Y,,,Y,,L,04,0,1,0,0,0,0,1,0,0,"- ","- ",,,"SANTA BARBARA",GOLETA,-119.82790042000001,34.442879019999999
8357737,2017,2017-05-04,4200,2017-04-17,1425,3683,14,1,5,4,4214,0,0,0,,0,050,"CARLO DR","CALLE REAL",95.00,N,N,B,-,N,,,,,,,,,,N,4,0,1,2,A,-,09,21804,,N,B,C,A,A,H,-,A,D,0,,,Y,,Y,,A,01,0,0,1,0,0,0,0,0,1,"- ","- ",,,"SANTA BARBARA",GOLETA,-119.83661628999999,34.439659949999999
8357741,2017,2017-05-04,4200,2017-04-18,0807,4608,14,2,5,4,4214,0,0,0,,0,050,"CALLE REAL","VALDEZ AV",0.00,,Y,A,-,N,,,,,,,,,,Y,4,0,1,2,A,-,09,21801,A,N,D,C,A,B,H,-,A,A,0,,,Y,,Y,,O,05,0,0,1,0,0,0,0,0,1,"- ","- ",,,"SANTA BARBARA",GOLETA,-119.83768999999999,34.439300070000002
8357846,2017,2018-02-12,4204,2017-04-21,2014,90618,13,5,5,5,4204,0,0,0,,0,001,"WESTERN AV","FRANK LN",154.00,S,N,A,-,N,,,,,,,,,,N,4,0,1,2,A,-,11,21954,A,F,G,B,D,A,H,-,C,A,0,Y,,,,Y,,N,60,0,0,1,0,1,0,0,0,0,"- ","- ",34.96123,-120.44947999999999,"SANTA BARBARA","SANTA MARIA",-120.44934236,34.960908250000003
8357850,2017,2018-04-03,4204,2017-04-22,1641,90271,4204,6,5,5,4204,0,0,0,,0,002,BROADWAY,"COOK ST",0.00,,Y,A,-,Y,SB,5,101,-,-,15.550,I,5,S,N,4,0,1,2,A,-,03,22350,,N,C,C,A,A,H,-,A,D,0,,,,,Y,,A,01,0,0,1,0,0,0,0,0,0,"- ","- ",34.9499,-120.43597,"SANTA BARBARA","SANTA MARIA",-119.71754435,34.423352100000002
8357958,2017,2018-04-03,4204,2017-04-29,1509,90274,33,6,5,5,4204,0,0,0,,0,002,BROADWAY,"CHAPEL ST",0.00,,Y,A,-,Y,SB,5,135,-,-,15.850,I,5,S,N,3,0,1,2,A,-,09,21801,A,N,D,C,A,A,H,-,A,A,0,,,Y,,Y,,A,01,0,1,0,0,0,0,0,0,1,"- ","- ",34.954300000000003,-120.43581,"SANTA BARBARA","SANTA MARIA",-120.43594797999999,34.954206239999998
8358634,2017,2017-05-05,4203,2017-04-27,2149,6577,4203,4,5,5,4203,0,0,0,,0,006,"MIRAMONTE DR","HIGHLAND DR",48.00,E,N,A,-,N,,,,,,,,,,Y,4,0,1,2,A,-,08,22107,,N,B,E,A,A,H,-,C,D,0,,,,,Y,Y,A,01,0,0,1,0,0,0,0,0,0,"- ","- ",34.409550000000003,-119.71229,"SANTA BARBARA","SANTA BARBARA",-119.71216,34.40992
8362695,2017,2018-04-03,4204,2017-05-04,1541,19527,057,4,5,5,4204,0,0,0,,0,003,BROADWAY,"LIBERTY ST",53.00,N,N,A,-,Y,SB,5,135,-,-,14.830,H,-,S,N,4,0,1,2,A,-,03,22350,,N,C,C,A,A,H,-,A,D,0,,,,Y,Y,,F,27,0,0,1,0,0,0,0,0,0,"- ","- ",34.939279999999997,-120.43594,"SANTA BARBARA","SANTA MARIA",-120.43608261999999,34.939258819999999
8362944,2017,2017-05-12,4202,2017-05-02,0700,234,LOMPO,2,5,4,4202,0,0,0,,0,,"7TH ST","MAPLE AV",0.00,,Y,A,-,N,,,,,,,,,,N,3,0,1,2,D,-,00,,,N,G,G,A,A,H,-,A,D,0,,Y,,,Y,,-,"- ",0,1,0,0,0,0,1,0,0,"- ","- ",,,"SANTA BARBARA",LOMPOC,-120.44021992,34.64526008
8362972,2017,2017-05-12,4202,2017-04-26,2059,238,,3,5,4,4202,0,0,0,,0,,"O ST","BARTON AV",22.00,S,N,B,-,N,,,,,,,,,,Y,3,0,1,1,A,-,08,22107,,N,E,I,A,A,H,-,C,A,0,,,,,Y,,A,01,0,1,0,0,0,0,0,0,0,"- ","- ",,,"SANTA BARBARA",LOMPOC,-120.46644999999999,34.657379570000003
8363039,2017,2017-05-16,4204,2017-04-30,0725,90267,68,7,5,5,4204,0,0,0,,0,003,BROADWAY,"BATTLES RD",0.00,,Y,A,-,N,,,135,,,,,,,Y,4,0,1,2,A,-,12,21453,A,F,D,C,A,A,H,-,A,A,0,,,,,Y,,D,22,0,0,1,0,0,0,0,0,0,"- ","- ",34.931510000000003,-120.43617999999999,"SANTA BARBARA","SANTA MARIA",-120.43611763,34.931510289999999
8363109,2017,2017-05-15,4204,2017-05-02,0800,90139,59,2,5,5,4204,0,0,0,,0,002,"BATTLES RD","BRADLEY RD",0.00,,Y,A,-,N,,,,,,,,,,N,4,0,1,2,A,-,21,22106,,N,C,C,A,A,H,-,A,A,0,,,,,Y,,A,01,0,0,1,0,0,0,0,0,0,"- ","- ",34.931159999999998,-120.41849000000001,"SANTA BARBARA","SANTA MARIA",-120.41824997000001,34.931210010000001
8363144,2017,2017-05-22,4200,2017-02-28,1955,4041,14,2,5,4,4214,0,0,0,,0,060,"S PATTERSON AV","OVERPASS RD",0.00,,Y,A,-,N,,,,,,,,,,N,3,0,1,2,A,-,06,21755,A,F,B,C,A,A,H,-,C,A,0,,,Y,,Y,,C,02,0,1,0,0,0,0,0,0,1,"- ","- ",,,"SANTA BARBARA",GOLETA,-119.80864993,34.439080019999999
8363365,2017,2017-05-18,4204,2017-04-28,1659,90617,SMPD,5,5,5,4204,0,0,0,,0,001,"BENWILEY AV","FESLER ST",500.00,N,N,A,-,N,,,,,,,,,,N,2,0,2,3,A,-,01,23152,A,F,A,C,A,A,H,-,A,A,0,,,,,Y,Y,A,07,1,1,0,0,0,0,0,0,0,"- ","- ",34.956719999999997,-120.44583,"SANTA BARBARA","SANTA MARIA",-120.44562465999999,34.958243289999999
8363784,2017,2017-05-16,4204,2017-03-31,1537,90081,15,5,5,5,4204,0,0,0,,0,001,"RAILROAD AV","MCELHANEY AV N",0.00,,Y,A,-,N,,,,,,,,,,N,3,0,1,2,A,-,11,21950,B,N,G,B,B,A,H,-,A,D,0,Y,,,,Y,,N,60,0,1,0,0,1,0,0,0,0,"- ","- ",34.962859999999999,-120.44445,"SANTA BARBARA","SANTA MARIA",-120.44452996,34.962650029999999
8364274,2017,2017-05-23,4204,2017-05-12,1712,90622,68,5,5,5,4204,0,0,0,,0,003,"MILLER ST","BARCELLUS AV",0.00,,Y,A,-,N,,,,,,,,,,Y,4,0,2,2,A,-,09,21801,A,N,D,C,A,A,H,-,A,A,0,,,,,Y,,A,01,0,0,2,0,0,0,0,0,0,"- ","- ",34.936570000000003,-120.43161000000001,"SANTA BARBARA","SANTA MARIA",-120.43160998,34.936610020000003
8364278,2017,2017-05-23,4204,2017-05-13,1905,90271,4204,6,5,5,4204,0,0,0,,0,003,"BRADLEY RD","STOWELL RD",0.00,,Y,A,-,N,,,,,,,,,,N,4,0,2,2,A,-,12,21453,A,F,D,C,A,A,H,-,B,A,0,,,,,Y,,A,01,0,0,2,0,0,0,0,0,0,"- ","- ",34.938299999999998,-120.41945,"SANTA BARBARA","SANTA MARIA",-120.41941998,34.938339999999997
8364282,2017,2017-05-23,4204,2017-05-07,1003,90619,32,7,5,5,4204,0,0,0,,0,002,"FESLER ST","RUSSELL AV",0.00,,Y,B,-,N,,,,,,,,,,Y,4,0,3,2,A,-,01,23152,A,N,D,C,A,A,H,-,A,A,0,,,,,Y,Y,A,01,0,0,3,0,0,0,0,0,0,"- ","- ",34.956899999999997,-120.45164,"SANTA BARBARA","SANTA MARIA",-120.45144994,34.956950059999997
8364286,2017,2017-05-23,4204,2017-05-11,1825,90622,20,4,5,5,4204,0,0,0,,0,001,"DENA WY","MARIE CT",0.00,,Y,A,-,N,,,,,,,,,,Y,4,0,1,2,A,-,09,21801,A,N,D,C,A,A,H,-,A,D,0,,,,,Y,,A,01,0,0,1,0,0,0,0,0,0,"- ","- ",34.96499,-120.41316,"SANTA BARBARA","SANTA MARIA",-120.41310991,34.964760040000002