CASE_ID,ACCIDENT_YEAR,PROC_DATE,JURIS,COLLISION_DATE,COLLISION_TIME,OFFICER_ID,REPORTING_DISTRICT,DAY_OF_WEEK,CHP_SHIFT,POPULATION,CNTY_CITY_LOC,SPECIAL_COND,BEAT_TYPE,CHP_BEAT_TYPE,CITY_DIVISION_LAPD,CHP_BEAT_CLASS,BEAT_NUMBER,PRIMARY_RD,SECONDARY_RD,DISTANCE,DIRECTION,INTERSECTION,WEATHER_1,WEATHER_2,STATE_HWY_IND,CALTRANS_COUNTY,CALTRANS_DISTRICT,STATE_ROUTE,ROUTE_SUFFIX,POSTMILE_PREFIX,POSTMILE,LOCATION_TYPE,RAMP_INTERSECTION,SIDE_OF_HWY,TOW_AWAY,COLLISION_SEVERITY,NUMBER_KILLED,NUMBER_INJURED,PARTY_COUNT,PRIMARY_COLL_FACTOR,PCF_CODE_OF_VIOL,PCF_VIOL_CATEGORY,PCF_VIOLATION,PCF_VIOL_SUBSECTION,HIT_AND_RUN,TYPE_OF_COLLISION,MVIW,PED_ACTION,ROAD_SURFACE,ROAD_COND_1,ROAD_COND_2,LIGHTING,CONTROL_DEVICE,CHP_ROAD_TYPE,PEDESTRIAN_ACCIDENT,BICYCLE_ACCIDENT,MOTORCYCLE_ACCIDENT,TRUCK_ACCIDENT,NOT_PRIVATE_PROPERTY,ALCOHOL_INVOLVED,STWD_VEHTYPE_AT_FAULT,CHP_VEHTYPE_AT_FAULT,COUNT_SEVERE_INJ,COUNT_VISIBLE_INJ,COUNT_COMPLAINT_PAIN,COUNT_PED_KILLED,COUNT_PED_INJURED,COUNT_BICYCLIST_KILLED,COUNT_BICYCLIST_INJURED,COUNT_MC_KILLED,COUNT_MC_INJURED,PRIMARY_RAMP,SECONDARY_RAMP,LATITUDE,LONGITUDE,COUNTY,CITY,POINT_X,POINT_Y
8364803,2017,2017-05-10,4203,2017-04-28,1237,23133,,5,5,5,4203,0,0,0,,0,004,"CHAPALA ST","FIGUEROA ST",93.00,S,N,A,-,N,,,,,,,,,,N,3,0,1,2,A,-,07,21658,A,N,D,G,A,A,H,-,A,A,0,,Y,,,Y,,L,04,0,1,0,0,0,0,1,0,0,"- ","- ",34.421109999999999,-119.70405,"SANTA BARBARA","SANTA BARBARA",-119.70404166,34.421218600000003
8364807,2017,2017-05-10,4203,2017-04-29,0348,6577,4203,6,5,5,4203,0,0,0,,0,003,"CARRILLO ST","SANTA BARBARA ST",0.00,,Y,A,-,N,,,,,,,,,,Y,4,0,1,2,D,-,00,,,N,D,C,A,A,H,-,C,A,0,,,,,Y,,-,"- ",0,0,1,0,0,0,0,0,0,"- ","- ",34.4236,-119.69974999999999,"SANTA BARBARA","SANTA BARBARA",-119.69963989999999,34.423640089999999
8364810,2017,2017-05-17,4203,2017-04-29,1643,3197,,6,5,5,4203,0,0,0,,0,005,"LA CUMBRE RD","LA CUMBRE LN",0.00,,Y,A,-,N,,,,,,,,,,N,3,0,1,2,A,-,09,21801,A,N,D,C,A,A,H,-,A,A,0,,,,,Y,,-,,0,1,0,0,0,0,0,0,0,"- ","- ",34.261400000000002,-119.4502,"SANTA BARBARA","SANTA BARBARA",-119.75083986999999,34.438830039999999
8364811,2017,2017-05-10,4203,2017-04-29,1144,23133,,6,5,5,4203,0,0,0,,0,003,"GARDEN ST","GUTIERREZ ST",0.00,,Y,A,-,N,,,,,,,,,,N,4,0,2,2,A,-,03,22350,,N,C,C,A,A,H,-,A,A,0,,,,,Y,,-,,0,0,2,0,0,0,0,0,0,"- ","- ",34.419049999999999,-119.69068,"SANTA BARBARA","SANTA BARBARA",-119.69077996,34.419080100000002
8364815,2017,2017-05-10,4203,2017-04-29,2022,24093,,6,5,5,4203,0,0,0,,0,004,"CHAPALA ST","HALEY ST",0.00,,Y,A,-,N,,,,,,,,,,N,4,0,1,2,A,-,10,21950,A,N,G,B,B,A,H,-,C,A,0,Y,,,,Y,,-,,0,0,1,0,1,0,0,0,0,"- ","- ",,,"SANTA BARBARA","SANTA BARBARA",-119.69664985999999,34.415750099999997
8364847,2017,2017-05-10,4204,2017-04-28,1702,90139,92,5,5,5,4204,0,0,0,,0,003,"COLLEGE DR","MOONLITE DR",0.00,,Y,A,-,N,,,,,,,,,,Y,4,0,2,2,A,-,03,22350,,N,C,C,A,A,H,-,A,D,0,,,,,Y,,A,01,0,0,2,0,0,0,0,0,0,"- ","- ",34.905859999999997,-120.42286,"SANTA BARBARA","SANTA MARIA",-120.42274989000001,34.905890020000001
8364966,2017,2017-05-11,4204,2017-04-22,1737,90274,72,6,5,5,4204,0,0,0,,0,003,"A ST","BATTLES RD",190.00,N,N,A,-,N,,,,,,,,,,Y,3,0,1,2,A,-,05,21460,A,N,D,C,A,A,H,-,A,A,0,,,,,Y,,A,01,0,1,0,0,0,0,0,0,0,"- ","- ",34.931829999999998,-120.46344999999999,"SANTA BARBARA","SANTA MARIA",-120.46370509,34.932241730000001
8365151,2017,2017-05-15,4202,2017-03-24,1609,20976,,5,5,4,4202,0,0,0,,0,,"PINE AV","2ND ST",5.00,W,N,A,-,N,,,,,,,,,,Y,3,0,1,2,A,-,09,21801,A,N,B,C,A,A,H,-,A,D,0,,,,,Y,,A,01,0,1,0,0,0,0,0,0,0,"- ","- ",,,"SANTA BARBARA",LOMPOC,-120.44637662,34.650100260000002
8365229,2017,2017-05-12,4202,2017-04-04,1826,295,LOMPO,2,5,4,4202,0,0,0,,0,,"POPPY ST","TANGERINE AV",0.00,,Y,A,-,N,,,,,,,,,,Y,4,0,1,2,A,-,03,22350,,N,D,C,A,A,H,-,A,D,0,,,,,Y,,A,01,0,0,1,0,0,0,0,0,0,"- ","- ",,,"SANTA BARBARA",LOMPOC,-120.44304991,34.655320039999999
8365233,2017,2017-05-12,4202,2017-04-13,1939,234,LOMPO,4,5,4,4202,0,0,0,,0,,"A ST","LAUREL AV",5.00,S,N,A,-,N,,,,,,,,,,Y,2,0,1,2,A,-,01,23153,A,N,D,C,A,A,H,-,B,D,0,,,Y,,Y,Y,A,01,1,0,0,0,0,0,0,0,1,"- ","- ",,,"SANTA BARBARA",LOMPOC,-120.44895,34.644096269999999
8358638,2017,2017-05-05,4203,2017-04-24,2135,22857,,1,5,5,4203,0,0,0,,0,006,"MODOC RD","LAS POSITAS RD",0.00,,Y,A,-,N,,,,,,,,,,Y,3,0,2,3,A,-,12,21453,A,N,A,C,A,A,H,-,C,A,0,,,,,Y,,-,,0,1,1,0,0,0,0,0,0,"- ","- ",,,"SANTA BARBARA","SANTA BARBARA",-119.73479994,34.426110020000003
8358733,2017,2018-04-10,4200,2017-04-21,1620,3116,11,5,5,2,4212,0,0,0,,0,,"RT 246","FREEAR DR",711.00,E,N,A,-,Y,SB,5,246,-,-,26.660,H,-,E,Y,4,0,1,2,A,-,08,22107,,N,C,C,A,A,H,-,A,D,0,,,,,Y,,E,22,0,0,1,0,0,0,0,0,0,"- ","- ",,,"SANTA BARBARA",BUELLTON,-120.18418800000001,34.609865929999998
8358737,2017,2018-04-10,4200,2017-04-11,0857,4247,11,2,5,2,4212,0,0,0,,0,,"RT 246","FREEAR AV",0.00,,N,A,-,Y,SB,5,246,-,R,25.684,H,-,W,Y,3,0,1,2,A,-,08,22107,,F,B,C,A,A,H,-,A,D,0,,,,,Y,,-,,0,1,0,0,0,0,0,0,0,"- ","- ",,,"SANTA BARBARA",BUELLTON,-120.19928063,34.615712549999998
8358759,2017,2018-04-10,4200,2017-04-07,2024,4311,6,5,5,2,4206,0,0,0,,0,,"MISSION DR","ALISAL RD",0.00,,Y,B,-,Y,SB,5,246,-,-,29.660,I,5,E,N,4,0,2,3,A,-,10,21950,A,N,G,B,B,B,H,-,C,A,0,Y,,,,Y,Y,-,,0,0,2,0,2,0,0,0,0,"- ","- ",,,"SANTA BARBARA",SOLVANG,-120.13802097999999,34.595988769999998
8358774,2017,2018-04-03,4200,2017-04-21,0735,4608,14,5,5,4,4214,0,0,0,,0,060,"FAIRVIEW AV","RT 101",0.00,,Y,A,-,Y,SB,5,101,-,-,22.360,R,4,S,Y,4,0,1,2,A,-,12,21453,A,N,D,C,A,A,H,-,A,A,0,,,,,Y,,A,01,0,0,1,0,0,0,0,0,0,"- ",SO,,,"SANTA BARBARA",GOLETA,-119.82938962,34.43973433
8358778,2017,2018-04-03,4204,2017-04-26,1030,90620,81,3,5,5,4204,0,0,0,,0,003,"SOUTH BROADWAY","WESTERN VILLAGE",0.00,,Y,A,-,Y,SB,5,135,-,-,13.708,I,5,S,Y,4,0,1,2,A,-,12,21453,A,N,D,C,A,A,H,-,A,A,0,,,,,Y,,A,01,0,0,1,0,0,0,0,0,0,"- ","- ",,,"SANTA BARBARA","SANTA MARIA",-120.43614814999999,34.923305939999999
8358782,2017,2018-04-03,4204,2017-04-26,0544,90239,049,3,5,5,4204,0,0,0,,0,002,"MAIN ST","NICHOLSON AV",0.00,,Y,A,-,Y,SB,5,101,-,-,88.780,R,4,N,N,4,0,1,2,A,-,08,22107,,N,B,C,A,A,H,-,B,A,0,,,,,Y,,A,01,0,0,1,0,0,0,0,0,0,"- ","- ",34.95308,-120.41633,"SANTA BARBARA","SANTA MARIA",-120.4171954,34.955400529999999
8358906,2017,2017-05-09,4204,2017-04-27,1207,90614,4204,4,5,5,4204,0,0,0,,0,003,"COLLEGE DR","BATTLES RD",0.00,,Y,A,-,N,,,,,,,,,,Y,4,0,1,2,A,-,12,21453,A,N,D,C,A,A,H,-,A,A,0,,,,,Y,,D,22,0,0,1,0,0,0,0,0,0,"- ","- ",34.931399999999996,-120.42514,"SANTA BARBARA","SANTA MARIA",-120.42493992999999,34.93134002
8359110,2017,2017-05-09,4204,2017-04-26,0827,22113,09,3,5,5,4204,0,0,0,,0,001,"PINE ST","COX LN",0.00,,Y,A,-,N,,,,,,,,,,Y,4,0,1,2,A,-,08,22103,,N,B,C,A,A,H,-,A,A,0,,,,,Y,,A,01,0,0,1,0,0,0,0,0,0,"- ","- ",34.969430000000003,-120.43971999999999,"SANTA BARBARA","SANTA MARIA",-120.43995988,34.969310030000003
8359446,2017,2017-05-16,4203,2017-05-01,1642,23770,,1,5,5,4203,0,0,0,,0,005,"CALLE REAL","PESETAS LN",104.00,W,N,A,-,N,,,,,,,,,,Y,4,0,3,4,C,-,18,,,N,C,C,A,A,H,-,A,D,0,,,,,Y,,-,"- ",0,0,3,0,0,0,0,0,0,"- ","- ",34.441600000000001,-119.7587,"SANTA BARBARA","SANTA BARBARA",-119.75873998,34.441592489999998
8360288,2017,2017-05-12,4203,2017-04-30,1202,2720,,7,5,5,4203,0,0,0,,0,002,"CASTILLO ST","RT 101",15.00,N,N,A,-,N,,,101,,,,,,,N,3,0,1,1,C,-,18,,,N,F,A,A,B,H,-,A,A,0,,,,,Y,,-,"- ",0,1,0,0,0,0,0,0,0,"- ","- ",34.412059999999997,-119.69906,"SANTA BARBARA","SANTA BARBARA",-119.69906579000001,34.412136940000003
8342221,2017,2018-02-12,4203,2017-04-09,0127,3197,,7,5,5,4203,0,0,0,,0,005,"LAS POSITAS RD","STANLEY DR",432.00,N,N,A,-,N,,,,,,,,,,Y,3,0,2,1,A,-,01,23152,A,N,A,I,A,A,H,-,C,D,0,,,,,Y,Y,-,,0,2,0,0,0,0,0,0,0,"- ","- ",34.261099999999999,-119.4401,"SANTA BARBARA","SANTA BARBARA",-119.73375796000001,34.436480570000001
8342274,2017,2017-08-04,4204,2017-03-01,2249,90200,09,3,5,5,4204,0,0,0,,0,001,BROADWAY,"WILLIAMS ST",0.00,,Y,A,-,Y,SB,5,135,-,-,16.930,I,5,S,N,3,0,1,2,A,-,00,21453,,N,D,G,A,A,H,-,C,A,0,,Y,,,Y,,L,04,0,1,0,0,0,0,1,0,0,"- ","- ",34.969920000000002,-120.43591000000001,"SANTA BARBARA","SANTA MARIA",-120.43570962,34.969881819999998
8342276,2017,2017-08-04,4204,2017-03-17,0647,23656,16,5,5,5,4204,0,0,0,,0,001,BROADWAY,"ORCHARD ST",0.00,,Y,A,-,Y,SB,5,135,-,-,16.660,I,6,S,N,3,0,1,2,A,-,10,21950,A,N,G,B,-,A,H,-,A,A,0,Y,,,,Y,,A,01,0,1,0,0,1,0,0,0,0,"- ","- ",34.965960000000003,-120.43549,"SANTA BARBARA","SANTA MARIA",-120.43575262,34.965908820000003
8342291,2017,2018-04-03,4204,2017-04-05,2136,90268,,3,5,5,4204,0,0,0,,0,002,"MAIN ST","ELIZABETH ST E",400.00,E,N,A,-,Y,SB,5,166,-,-,8.380,H,-,W,Y,4,0,1,1,A,-,01,23152,A,M,E,I,A,A,H,-,C,D,0,,,,,Y,Y,A,01,0,0,1,0,0,0,0,0,0,"- ","- ",34.95299,-120.42838999999999,"SANTA BARBARA","SANTA MARIA",-120.42700606,34.95320083
8342350,2017,2017-07-27,4203,2017-03-22,0846,5751,30,3,5,5,4203,0,0,0,,0,004,"E HALEY ST","BATH ST",0.00,,Y,A,-,N,,,,,,,,,,Y,4,0,1,2,A,-,09,21801,A,N,B,C,A,A,H,-,A,A,0,,,,,Y,,A,01,0,0,1,0,0,0,0,0,0,"- ","- ",34.413620000000002,-119.69892,"SANTA BARBARA","SANTA BARBARA",-119.69891998,34.413610030000001
8342409,2017,2017-08-04,4204,2017-03-27,1330,22113,68,1,5,5,4204,0,0,0,,0,003,BROADWAY,"ENOS DR",45.00,S,N,A,-,Y,SB,5,135,-,-,14.460,H,-,N,N,4,0,2,3,A,-,03,22350,,N,C,C,A,A,H,-,A,A,0,,,,,Y,,A,01,0,0,2,0,0,0,0,0,0,"- ","- ",34.93412,-120.4361,"SANTA BARBARA","SANTA MARIA",-120.43592098000001,34.933971380000003
8342424,2017,2017-08-04,4204,2017-03-30,0643,19527,005,4,5,5,4204,0,0,0,,0,001,BROADWAY,"ROEMER WY",0.00,,Y,E,-,Y,SB,5,135,-,-,17.340,I,5,N,N,4,0,1,2,A,-,09,21801,A,N,D,C,A,A,H,-,B,D,0,,,,,Y,,A,01,0,0,1,0,0,0,0,0,0,"- ","- ",34.975900000000003,-120.43562,"SANTA BARBARA","SANTA MARIA",-120.43549663,34.975942529999998
8343037,2017,2017-04-11,4204,2017-03-25,0944,90373,58,6,5,5,4204,0,0,0,,0,002,"STOWELL RD","MILLER ST",0.00,,Y,A,-,N,,,,,,,,,,Y,4,0,2,2,A,-,12,21453,A,N,D,C,A,A,H,-,A,A,0,,,,,Y,,A,01,0,0,2,0,0,0,0,0,0,"- ","- ",34.938380000000002,-120.43154,"SANTA BARBARA","SANTA MARIA",-120.43159996,34.938480089999999
8343877,2017,2017-04-13,4204,2017-03-08,1628,21338,062,3,5,5,4204,0,0,0,,0,002,"MORRISON AV","THORNBURG ST",0.00,,Y,A,-,N,,,,,,,,,,N,4,0,1,2,A,-,10,21950,A,N,G,B,B,A,H,-,A,A,0,Y,,,,Y,,A,01,0,0,1,0,1,0,0,0,0,"- ","- ",34.943210000000001,-120.44005,"SANTA BARBARA","SANTA MARIA",-120.44024994999999,34.943140079999999
8345173,2017,2017-04-24,4204,2017-03-27,1754,90357,,1,5,5,4204,0,0,0,,0,,BROADWAY,"MAIN ST",200.00,S,N,A,-,N,,,135,,,,,,,N,3,0,1,2,A,-,08,22107,,F,C,C,A,A,H,-,A,D,0,,,Y,,Y,,-,99,0,1,0,0,0,0,0,0,1,"- ","- ",34.953139999999998,-120.43586000000001,"SANTA BARBARA","SANTA MARIA",-120.43580565000001,34.953138410000001
8345828,2017,2018-04-10,4200,2017-04-02,1206,2728,11,7,5,2,4212,0,0,0,,0,,"E HIGHWAY 246","E HIGHWAY 246 89",0.00,,N,A,-,Y,SB,5,246,-,-,26.200,H,-,W,N,4,0,1,3,A,-,03,22350,,N,C,C,A,A,H,-,A,D,0,,,,,Y,,D,22,0,0,1,0,0,0,0,0,0,"- ","- ",,,"SANTA BARBARA",BUELLTON,-120.19141509000001,34.612665839999998
8345851,2017,2017-04-17,4204,2017-04-08,1055,22557,10,6,5,5,4204,0,0,0,,0,001,"GRANT ST","MILLER ST",200.00,E,N,A,-,N,,,,,,,,,,N,3,0,1,2,A,-,09,21804,A,N,D,C,A,A,H,-,A,D,0,,,,,Y,,A,01,0,1,0,0,0,0,0,0,0,"- ","- ",34.972630000000002,-120.43104,"SANTA BARBARA","SANTA MARIA",-120.43021266,34.972684860000001
8345877,2017,2017-04-17,4203,2017-03-30,1655,3197,,4,5,5,4203,0,0,0,,0,005,"HITCHCOCK AV","GREGORY WY",114.00,S,N,A,-,N,,,,,,,,,,Y,3,0,2,3,A,-,08,22107,,N,B,C,A,A,H,-,A,D,0,,,,,Y,,A,01,0,1,1,0,0,0,0,0,0,"- ","- ",34.261400000000002,-119.4439,"SANTA BARBARA","SANTA BARBARA",-119.74484597,34.436303170000002
8346245,2017,2017-04-19,4202,2017-03-16,1047,277,LOMPO,4,5,4,4202,0,0,0,,0,,LAUREL,"Q ST",71.00,E,N,A,-,N,,,,,,,,,,Y,4,0,1,2,A,-,09,21804,,N,D,C,A,A,H,-,A,A,0,,,,,Y,,A,01,0,0,1,0,0,0,0,0,0,"- ","- ",,,"SANTA BARBARA",LOMPOC,-120.46897402,34.643909049999998
8346249,2017,2017-04-19,4202,2017-03-22,1055,232,4202,3,5,4,4202,0,0,0,,0,,"O ST","NORTH AV",443.00,N,N,A,-,N,,,,,,,,,,Y,2,0,1,1,A,-,08,22107,,N,E,I,A,A,H,-,A,D,0,,,,,Y,,A,07,1,0,0,0,0,0,0,0,0,"- ","- ",,,"SANTA BARBARA",LOMPOC,-120.46652152999999,34.654674649999997
8346440,2017,2017-04-27,4204,2017-02-21,1816,90268,32,2,5,5,4204,0,0,0,,0,002,"BLOSSER RD","FESLER ST",0.00,,Y,A,-,N,,,,,,,,,,N,4,0,1,2,A,-,"- ",,,F,E,J,A,A,H,-,B,D,0,,,,,Y,,A,01,0,0,1,0,0,0,0,0,0,"- ","- ",34.956960000000002,-120.45368999999999,"SANTA BARBARA","SANTA MARIA",-120.45355988,34.95696006
8346618,2017,2017-04-17,4200,2017-03-25,1319,4472,14,6,5,4,4214,0,0,0,,0,060,"MANDARIN AV","S FAIRVIEW AV",30.00,E,N,A,-,N,,,,,,,,,,Y,4,0,1,2,A,-,09,21804,A,N,D,C,A,A,H,-,A,D,0,,,,,Y,,A,01,0,0,1,0,0,0,0,0,0,"- ","- ",,,"SANTA BARBARA",GOLETA,-119.83055064,34.437527080000002
8346847,2017,2017-04-26,4204,2017-04-05,1954,90323,03,3,5,5,4204,0,0,0,,0,001,"RAILROAD AV","RANCHO VERDE",0.00,,Y,A,-,N,,,,,,,,,,N,4,0,1,2,-,-,"- ",,,N,G,B,D,A,H,-,C,D,0,Y,,,,Y,,-,"- ",0,0,1,0,1,0,0,0,0,"- ","- ",34.977139999999999,-120.44446000000001,"SANTA BARBARA","SANTA MARIA",-120.44431993000001,34.977340099999999
8346851,2017,2017-04-14,4204,2017-04-04,0801,90615,2,2,5,5,4204,0,0,0,,0,033,"CHAPEL ST","PINE ST",0.00,,Y,A,-,N,,,,,,,,,,Y,4,0,2,2,A,-,09,21801,A,N,A,C,A,A,H,-,A,D,0,,,,,Y,,A,07,0,0,2,0,0,0,0,0,0,"- ","- ",34.9544,-120.43877999999999,"SANTA BARBARA","SANTA MARIA",-120.43885999,34.954260009999999
8346867,2017,2017-04-14,4203,2017-04-02,0939,6048,,7,5,5,4203,0,0,0,,0,006,"SHORELINE DR","SAN RAFAEL AV",0.00,,Y,A,-,N,,,,,,,,,,Y,4,0,2,2,A,-,03,22350,,N,C,C,A,A,H,-,A,D,0,,,,,Y,,-,,0,0,2,0,0,0,0,0,0,"- ","- ",34.234650000000002,-119.42354,"SANTA BARBARA","SANTA BARBARA",-119.70984999,34.396260069999997
8346871,2017,2017-04-14,4203,2017-04-04,1301,5751,42,2,5,5,4203,0,0,0,,0,004,"STATE ST","ARRELLAGA ST",0.00,,Y,A,-,N,,,,,,,,,,Y,4,0,1,2,A,-,12,21453,A,N,D,C,A,A,H,-,A,D,0,,,,,Y,,A,01,0,0,1,0,0,0,0,0,0,"- ","- ",34.427100000000003,-119.70961,"SANTA BARBARA","SANTA BARBARA",-119.70958994,34.427100039999999
8346875,2017,2017-04-14,4203,2017-04-05,1906,3197,,3,5,5,4203,0,0,0,,0,005,"CALLE REAL","JUNIPERO ST",0.00,,Y,A,-,N,,,,,,,,,,N,3,0,1,2,A,-,09,21804,A,N,D,G,A,A,H,-,A,A,0,,Y,,,Y,,L,04,0,1,0,0,0,0,1,0,0,"- ","- ",34.253700000000002,-119.43389999999999,"SANTA BARBARA","SANTA BARBARA",-119.72772988,34.42718
8365291,2017,2017-05-22,4204,2017-05-03,0445,90269,32,3,5,5,4204,0,0,0,,0,001,"FESLER ST","ROSEWOOD DR",60.00,E,N,A,-,N,,,,,,,,,,Y,4,0,1,2,A,-,08,22107,,M,F,C,A,A,H,-,C,D,0,,,,,Y,,A,07,0,0,1,0,0,0,0,0,0,"- ","- ",34.956899999999997,-120.45035,"SANTA BARBARA","SANTA MARIA",-120.44994990000001,34.956925499999997
8365299,2017,2017-05-15,4204,2017-04-27,1459,90139,75,4,5,5,4204,0,0,0,,0,003,"BETTERAVIA RD","COLLEGE DR",0.00,,Y,A,-,N,,,,,,,,,,Y,4,0,2,3,A,-,12,21453,A,N,D,C,A,A,H,-,A,A,0,,,,,Y,,A,01,0,0,2,0,0,0,0,0,0,"- ","- ",34.923499999999997,-120.42565,"SANTA BARBARA","SANTA MARIA",-120.42563995,34.923750060000003
8365422,2017,2017-05-15,4202,2017-04-18,1453,09566,,2,5,4,4202,0,0,0,,0,,"CENTRAL AV","L ST",25.00,,N,A,-,N,,,,,,,,,,N,4,0,1,2,A,-,08,22107,,F,B,C,A,A,H,-,A,A,0,,,,,Y,,A,01,0,0,1,0,0,0,0,0,0,"- ","- ",,,"SANTA BARBARA",LOMPOC,-120.46200989,34.660830050000001
8365426,2017,2017-05-15,4202,2017-04-18,1456,09566,,2,5,4,4202,0,0,0,,0,,"CENTRAL AV","L ST",21.00,W,N,A,-,N,,,,,,,,,,N,4,0,1,2,A,-,03,22350,,F,G,B,E,A,H,-,A,A,0,Y,,,,Y,,A,01,0,0,1,0,1,0,0,0,0,"- ","- ",,,"SANTA BARBARA",LOMPOC,-120.46207979,34.660831340000001
8366933,2017,2017-05-18,4203,2017-05-01,1648,23093,28,1,5,5,4203,0,0,0,,0,006,"MODOC RD","CALLE DE LOS AMIGOS",0.00,,Y,A,-,N,,,,,,,,,,Y,4,0,1,2,A,-,08,22100,B,N,B,C,A,A,H,-,A,D,0,,,,,Y,,-,,0,0,1,0,0,0,0,0,0,"- ","- ",34.430509999999998,-114.74451000000001,"SANTA BARBARA","SANTA BARBARA",-119.74807987,34.432780059999999
8366965,2017,2017-05-22,4203,2017-05-08,1237,2712,,1,5,5,4203,0,0,0,,0,005,"STATE ST","CALLE REAL",110.00,E,N,A,-,N,,,,,,,,,,Y,4,0,1,2,A,-,09,21801,A,N,A,C,A,A,H,-,A,D,0,,,,,Y,,-,,0,0,1,0,0,0,0,0,0,"- ","- ",34.262999999999998,-119.4511,"SANTA BARBARA","SANTA BARBARA",-119.75381544,34.440420000000003
8366969,2017,2017-05-22,4203,2017-05-01,1750,23770,,1,5,5,4203,0,0,0,,0,005,"LAS POSITAS RD","MCCAW AV",0.00,,Y,A,-,N,,,,,,,,,,Y,3,0,2,2,D,-,00,,,N,-,C,A,A,H,-,A,D,0,,,,,Y,,-,"- ",0,2,0,0,0,0,0,0,0,"- ","- ",34.438400000000001,-119.7338,"SANTA BARBARA","SANTA BARBARA",-119.73393987999999,34.438530030000003
8368100,2017,2017-05-19,4200,2017-05-05,1434,3116,14,5,5,4,4214,0,0,0,,0,050,"CALLE REAL","ENCINA LN",174.00,E,N,A,-,N,,,,,,,,,,Y,3,0,3,2,A,-,09,21804,A,N,D,C,A,A,H,-,A,D,0,,,,,Y,,A,01,0,2,1,0,0,0,0,0,0,"- ","- ",,,"SANTA BARBARA",GOLETA,-119.8271555,34.44143837
8368104,2017,2017-05-19,4200,2017-05-03,0748,3116,14,3,5,4,4214,0,0,0,,0,050,"CALLE REAL","KINGSTON AV",0.00,,Y,A,-,N,,,,,,,,,,Y,3,0,2,2,A,-,09,21802,A,N,D,C,A,-,H,-,A,A,0,,,,,Y,,A,01,0,1,1,0,0,0,0,0,0,"- ","- ",,,"SANTA BARBARA",GOLETA,-119.82168996,34.441130100000002
8368318,2017,2017-05-19,4204,2017-05-01,0848,19527,062,1,5,5,4204,0,0,0,,0,002,"WESTERN AV","MORRISON AV",0.00,,Y,A,-,N,,,,,,,,,,N,4,0,2,3,A,-,10,21950,A,N,G,B,B,A,H,-,A,A,0,Y,,,,Y,,A,01,0,0,2,0,2,0,0,0,0,"- ","- ",34.943539999999999,-120.44925000000001,"SANTA BARBARA","SANTA MARIA",-120.44949996,34.943250040000002
8368456,2017,2017-05-23,4204,2017-05-01,1307,22113,68,1,5,5,4204,0,0,0,,0,003,"BATTLES RD","MCCLELLAND ST",0.00,,Y,A,-,N,,,,,,,,,,N,4,0,1,2,A,-,09,21804,A,N,H,G,A,A,H,-,A,A,0,,Y,,,Y,,L,04,0,0,1,0,0,0,1,0,0,"- ","- ",34.931469999999997,-120.43507,"SANTA BARBARA","SANTA MARIA",-120.43489993,34.931470099999999
8360292,2017,2017-05-12,4203,2017-04-25,1550,22857,,2,5,5,4203,0,0,0,,0,006,"SAN ANDRES ST","SOLA ST",0.00,,Y,A,-,N,,,,,,,,,,N,3,0,1,2,D,-,00,,,M,D,G,A,A,H,-,A,A,0,,Y,,,Y,,-,"- ",0,1,0,0,0,0,1,0,0,"- ","- ",34.251399999999997,-119.4153,"SANTA BARBARA","SANTA BARBARA",-119.71489991999999,34.417820079999998
8373824,2017,2017-06-08,4204,2017-05-20,1557,90271,4204,6,5,5,4204,0,0,0,,0,001,"HIDDEN PINES WY","PREISKER LN",1000.00,W,N,A,-,N,,,,,,,,,,Y,2,0,2,2,A,-,01,23152,A,F,D,C,A,A,H,-,A,D,0,,,,,Y,Y,A,01,1,0,1,0,0,0,0,0,0,"- ","- ",34.985979999999998,-120.43518,"SANTA BARBARA","SANTA MARIA",-120.43873711000001,34.985995539999998
8373836,2017,2017-06-07,4204,2017-05-19,1225,90271,4204,5,5,5,4204,0,0,0,,0,003,"BATTLES RD","THORNBURG ST",0.00,,Y,A,-,N,,,,,,,,,,N,4,0,1,2,A,-,04,21703,,N,C,C,A,A,H,-,A,D,0,,,,,Y,,I,19,0,0,1,0,0,0,0,0,0,"- ","- ",,,"SANTA BARBARA","SANTA MARIA",-120.44048993,34.931540089999999
8375220,2017,2018-07-20,4203,2017-05-23,1616,6377,,2,5,5,4203,0,0,0,,0,006,"SAN ANDRES ST","PEDREGOSA ST",0.00,,Y,A,-,N,,,,,,,,,,Y,3,0,1,2,D,-,00,,,F,-,C,A,A,H,-,-,A,0,,,,,Y,,-,"- ",0,1,0,0,0,0,0,0,0,"- ","- ",34.422699999999999,-119.7213,"SANTA BARBARA","SANTA BARBARA",-119.72126996,34.422490099999997
8375304,2017,2017-06-07,4202,2017-05-14,2038,239,LOMPO,7,5,4,4202,0,0,0,,0,,"SANTA LUCIA CANYON RD","GUARD RD",819.00,S,N,A,-,N,,,,,,,,,,Y,2,0,1,1,A,-,01,23152,A,N,E,I,A,A,H,-,D,D,0,,,,,Y,Y,A,01,1,0,0,0,0,0,0,0,0,"- ","- ",,,"SANTA BARBARA",LOMPOC,-120.49556524,34.676550990000003
8375354,2017,2017-06-07,4202,2017-05-14,0448,15675,,7,5,4,4202,0,0,0,,0,,"AIRPORT AV","F ST",116.00,E,N,B,-,N,,,,,,,,,,Y,2,0,1,2,D,-,00,,,M,D,E,A,A,H,-,B,D,0,,,,,Y,Y,-,"- ",1,0,0,0,0,0,0,0,0,"- ","- ",,,"SANTA BARBARA",LOMPOC,-120.45482450999999,34.648583780000003
8375358,2017,2017-06-15,4202,2017-05-19,1857,234,LOMPO,5,5,4,4202,0,0,0,,0,,"AIRPORT AV","3RD ST",154.00,E,N,A,-,N,,,,,,,,,,N,3,0,1,2,A,-,09,21804,A,N,A,G,A,A,H,-,A,D,0,,Y,,,Y,,L,04,0,1,0,0,0,0,1,0,0,"- ","- ",,,"SANTA BARBARA",LOMPOC,-120.44460823,34.648491749999998