CASE_ID,ACCIDENT_YEAR,PROC_DATE,JURIS,COLLISION_DATE,COLLISION_TIME,OFFICER_ID,REPORTING_DISTRICT,DAY_OF_WEEK,CHP_SHIFT,POPULATION,CNTY_CITY_LOC,SPECIAL_COND,BEAT_TYPE,CHP_BEAT_TYPE,CITY_DIVISION_LAPD,CHP_BEAT_CLASS,BEAT_NUMBER,PRIMARY_RD,SECONDARY_RD,DISTANCE,DIRECTION,INTERSECTION,WEATHER_1,WEATHER_2,STATE_HWY_IND,CALTRANS_COUNTY,CALTRANS_DISTRICT,STATE_ROUTE,ROUTE_SUFFIX,POSTMILE_PREFIX,POSTMILE,LOCATION_TYPE,RAMP_INTERSECTION,SIDE_OF_HWY,TOW_AWAY,COLLISION_SEVERITY,NUMBER_KILLED,NUMBER_INJURED,PARTY_COUNT,PRIMARY_COLL_FACTOR,PCF_CODE_OF_VIOL,PCF_VIOL_CATEGORY,PCF_VIOLATION,PCF_VIOL_SUBSECTION,HIT_AND_RUN,TYPE_OF_COLLISION,MVIW,PED_ACTION,ROAD_SURFACE,ROAD_COND_1,ROAD_COND_2,LIGHTING,CONTROL_DEVICE,CHP_ROAD_TYPE,PEDESTRIAN_ACCIDENT,BICYCLE_ACCIDENT,MOTORCYCLE_ACCIDENT,TRUCK_ACCIDENT,NOT_PRIVATE_PROPERTY,ALCOHOL_INVOLVED,STWD_VEHTYPE_AT_FAULT,CHP_VEHTYPE_AT_FAULT,COUNT_SEVERE_INJ,COUNT_VISIBLE_INJ,COUNT_COMPLAINT_PAIN,COUNT_PED_KILLED,COUNT_PED_INJURED,COUNT_BICYCLIST_KILLED,COUNT_BICYCLIST_INJURED,COUNT_MC_KILLED,COUNT_MC_INJURED,PRIMARY_RAMP,SECONDARY_RAMP,LATITUDE,LONGITUDE,COUNTY,CITY,POINT_X,POINT_Y
8375397,2017,2017-06-07,4200,2017-05-13,1803,4472,14,6,5,4,4214,0,0,0,,0,080,"PACIFIC OAKS RD","LOS NINOS WY",0.00,,Y,A,-,N,,,,,,,,,,Y,3,0,2,2,A,-,09,21801,A,N,A,C,A,A,H,-,A,D,0,,,,,Y,,A,01,0,2,0,0,0,0,0,0,0,"- ","- ",,,"SANTA BARBARA",GOLETA,-119.87705997,34.427020050000003
8375401,2017,2017-06-07,4200,2017-05-24,1528,3116,14,3,5,4,4214,0,0,0,,0,050,"COVINGTON WY","CAMINO CASETA",0.00,,Y,A,-,N,,,,,,,,,,Y,4,0,1,2,A,-,09,21801,A,N,D,C,A,A,H,-,A,D,0,,,,,Y,,A,08,0,0,1,0,0,0,0,0,0,"- ","- ",,,"SANTA BARBARA",GOLETA,-119.85282995,34.444890090000001
8375405,2017,2017-06-08,4200,2017-05-11,1119,3116,14,4,5,4,4214,0,0,0,,0,060,"LOS CARNEROS RD","CASTILIAN DR",0.00,,Y,A,-,N,,,,,,,,,,Y,2,0,2,3,A,-,03,22350,,N,C,C,A,A,H,-,A,A,0,,,,,Y,,A,01,1,1,0,0,0,0,0,0,0,"- ","- ",,,"SANTA BARBARA",GOLETA,-119.85942993,34.431750010000002
8376036,2017,2018-02-12,4203,2017-05-16,2036,8120,,2,5,5,4203,0,0,0,,0,005,"LAS POSITAS RD","STATE ST",220.00,S,N,A,-,N,,,,,,,,,,Y,3,0,1,1,A,-,03,22350,,N,H,I,A,A,A,B,C,A,0,,Y,,,Y,Y,L,04,0,1,0,0,0,0,1,0,0,"- ","- ",,,"SANTA BARBARA","SANTA BARBARA",-119.73425372,34.439756590000002
8346959,2017,2017-04-25,4203,2017-04-11,1545,6700,34,2,5,5,4203,0,0,0,,0,004,"CHAPALA ST","ISLAY ST",0.00,,Y,A,-,N,,,,,,,,,,Y,3,0,2,2,A,-,09,21802,A,N,D,C,A,A,H,-,A,A,0,,,,,Y,,A,01,0,2,0,0,0,0,0,0,0,"- ","- ",34.427950000000003,-119.71328,"SANTA BARBARA","SANTA BARBARA",-119.71324998999999,34.427950039999999
8347282,2017,2018-04-03,4203,2017-04-07,2236,7187,,5,5,5,4203,0,0,0,,0,003,"GARDEN ST","RT 101",0.00,,Y,C,-,Y,SB,5,101,-,-,13.611,R,4,N,Y,4,0,1,2,A,-,01,23152,A,N,D,C,A,B,H,-,C,A,0,,,,,Y,Y,-,,0,0,1,0,0,0,0,0,0,"- ","- ",34.418410000000002,-119.69007000000001,"SANTA BARBARA","SANTA BARBARA",-119.69119275,34.417073010000003
8347286,2017,2017-05-02,4203,2017-04-03,1412,4937,,1,5,5,4203,0,0,0,,0,005,"STATE ST","TOYON DR",35.00,W,N,B,-,N,,,,,,,,,,Y,3,0,1,3,A,-,03,22350,,N,C,C,A,A,H,-,A,D,0,,,Y,,Y,,C,02,0,1,0,0,0,0,0,0,1,"- ","- ",34.440300000000001,-119.4418,"SANTA BARBARA","SANTA BARBARA",-119.73819598999999,34.440399999999997
8347310,2017,2017-04-17,4203,2017-04-07,2200,7897,45,5,5,5,4203,0,0,0,,0,003,"GARDEN ST","FIGUEROA ST",0.00,,Y,C,-,N,,,,,,,,,,Y,4,0,1,2,A,-,12,22450,A,N,D,C,A,B,H,-,C,A,0,,,,,Y,,-,,0,0,1,0,0,0,0,0,0,"- ","- ",34.44256,-119.69974999999999,"SANTA BARBARA","SANTA BARBARA",-119.69976991999999,34.425600019999997
8348711,2017,2017-08-04,4204,2017-03-21,0741,90620,33,2,5,5,4204,0,0,0,,0,002,BROADWAY,"CHAPEL ST",0.00,,Y,C,-,Y,SB,5,135,-,-,15.850,I,5,S,N,4,0,1,2,A,-,03,22350,,N,C,C,A,B,H,-,A,A,0,,,,,Y,,A,01,0,0,1,0,0,0,0,0,0,"- ","- ",34.954300000000003,-120.43581,"SANTA BARBARA","SANTA MARIA",-120.43594797999999,34.954206239999998
8348715,2017,2018-04-03,4204,2017-04-10,1625,22113,57,1,5,5,4204,0,0,0,,0,003,BROADWAY,"STOWELL RD",320.00,W,N,A,-,Y,SB,5,135,-,-,14.720,H,-,N,N,4,0,1,2,A,-,03,22350,,F,C,C,A,A,H,-,A,A,0,,,,,Y,,A,07,0,0,1,0,0,0,0,0,0,"- ","- ",34.938499999999998,-120.43595999999999,"SANTA BARBARA","SANTA MARIA",-120.43593479,34.937648920000001
8348968,2017,2018-04-03,4204,2017-04-15,1252,90274,34,6,5,5,4204,0,0,0,,0,002,"MAIN ST",BROADWAY,0.00,,Y,A,-,Y,SB,5,135,-,-,15.760,H,-,S,Y,4,0,1,4,A,-,12,21453,A,N,D,C,A,A,H,-,A,A,0,,,,,Y,,A,01,0,0,1,0,0,0,0,0,0,"- ","- ",34.953139999999998,-120.43586000000001,"SANTA BARBARA","SANTA MARIA",-120.43597527,34.952903399999997
8349045,2017,2018-04-23,4204,2017-04-12,1607,19527,016,3,5,5,4204,0,0,0,,0,001,BROADWAY,"DONOVAN RD",51.00,S,N,A,-,Y,SB,5,135,-,-,16.760,H,-,N,N,4,0,2,3,A,-,08,22107,,N,C,C,A,A,H,-,A,A,0,,,,,Y,,A,01,0,0,2,0,0,0,0,0,0,"- ","- ",34.967759999999998,-120.43544,"SANTA BARBARA","SANTA MARIA",-120.43561504,34.967458090000001
8349100,2017,2018-02-12,4203,2017-04-11,1923,22857,,2,5,5,4203,0,0,0,,0,005,"LAS POSITAS RD","STANLEY DR",27.00,W,N,A,-,N,,,,,,,,,,Y,4,0,1,2,A,-,08,22107,,N,F,C,A,A,H,-,B,A,0,,,,,Y,,A,07,0,0,1,0,0,0,0,0,0,"- ","- ",34.265999999999998,-119.441,"SANTA BARBARA","SANTA BARBARA",-119.73365,34.435299999999998
8349114,2017,2018-04-03,4204,2017-04-16,1312,19656,05,7,5,5,4204,0,0,0,,0,001,BROADWAY,"GRANT ST",10.00,S,N,A,-,Y,SB,5,135,-,-,17.130,H,-,N,N,4,0,1,2,A,-,03,22350,,N,C,C,A,A,H,-,A,A,0,,,Y,,Y,,A,01,0,0,1,0,0,0,0,0,1,"- ","- ",34.972790000000003,-120.43577000000001,"SANTA BARBARA","SANTA MARIA",-120.43554462,34.972774819999998
8386541,2017,2018-02-12,4203,2017-06-07,0653,24321,,3,5,5,4203,0,0,0,,0,012,"CASTILLO ST","MONTICITO ST",570.00,N,N,B,-,N,,,101,,,,,,,Y,4,0,2,2,A,-,08,22107,,N,D,D,A,B,F,-,A,A,0,,,,,Y,,A,07,0,0,2,0,0,0,0,0,0,"- ","- ",34.411790000000003,-119.69879,"SANTA BARBARA","SANTA BARBARA",-119.69881454,34.412154549999997
8369225,2017,2017-05-30,4203,2017-05-19,0940,1584,10,5,5,5,4203,0,0,0,,0,002,"COAST VILLAGE RD","BUTTERFLY LN",0.00,,Y,A,-,N,,,,,,,,,,N,3,0,1,2,A,-,10,21950,A,N,G,B,B,A,H,-,A,A,0,Y,,,,Y,,-,,0,1,0,0,1,0,0,0,0,"- ","- ",34.251750000000001,-119.38525,"SANTA BARBARA","SANTA BARBARA",-119.64782993,34.421520049999998
8369237,2017,2017-05-30,4203,2017-05-12,0752,5751,33,5,5,5,4203,0,0,0,,0,004,"W VICTORIA ST","STATE ST",86.00,W,N,A,-,N,,,,,,,,,,N,3,0,1,2,A,-,17,22517,,N,H,G,A,A,H,-,A,D,0,,Y,,,Y,,A,01,0,1,0,0,0,0,1,0,0,"- ","- ",34.424010000000003,-119.70599,"SANTA BARBARA","SANTA BARBARA",-119.70592907,34.42412333
8369938,2017,2017-06-01,4203,2017-05-21,1236,6877,,7,5,5,4203,0,0,0,,0,006,"SAN ANDRES ST","SOLA ST",180.00,S,N,A,-,N,,,,,,,,,,N,4,0,1,2,A,-,09,21804,A,N,-,C,A,A,H,-,A,A,0,,,,,Y,,-,,0,0,1,0,0,0,0,0,0,"- ","- ",34.2502,-119.4251,"SANTA BARBARA","SANTA BARBARA",-119.71444981,34.417495860000002
8369942,2017,2017-06-01,4203,2017-05-20,1440,23133,,6,5,5,4203,0,0,0,,0,003,"E HALEY ST","GARDEN ST",198.00,W,N,A,-,N,,,,,,,,,,Y,4,0,1,3,D,-,00,,,F,-,C,A,-,H,-,A,A,0,,,,,Y,,-,"- ",0,0,1,0,0,0,0,0,0,"- ","- ",34.419609999999999,-119.6925,"SANTA BARBARA","SANTA BARBARA",-119.69255029,34.41959971
8369950,2017,2017-06-01,4203,2017-05-22,1844,23093,,1,5,5,4203,0,0,0,,0,006,"KENTIA AV","MODOC RD",139.00,N,N,A,-,N,,,,,,,,,,N,3,0,1,2,A,-,03,22350,,F,E,B,E,A,H,-,A,-,0,Y,,,,Y,Y,-,,0,1,0,0,1,0,0,0,0,"- ","- ",34.425229999999999,-119.72524,"SANTA BARBARA","SANTA BARBARA",-119.72522189,34.425254209999999
8370639,2017,2017-05-19,4200,2017-03-02,1735,3077,14,4,5,4,4214,0,0,0,,0,050,"CALLE REAL","LA PATERA RD",240.00,W,N,A,-,N,,,,,,,,,,Y,3,0,3,3,A,-,03,22350,,N,C,C,A,A,H,-,A,D,0,,,,,Y,,A,01,0,1,2,0,0,0,0,0,0,"- ","- ",,,"SANTA BARBARA",GOLETA,-119.84359632,34.438680580000003
8371137,2017,2018-04-03,4203,2017-05-11,0927,6968,14,4,5,5,4203,0,0,0,,0,002,"CASTILLO ST","RT 101",0.00,,Y,A,-,Y,SB,5,101,-,R,14.340,R,4,S,Y,4,0,1,2,A,-,12,21453,A,N,D,C,A,A,H,-,A,A,0,,,,,Y,,-,,0,0,1,0,0,0,0,0,0,"- ",SF,34.244280000000003,-119.4156,"SANTA BARBARA","SANTA BARBARA",-119.70202696,34.412495569999997
8372390,2017,2017-05-25,4203,2017-05-14,0031,23518,,7,5,5,4203,0,0,0,,0,006,"CLIFF DR","LAS GAVIOTAS",100.00,W,N,A,-,N,,,,,,,,,,Y,4,0,1,2,A,-,03,22350,,N,C,C,A,A,H,-,C,D,0,,,,,Y,,-,,0,0,1,0,0,0,0,0,0,"- ","- ",34.241799999999998,-119.4447,"SANTA BARBARA","SANTA BARBARA",-119.74654615,34.405362910000001
8372394,2017,2017-05-25,4203,2017-05-11,1651,23768,,4,5,5,4203,0,0,0,,0,006,"WEST CARRILLO","CHINO ST",0.00,,Y,A,-,N,,,,,,,,,,Y,4,0,1,2,A,-,09,21801,A,N,D,C,A,A,H,-,A,A,0,,,,,Y,,A,01,0,0,1,0,0,0,0,0,0,"- ","- ",34.414400000000001,-119.7129,"SANTA BARBARA","SANTA BARBARA",-119.71281996,34.414500019999998
8372398,2017,2017-05-25,4203,2017-05-13,2338,23094,,6,5,5,4203,0,0,0,,0,003,"E COTA ST","SANTA BARBARA ST",200.00,E,N,A,-,N,,,,,,,,,,N,4,0,1,2,A,-,21,22106,,N,D,G,A,A,H,-,C,D,0,,Y,,,Y,,A,01,0,0,1,0,0,0,1,0,0,"- ","- ",34.420400000000001,-119.6939,"SANTA BARBARA","SANTA BARBARA",-119.69405661,34.420298080000002
8397894,2017,2017-07-10,4204,2017-06-26,0819,90719,4204,1,5,5,4204,0,0,0,,0,003,"BETTERAVIA RD","BRADLEY RD E",0.00,,Y,A,-,N,,,,,,,,,,N,4,0,1,2,A,-,12,21453,A,N,D,C,A,A,H,-,A,A,0,,,,,Y,,I,11,0,0,1,0,0,0,0,0,0,"- ","- ",34.923380000000002,-120.41987,"SANTA BARBARA","SANTA MARIA",-120.42206993000001,34.923740090000003
8376151,2017,2017-12-26,4203,2017-03-17,2030,4974,14,5,5,5,4203,0,0,0,,0,008,"HOLLISTER AV","LOS CARNEROS RD",0.00,,Y,A,-,N,,,,,,,,,,Y,3,0,2,2,A,-,12,21453,A,N,D,C,A,A,H,-,C,A,0,,,,,Y,,A,07,0,1,1,0,0,0,0,0,0,"- ","- ",34.43045,-119.85957999999999,"SANTA BARBARA","SANTA BARBARA",-119.8595899,34.430340020000003
8376191,2017,2017-05-31,4204,2017-03-17,0839,21199,099,5,5,5,4204,0,0,0,,0,099,"LAUREL ST","NORTH N ST",0.00,,Y,A,-,N,,,,,,,,,,N,4,0,1,2,A,-,09,21801,A,N,D,C,A,A,H,-,A,A,0,,,,,Y,,D,22,0,0,1,0,0,0,0,0,0,"- ","- ",,,"SANTA BARBARA","SANTA MARIA",-120.46545992,34.6438901
8376252,2017,2018-04-03,4204,2017-05-18,0355,90342,57,4,5,5,4204,0,0,0,,0,002,BROADWAY,"STOWELL RD",0.00,,Y,A,-,Y,SB,5,135,-,-,14.790,H,-,S,N,4,0,1,2,A,-,03,22350,,F,C,C,A,A,H,-,A,A,0,,,,,Y,,-,,0,0,1,0,0,0,0,0,0,"- ","- ",34.938499999999998,-120.43595999999999,"SANTA BARBARA","SANTA MARIA",-120.43609558999999,34.93865546
8376401,2017,2018-04-03,4204,2017-05-21,0151,90345,01,7,5,5,4204,0,0,0,,0,004,"TAYLOR ST",BROADWAY,0.00,,Y,B,-,Y,SB,5,135,-,-,17.280,I,5,S,N,3,0,3,2,A,-,09,21800,A,N,D,C,A,A,H,-,C,A,0,,,,,Y,,A,01,0,2,1,0,0,0,0,0,0,"- ","- ",34.974989999999998,-120.43567,"SANTA BARBARA","SANTA MARIA",-120.43565762,34.97496082
8376409,2017,2018-04-03,4204,2017-05-22,1914,90081,81,1,5,5,4204,0,0,0,,0,003,BROADWAY,"MCCOY LN",0.00,,Y,A,-,Y,SB,5,135,-,-,13.260,I,5,S,Y,4,0,1,2,A,-,12,21453,A,N,D,C,A,A,H,-,B,A,0,,,,,Y,,A,01,0,0,1,0,0,0,0,0,0,"- ","- ",34.916670000000003,-120.43615,"SANTA BARBARA","SANTA MARIA",-120.43610162,34.916664820000001
8376550,2017,2017-06-02,4203,2017-01-26,1653,,,4,5,5,4203,0,0,0,,0,,"CALLE REAL","HOPE AV",380.00,W,N,A,-,N,,,,,,,,,,Y,4,0,1,2,A,-,09,21801,A,N,A,C,A,A,H,-,A,D,0,,,,,Y,,A,01,0,0,1,0,0,0,0,0,0,"- ","- ",34.434849999999997,-119.74881000000001,"SANTA BARBARA","SANTA BARBARA",-119.74874602,34.434741250000002
8376718,2017,2018-04-03,4204,2017-05-30,1833,19527,035,2,5,5,4204,0,0,0,,0,1833,"MAIN ST","MILLER ST",0.00,,Y,B,-,Y,SB,5,166,-,-,8.130,I,5,E,Y,4,0,1,2,A,-,12,21453,A,N,D,C,A,A,H,-,A,A,0,,,,,Y,,A,01,0,0,1,0,0,0,0,0,0,"- ","- ",,,"SANTA BARBARA","SANTA MARIA",-120.43135287,34.953097380000003
8376725,2017,2018-03-02,4202,2017-03-18,2149,OLIVARES,LOMPO,6,5,4,4202,0,0,0,,0,,"H ST","OAK AV",0.00,,Y,A,-,Y,SB,5,1,-,-,21.451,I,5,S,N,4,0,2,3,A,-,11,21955,,N,G,B,D,A,H,-,C,D,0,Y,,,,Y,,N,60,0,0,2,0,2,0,0,0,0,"- ","- ",,,"SANTA BARBARA",LOMPOC,-120.4578121,34.65184017
8376729,2017,2018-04-03,4202,2017-05-21,2243,239,LOMPO,7,5,4,4202,0,0,0,,0,007,"WALNUT AV","RT 1",135.00,E,N,B,-,Y,SB,5,1,-,-,20.640,I,5,S,Y,4,0,1,1,A,-,03,22350,,N,E,I,A,A,H,-,C,A,0,,,,,Y,,A,01,0,0,1,0,0,0,0,0,0,"- ","- ",,,"SANTA BARBARA",LOMPOC,-120.45794553,34.640637580000003
8376895,2017,2017-06-01,4203,2017-04-28,1115,7083,4203,5,5,5,4203,0,0,0,,0,001,"EAST GUTIERREZ ST","VOLUNTARIO ST",0.00,,Y,A,-,N,,,,,,,,,,N,3,0,2,2,A,-,03,22350,,N,C,C,A,A,H,-,A,D,0,,,,,Y,,-,,0,1,1,0,0,0,0,0,0,"- ","- ",34.427900000000001,-119.6814,"SANTA BARBARA","SANTA BARBARA",-119.68179995,34.427480099999997
8376923,2017,2017-06-01,4203,2017-04-20,2009,24093,,4,5,5,4203,0,0,0,,0,001,"MILPAS ST","QUINIENTOS ST",0.00,,Y,A,-,N,,,,,,,,,,Y,4,0,1,2,A,-,09,21801,A,N,D,C,A,A,H,-,C,A,0,,,,,Y,,-,,0,0,1,0,0,0,0,0,0,"- ","- ",34.252499999999998,-119.404,"SANTA BARBARA","SANTA BARBARA",-119.67889987,34.421620060000002
8386628,2017,2018-04-10,4202,2017-06-06,1723,239,LOMPO,2,5,4,4202,0,0,0,,0,013,"OCEAN AV","L ST",0.00,,Y,A,-,Y,SB,5,246,-,-,9.270,I,5,E,Y,4,0,1,2,A,-,12,21453,A,N,D,C,A,A,H,-,A,A,0,,,,,Y,,A,01,0,0,1,0,0,0,0,0,0,"- ","- ",,,"SANTA BARBARA",LOMPOC,-120.46380517,34.638987350000001
8386829,2017,2018-04-03,4204,2017-05-25,1406,90139,16,4,5,5,4204,0,0,0,,0,001,BROADWAY,"MCELHANY AV N",0.00,,Y,A,-,Y,SB,5,135,-,-,16.410,I,5,N,Y,3,0,3,2,A,-,09,21801,B,N,D,C,A,A,H,-,A,D,0,,,,,Y,,A,01,0,1,2,0,0,0,0,0,0,"- ","- ",34.96246,-120.43565,"SANTA BARBARA","SANTA MARIA",-120.43566627,34.962350639999997
8386922,2017,2018-04-03,4204,2017-06-08,1114,23656,68,4,5,5,4204,0,0,0,,0,003,BROADWAY,"ENOS DR",0.00,,Y,A,-,Y,SB,5,135,-,-,14.480,H,-,S,N,4,0,1,2,A,-,03,22350,,N,C,C,A,A,H,-,A,A,0,,,,,Y,,A,07,0,0,1,0,0,0,0,0,0,"- ","- ",34.93412,-120.4361,"SANTA BARBARA","SANTA MARIA",-120.43612945,34.934257819999999
8386977,2017,2018-06-11,4204,2017-07-02,1754,90343,57,7,5,5,4204,0,0,0,,0,002,BROADWAY,"MORRISON AV",0.00,,Y,A,-,Y,SB,5,135,-,-,15.080,H,-,S,Y,4,0,2,4,A,-,03,22350,,F,C,C,A,A,H,-,A,A,0,,,,,Y,,A,07,0,0,2,0,0,0,0,0,0,"- ","- ",34.943089999999998,-120.4358,"SANTA BARBARA","SANTA MARIA",-120.4360968,34.943093079999997
8387048,2017,2018-04-03,4202,2017-05-22,1831,292,,1,5,4,4202,0,0,0,,0,,"RT 1","HANCOCK DR",151.00,W,N,A,-,Y,SB,5,1,-,R,23.530,H,-,S,Y,3,0,2,2,A,-,03,22350,,N,C,C,A,A,H,-,A,A,0,,,,,Y,,A,01,0,1,1,0,0,0,0,0,0,"- ","- ",,,"SANTA BARBARA",LOMPOC,-120.45829408,34.681279259999997
8387051,2017,2018-04-03,4204,2017-06-04,1429,90276,32,7,5,5,4204,0,0,0,,0,B02,"MAIN ST","WESTERN AV",99.00,W,N,A,-,Y,SB,5,166,-,-,7.100,H,-,W,Y,2,0,1,2,A,-,05,21651,A,N,H,G,A,A,H,-,A,D,0,,Y,,,Y,Y,L,04,1,0,0,0,0,0,1,0,0,"- ","- ",34.953180000000003,-120.44956999999999,"SANTA BARBARA","SANTA MARIA",-120.4497406,34.95332732
8387052,2017,2018-04-03,4202,2017-06-05,1349,292,,1,5,4,4202,0,0,0,,0,,"RT 1","PINE AV",164.00,S,N,A,-,Y,SB,5,1,-,-,21.260,H,-,N,Y,3,0,1,3,A,-,03,22350,,N,C,C,A,A,H,-,A,A,0,,,,,Y,,A,01,0,1,0,0,0,0,0,0,0,"- ","- ",,,"SANTA BARBARA",LOMPOC,-120.45773199,34.649066060000003
8387083,2017,2018-04-03,4201,2017-06-12,1752,9109,,1,5,2,4201,0,0,0,,0,,"GUADALUPE ST","GUADALUPE ST  889",0.00,,N,A,-,Y,SB,5,1,-,-,50.080,H,-,S,N,4,0,3,2,A,-,09,21804,A,N,D,C,A,A,H,-,A,D,0,,,,,Y,,-,,0,0,3,0,0,0,0,0,0,"- ","- ",,,"SANTA BARBARA",GUADALUPE,-120.57324224,34.970187639999999
8387094,2017,2018-04-03,4204,2017-06-19,2104,90268,16,1,5,5,4204,0,0,0,,0,001,BROADWAY,"BUNNY AV",0.00,,Y,A,-,Y,SB,5,135,-,-,16.470,I,5,N,Y,4,0,1,2,A,-,09,21802,A,N,C,A,A,A,D,H,C,D,0,,,,,Y,,A,01,0,0,1,0,0,0,0,0,0,"- ","- ",34.963270000000001,-120.43562,"SANTA BARBARA","SANTA MARIA",-120.43566762,34.963252820000001
8387362,2017,2018-04-10,4200,2017-05-17,1543,4608,11,3,5,2,4212,0,0,0,,0,,"RT 246","FREEAR DR",590.00,E,N,A,-,Y,SB,5,246,-,-,26.660,H,-,E,N,4,0,1,2,A,-,09,21801,A,N,H,-,A,A,H,-,A,D,0,,,Y,,Y,,A,07,0,0,1,0,0,0,0,0,1,"- ","- ",,,"SANTA BARBARA",BUELLTON,-120.18418800000001,34.609865929999998
8387775,2017,2017-06-15,4203,2017-05-20,1447,23767,,6,5,5,4203,0,0,0,,0,001,"N MILPAS ST","E YANONALI ST",30.00,N,N,A,-,N,,,,,,,,,,N,4,0,1,2,D,-,00,,,F,C,C,A,A,H,-,A,A,0,,,,,Y,,-,"- ",0,0,1,0,0,0,0,0,0,"- ","- ",34.423499999999997,-119.6815,"SANTA BARBARA","SANTA BARBARA",-119.68154939,34.423538980000004
8399089,2017,2018-05-09,4202,2017-06-13,0657,NEWTON,,2,5,4,4202,0,0,0,,0,,"OCEAN AV","H ST",0.00,,Y,A,-,Y,SB,5,1,-,-,20.565,I,5,S,Y,3,0,1,3,A,-,12,21453,A,N,D,C,A,A,H,-,A,A,0,,,,,Y,,A,01,0,1,0,0,0,0,0,0,0,"- ","- ",,,"SANTA BARBARA",LOMPOC,-120.45798360000001,34.638917229999997
8400027,2017,2017-08-15,4204,2017-07-04,2356,90246,11,2,5,5,4204,0,0,0,,0,001,"DONOVAN RD","CARLOTTI DR",0.00,,Y,A,-,N,,,,,,,,,,Y,4,0,1,2,A,-,09,21801,A,N,D,C,A,A,H,-,C,A,0,,,,,Y,,A,01,0,0,1,0,0,0,0,0,0,"- ","- ",34.968029999999999,-120.42066,"SANTA BARBARA","SANTA MARIA",-120.42069997999999,34.967640090000003
8400507,2017,2017-07-06,4204,2017-06-27,1221,23028,82,2,5,5,4204,0,0,0,,0,003,"MCCOY LN","MILLER ST",0.00,,Y,A,-,N,,,,,,,,,,Y,4,0,1,2,A,-,09,21801,A,N,D,C,A,A,D,E,A,A,0,,,,,Y,,A,01,0,0,1,0,0,0,0,0,0,"- ","- ",34.916469999999997,-120.43164,"SANTA BARBARA","SANTA MARIA",-120.43150994,34.916540079999997
8400511,2017,2017-07-06,4204,2017-06-26,1609,23028,75,1,5,5,4204,0,0,0,,0,003,"MILLER ST","ENOS DR",0.00,,Y,A,-,N,,,,,,,,,,Y,4,0,2,2,A,-,12,21453,A,N,D,C,A,A,H,-,A,A,0,,,,,Y,,A,07,0,0,2,0,0,0,0,0,0,"- ","- ",34.933970000000002,-120.43172,"SANTA BARBARA","SANTA MARIA",-120.43162998,34.934060070000001
8400558,2017,2017-07-07,4204,2017-06-25,1321,90719,4204,7,5,5,4204,0,0,0,,0,003,"SANTA MARIA WY","SUNRISE DR",0.00,,Y,A,-,N,,,,,,,,,,Y,4,0,2,3,A,-,01,23152,E,N,F,C,A,A,H,-,A,A,0,,,,,Y,,A,01,0,0,2,0,0,0,0,0,0,"- ","- ",34.908009999999997,-120.43301,"SANTA BARBARA","SANTA MARIA",-120.43290989,34.90780006
8400958,2017,2017-07-10,4200,2017-04-07,1800,3077,14,5,5,4,4214,0,0,0,,0,060,"ARMITOS AV","KINMAN AV",0.00,,Y,A,-,N,,,,,,,,,,N,4,0,1,2,A,-,"- ",,,N,B,C,A,A,H,-,C,A,0,,,,,Y,,A,07,0,0,1,0,0,0,0,0,0,"- ","- ",,,"SANTA BARBARA",GOLETA,-119.82230991,34.43844009
8401363,2017,2017-11-09,4203,2017-06-24,1507,2720,,6,5,5,4203,0,0,0,,0,004,"CHAPALA ST","ORTEGA ST",0.00,,Y,A,-,N,,,,,,,,,,Y,3,0,3,2,A,-,12,21453,A,N,D,C,A,A,H,-,A,A,0,,,,,Y,,-,"- ",0,2,1,0,0,0,0,0,0,"- ","- ",,,"SANTA BARBARA","SANTA BARBARA",-119.69917986999999,34.41763005
8401367,2017,2017-07-11,4203,2017-06-30,1125,3849,24,5,5,5,4203,0,0,0,,0,006,"LAS POSITAS RD","MODOC RD",0.00,,Y,A,-,N,,,225,,,,,,,Y,4,0,1,2,A,-,12,21453,A,N,D,C,A,A,H,-,A,A,0,,,,,Y,,-,,0,0,1,0,0,0,0,0,0,"- ","- ",34.426099999999998,-119.73480000000001,"SANTA BARBARA","SANTA BARBARA",-119.73480111000001,34.426111779999999
8401466,2017,2017-07-14,4203,2017-07-02,1525,23133,,7,5,5,4203,0,0,0,,0,003,"E HALEY ST","OLIVE ST",39.00,W,N,A,-,N,,,,,,,,,,Y,4,0,1,2,A,-,03,22350,,N,C,C,A,A,H,-,A,D,0,,,,,Y,,-,,0,0,1,0,0,0,0,0,0,"- ","- ",34.421999999999997,-119.68996,"SANTA BARBARA","SANTA BARBARA",-119.68991647999999,34.422060440000003
8401470,2017,2017-07-14,4203,2017-07-08,2113,22856,,6,5,5,4203,0,0,0,,0,002,"SHORELINE DR","LOMA ALTA DR",0.00,,Y,A,-,N,,,,,,,,,,N,4,0,1,2,A,-,09,21801,A,N,A,C,A,A,H,-,C,A,0,,,,,Y,,-,,0,0,1,0,0,0,0,0,0,"- ","- ",34.241100000000003,-119.4151,"SANTA BARBARA","SANTA BARBARA",-119.69773995,34.403200040000002
8402020,2017,2017-07-19,4204,2017-07-02,0824,90081,15,7,5,5,4204,0,0,0,,0,001,"ALVIN AV","RAILROAD AV",0.00,,Y,A,-,N,,,,,,,,,,Y,4,0,1,2,A,-,12,21453,A,N,D,C,A,A,H,-,A,A,0,,,,,Y,,A,01,0,0,1,0,0,0,0,0,0,"- ","- ",34.96069,-120.44454,"SANTA BARBARA","SANTA MARIA",-120.4445899,34.960509999999999