CASE_ID,ACCIDENT_YEAR,PROC_DATE,JURIS,COLLISION_DATE,COLLISION_TIME,OFFICER_ID,REPORTING_DISTRICT,DAY_OF_WEEK,CHP_SHIFT,POPULATION,CNTY_CITY_LOC,SPECIAL_COND,BEAT_TYPE,CHP_BEAT_TYPE,CITY_DIVISION_LAPD,CHP_BEAT_CLASS,BEAT_NUMBER,PRIMARY_RD,SECONDARY_RD,DISTANCE,DIRECTION,INTERSECTION,WEATHER_1,WEATHER_2,STATE_HWY_IND,CALTRANS_COUNTY,CALTRANS_DISTRICT,STATE_ROUTE,ROUTE_SUFFIX,POSTMILE_PREFIX,POSTMILE,LOCATION_TYPE,RAMP_INTERSECTION,SIDE_OF_HWY,TOW_AWAY,COLLISION_SEVERITY,NUMBER_KILLED,NUMBER_INJURED,PARTY_COUNT,PRIMARY_COLL_FACTOR,PCF_CODE_OF_VIOL,PCF_VIOL_CATEGORY,PCF_VIOLATION,PCF_VIOL_SUBSECTION,HIT_AND_RUN,TYPE_OF_COLLISION,MVIW,PED_ACTION,ROAD_SURFACE,ROAD_COND_1,ROAD_COND_2,LIGHTING,CONTROL_DEVICE,CHP_ROAD_TYPE,PEDESTRIAN_ACCIDENT,BICYCLE_ACCIDENT,MOTORCYCLE_ACCIDENT,TRUCK_ACCIDENT,NOT_PRIVATE_PROPERTY,ALCOHOL_INVOLVED,STWD_VEHTYPE_AT_FAULT,CHP_VEHTYPE_AT_FAULT,COUNT_SEVERE_INJ,COUNT_VISIBLE_INJ,COUNT_COMPLAINT_PAIN,COUNT_PED_KILLED,COUNT_PED_INJURED,COUNT_BICYCLIST_KILLED,COUNT_BICYCLIST_INJURED,COUNT_MC_KILLED,COUNT_MC_INJURED,PRIMARY_RAMP,SECONDARY_RAMP,LATITUDE,LONGITUDE,COUNTY,CITY,POINT_X,POINT_Y
8377222,2017,2017-07-26,4201,2017-05-25,1910,6573,,4,5,2,4201,0,0,0,,0,,"SIMAS RD","11TH ST",215.00,N,N,A,-,N,,,,,,,,,,N,3,0,1,1,A,-,01,23152,A,N,F,J,A,A,H,-,A,A,0,,,,,Y,Y,-,,0,1,0,0,0,0,0,0,0,"- ","- ",,,"SANTA BARBARA",GUADALUPE,-120.55837,34.966859999999997
8378370,2017,2017-06-28,4200,2017-06-13,1640,3683,14,2,5,4,4214,0,0,0,,0,080,"HOLLISTER AV","SANTA FELICIA DR",5.00,W,N,A,-,N,,,,,,,,,,Y,3,0,2,4,A,-,03,22350,,N,C,C,A,A,D,-,A,D,0,,,,,Y,,A,07,0,1,1,0,0,0,0,0,0,"- ","- ",,,"SANTA BARBARA",GOLETA,-119.87591657,34.430119740000002
8378382,2017,2017-06-28,4200,2017-05-16,1258,3683,14,2,5,4,4214,0,0,0,,0,050,"FAIRVIEW AV","CATHEDRAL OAKS RD",0.00,,Y,A,-,N,,,,,,,,,,Y,3,0,3,2,A,-,12,21453,A,N,D,C,A,A,H,-,A,A,0,,,,,Y,,D,22,0,1,2,0,0,0,0,0,0,"- ","- ",,,"SANTA BARBARA",GOLETA,-119.83070993,34.451380059999998
8378869,2017,2017-06-24,4200,2017-04-06,1955,4472,14,4,5,4,4214,0,0,0,,0,060,"LOS CARNEROS RD","CALLE KORAL",0.00,,Y,A,-,N,,,,,,,,,,Y,3,0,1,3,A,-,09,21453,C,N,A,C,A,A,H,-,C,A,0,,,,,Y,,A,01,0,1,0,0,0,0,0,0,0,"- ","- ",,,"SANTA BARBARA",GOLETA,-119.85361999,34.434160079999998
8379210,2017,2017-06-16,4203,2017-05-26,0916,23133,,5,5,5,4203,0,0,0,,0,002,"W MONTECITO ST","BATH ST",0.00,,Y,A,-,N,,,,,,,,,,Y,4,0,1,2,A,-,12,22450,A,N,D,C,A,A,H,-,A,A,0,,,,,Y,,-,,0,0,1,0,0,0,0,0,0,"- ","- ",34.411749999999998,-119.69634000000001,"SANTA BARBARA","SANTA BARBARA",-119.69628993000001,34.411800030000002
8379263,2017,2017-06-17,4203,2017-06-07,0843,7189,,3,5,5,4203,0,0,0,,0,001,"ALAMEDA PADRE SERRA","DOVER LN",0.00,,Y,B,-,N,,,,,,,,,,N,4,0,1,2,A,-,08,22107,,N,D,C,A,B,H,-,A,D,0,,,,,Y,,A,07,0,0,1,0,0,0,0,0,0,"- ","- ",34.437359999999998,-119.69404,"SANTA BARBARA","SANTA BARBARA",-119.69406995,34.437370090000002
8379867,2017,2017-08-03,4203,2017-06-18,1403,3626,,7,5,5,4203,0,0,0,,0,002,"SHORELINE DR","LA MARINA DR",50.00,E,N,A,-,N,,,,,,,,,,Y,4,0,1,1,A,-,08,22107,,N,-,J,A,A,H,-,A,A,0,,,,,Y,,-,,0,0,1,0,0,0,0,0,0,"- ","- ",34.3994,-119.70285,"SANTA BARBARA","SANTA BARBARA",-119.70292177,34.399335090000001
8379902,2017,2018-04-03,4200,2017-06-14,1517,2728,,3,5,2,4206,0,0,0,,0,006,"MISSION DR","ALAMO PINTADO RD",0.00,,Y,A,-,Y,SB,5,246,-,-,30.027,H,-,E,N,4,0,1,3,A,-,01,23152,A,N,C,C,A,A,H,-,A,A,0,,,,,Y,Y,A,01,0,0,1,0,0,0,0,0,0,"- ","- ",,,"SANTA BARBARA",SOLVANG,-120.13190551,34.596905820000003
8379986,2017,2017-07-07,4204,2017-06-13,0828,19527,042,2,5,5,4204,0,0,0,,0,002,"COOK ST","PINE ST",19.00,E,N,A,-,N,,,,,,,,,,N,4,0,2,2,A,-,03,22350,,N,C,C,A,A,H,-,A,A,0,,,,,Y,,J,48,0,0,2,0,0,0,0,0,0,"- ","- ",34.94997,-120.43903,"SANTA BARBARA","SANTA MARIA",-120.43887662,34.949840000000002
8380593,2017,2017-06-05,4204,2017-05-05,1339,21338,075,5,5,5,4204,0,0,0,,0,003,"BETTERAVIA RD","COLLEGE DR",0.00,,Y,A,-,N,,,,,,,,,,Y,4,0,2,3,A,-,12,21453,A,N,D,C,A,A,H,-,A,A,0,,,,,Y,,A,08,0,0,2,0,0,0,0,0,0,"- ","- ",34.923499999999997,-120.42565,"SANTA BARBARA","SANTA MARIA",-120.42563995,34.923750060000003
8380620,2017,2017-06-02,4204,2017-05-18,0834,90139,,4,5,5,4204,0,0,0,,0,,"BRADLEY RD","STOWELL RD",0.00,,Y,A,-,N,,,,,,,,,,N,4,0,1,2,A,-,21,22106,,N,C,C,A,A,H,-,A,A,0,,,,,Y,,A,07,0,0,1,0,0,0,0,0,0,"- ","- ",34.938299999999998,-120.41945,"SANTA BARBARA","SANTA MARIA",-120.41941998,34.938339999999997
8402021,2017,2017-07-28,4204,2017-06-19,1727,90614,3,1,5,5,4204,0,0,0,,0,001,"BLOSSER RD","TAYLOR ST",0.00,,Y,A,-,N,,,,,,,,,,Y,4,0,2,2,A,-,09,21804,,F,E,-,A,A,H,-,A,C,0,,,,,Y,,A,01,0,0,2,0,0,0,0,0,0,"- ","- ",34.975119999999997,-120.45366,"SANTA BARBARA","SANTA MARIA",-120.45347988,34.975140019999998
8402033,2017,2017-07-28,4204,2017-06-17,1547,90139,,6,5,5,4204,0,0,0,,0,003,"MILLER ST","NEWLOVE DR",0.00,,Y,A,-,N,,,,,,,,,,N,4,0,2,2,A,-,09,21802,A,N,D,C,A,A,H,-,A,A,0,,,,,Y,,A,01,0,0,2,0,0,0,0,0,0,"- ","- ",34.929760000000002,-120.43199,"SANTA BARBARA","SANTA MARIA",-120.4317999,34.929810099999997
8402075,2017,2017-07-17,4203,2017-06-30,1045,24080,,5,5,5,4203,0,0,0,,0,004,"W MICHELTORENA ST","BATH ST",48.00,E,N,A,-,N,,,,,,,,,,N,4,0,1,2,A,-,03,22350,,N,B,E,A,A,H,-,A,D,0,,,,,Y,,-,,0,0,1,0,0,0,0,0,0,"- ","- ",34.423020000000001,-119.71158,"SANTA BARBARA","SANTA BARBARA",-119.71153569000001,34.423119479999997
8402153,2017,2017-08-01,4204,2017-07-04,1236,19527,089,2,5,5,4204,0,0,0,,0,003,"HAWKINS WY","COLLEGE DR",3.00,E,N,A,-,N,,,,,,,,,,N,4,0,1,2,A,-,09,21802,A,N,D,G,A,A,H,-,A,A,0,,Y,,,Y,,A,07,0,0,1,0,0,0,1,0,0,"- ","- ",34.912439999999997,-120.4246,"SANTA BARBARA","SANTA MARIA",-120.42466077,34.912413190000002
8402294,2017,2018-06-11,4204,2017-07-10,1350,90276,57,1,5,5,4204,0,0,0,,0,B02,BROADWAY,"MORRISON AV",9.00,N,N,A,-,Y,SB,5,135,-,-,15.080,I,5,S,N,4,0,1,2,A,-,11,21453,D,F,G,B,B,A,H,-,A,A,0,Y,,,,Y,,N,60,0,0,1,0,1,0,0,0,0,"- ","- ",34.943089999999998,-120.4358,"SANTA BARBARA","SANTA MARIA",-120.4360968,34.943093079999997
8402427,2017,2017-07-17,4204,2017-06-29,2008,90228,53,4,5,5,4204,0,0,0,,0,002,"501 E BOONE ST","BOONE ST",0.00,,Y,A,-,N,,,,,,,,,,Y,3,0,1,1,A,-,01,23152,E,N,E,I,A,A,H,-,B,D,0,,,,,Y,,A,01,0,1,0,0,0,0,0,0,0,"- ","- ",,,"SANTA BARBARA","SANTA MARIA",-120.4359299,34.947130110000003
8402502,2017,2017-07-27,4204,2017-07-08,1121,90269,68,6,5,5,4204,0,0,0,,0,003,"BATTLES RD","MILLER ST",0.00,,Y,A,-,N,,,,,,,,,,N,4,0,2,2,A,-,03,22350,,N,C,C,A,A,H,-,A,A,0,,,,,Y,,A,07,0,0,2,0,0,0,0,0,0,"- ","- ",34.931330000000003,-120.4319,"SANTA BARBARA","SANTA MARIA",-120.4317799,34.931440070000001
8402506,2017,2017-07-28,4204,2017-07-03,2347,90200,82,1,5,5,4204,0,0,0,,0,003,"BETTERAVIA RD","MILLER ST",0.00,,Y,A,-,N,,,,,,,,,,Y,4,0,1,2,A,-,09,21800,,N,D,C,A,A,H,-,C,A,0,,,,,Y,,-,"- ",0,0,1,0,0,0,0,0,0,"- ","- ",34.922350000000002,-120.43127,"SANTA BARBARA","SANTA MARIA",-120.43128989,34.922600070000001
8403001,2017,2017-11-09,4203,2017-06-02,0907,5751,52,5,5,5,4203,0,0,0,,0,005,"STATE ST","TOYON DR",0.00,,Y,A,-,N,,,,,,,,,,N,4,0,1,1,C,-,18,,,N,H,A,A,A,H,-,A,D,0,,,,,Y,,-,"- ",0,0,1,0,0,0,0,0,0,"- ","- ",34.440539999999999,-119.73815,"SANTA BARBARA","SANTA BARBARA",-119.73807999,34.440400080000003
8403305,2017,2017-07-10,4203,2017-06-24,0830,240,,6,5,5,4203,0,0,0,,0,006,"GILLESPIE ST","VICTORIA ST",0.00,,Y,A,-,N,,,,,,,,,,N,3,0,1,2,A,-,09,21802,A,N,H,A,A,A,H,-,A,D,0,,,,,Y,,A,01,0,1,0,0,0,0,0,0,0,"- ","- ",34.4148,-119.71599999999999,"SANTA BARBARA","SANTA BARBARA",-119.71581988,34.414850020000003
8403309,2017,2017-07-10,4203,2017-06-24,1536,2407,,6,5,5,4203,0,0,0,,0,003,"SOLA ST","GARDEN ST",310.00,W,N,A,-,N,,,,,,,,,,N,4,0,1,2,D,-,00,,,N,B,G,A,A,H,-,A,A,0,,Y,,,Y,,-,"- ",0,0,1,0,0,0,1,0,0,"- ","- ",34.427599999999998,-119.70399999999999,"SANTA BARBARA","SANTA BARBARA",-119.70432129,34.427780439999999
8387834,2017,2017-06-13,4203,2017-05-26,1350,23133,,5,5,5,4203,0,0,0,,0,005,"STATE ST","ALAMAR AV",0.00,,Y,A,-,N,,,,,,,,,,Y,3,0,1,2,A,-,09,21801,A,N,A,C,A,A,H,-,A,A,0,,,,,Y,,-,,0,1,0,0,0,0,0,0,0,"- ","- ",34.438420000000001,-119.72468000000001,"SANTA BARBARA","SANTA BARBARA",-119.72476989,34.438540029999999
8387838,2017,2017-06-13,4203,2017-05-26,0632,7774,,5,5,5,4203,0,0,0,,0,002,"SAN PASCUAL ST","SUTTON AV",125.00,N,N,B,-,N,,,,,,,,,,Y,3,0,2,2,A,-,08,22107,,N,A,C,A,A,H,-,A,D,0,,,,,Y,,-,,0,1,1,0,0,0,0,0,0,"- ","- ",,,"SANTA BARBARA","SANTA BARBARA",-119.70574399,34.413063059999999
8388092,2017,2017-06-14,4203,2017-05-31,0834,23770,,3,5,5,4203,0,0,0,,0,002,"SANTA BARBARA ST","MONTECITO ST",123.00,S,N,B,-,N,,,,,,,,,,Y,4,0,2,2,A,-,09,21804,A,N,D,C,A,A,H,-,A,D,0,,,,,Y,,A,01,0,0,2,0,0,0,0,0,0,"- ","- ",34.416699999999999,-119.6902,"SANTA BARBARA","SANTA BARBARA",-119.69020672000001,34.416806950000002
8388201,2017,2017-06-15,4203,2017-06-04,1512,28L,,7,5,5,4203,0,0,0,,0,006,"PACIFIC AV","SANTA RITA CIR",225.00,W,N,A,-,N,,,,,,,,,,N,3,0,1,2,A,-,11,21954,A,N,D,B,E,A,H,-,A,D,0,Y,,,,Y,,N,60,0,1,0,0,1,0,0,0,0,"- ","- ",34.234999999999999,-119.4243,"SANTA BARBARA","SANTA BARBARA",-119.71248217999999,34.397462300000001
8388205,2017,2017-06-15,4203,2017-06-02,1915,7897,,5,5,5,4203,0,0,0,,0,001,"W MOUNTAIN DR","HILLCREST RD",1015.00,W,N,A,-,N,,,,,,,,,,Y,3,0,2,1,C,-,18,,,N,-,I,A,A,H,-,A,A,0,,,,,Y,,-,"- ",0,2,0,0,0,0,0,0,0,"- ","- ",34.444690000000001,-119.69824,"SANTA BARBARA","SANTA BARBARA",-119.69814798,34.444818720000001
8388209,2017,2017-06-15,4203,2017-06-04,1052,0673,61,7,5,5,4203,0,0,0,,0,001,"COTA ST","NOPAL ST",0.00,,Y,A,-,N,,,,,,,,,,N,3,0,1,2,A,-,08,22107,,N,B,C,A,A,H,-,A,D,0,,,Y,,Y,,A,01,0,1,0,0,0,0,0,0,1,"- ","- ",34.253399999999999,-119.41159999999999,"SANTA BARBARA","SANTA BARBARA",-119.68773992,34.426190069999997
8388720,2017,2018-04-03,4200,2017-05-26,1330,4576,14,5,5,2,4206,0,0,0,,0,,"RT 246","ATTERDAG RD",0.00,,Y,A,-,Y,SB,5,246,-,-,29.440,I,5,E,Y,3,0,1,3,A,-,03,22350,,N,C,C,A,A,H,-,A,A,0,,,,,Y,,-,,0,1,0,0,0,0,0,0,0,"- ","- ",,,"SANTA BARBARA",SOLVANG,-120.14172934,34.596039150000003
8389646,2017,2017-06-19,4203,2017-06-06,0810,6700,32,2,5,5,4203,0,0,0,,0,004,"FIGUEROA ST","BATH ST",0.00,,Y,B,-,N,,,,,,,,,,N,4,0,1,2,A,-,10,21950,A,N,G,B,B,A,H,-,A,A,0,Y,,,,Y,,A,01,0,0,1,0,1,0,0,0,0,"- ","- ",34.419319999999999,-119.70650999999999,"SANTA BARBARA","SANTA BARBARA",-119.70654994,34.419280049999998
8389650,2017,2017-06-19,4203,2017-06-06,1458,23770,,2,5,5,4203,0,0,0,,0,006,"MODOC RD","LAS POSITAS RD",180.00,W,N,A,-,N,,,,,,,,,,Y,4,0,1,2,A,-,09,21804,A,N,D,C,A,A,H,-,A,A,0,,,,,Y,,A,01,0,0,1,0,0,0,0,0,0,"- ","- ",34.426400000000001,-119.7354,"SANTA BARBARA","SANTA BARBARA",-119.73529061000001,34.426376550000001
8389685,2017,2017-08-15,4203,2017-06-03,0907,3849,66,6,5,5,4203,0,0,0,,0,001,"ALPHONSE ST","N ALISOS ST",0.00,,Y,B,-,N,,,,,,,,,,N,2,0,1,2,D,-,00,,,N,D,G,A,A,H,-,A,A,0,,Y,,,Y,,-,"- ",1,0,0,0,0,0,1,0,0,"- ","- ",34.428800000000003,-119.6861,"SANTA BARBARA","SANTA BARBARA",-119.68611988000001,34.428810030000001
8389689,2017,2017-06-19,4203,2017-06-10,1205,9480,,6,5,5,4203,0,0,0,,0,005,"STATE ST","JUNIPERO ST",165.00,N,N,A,-,N,,,,,,,,,,N,2,0,1,2,A,-,08,22107,A,N,C,G,A,A,H,-,A,D,0,,Y,,,Y,,L,04,1,0,0,0,0,0,1,0,0,"- ","- ",34.260750000000002,-119.43183999999999,"SANTA BARBARA","SANTA BARBARA",-119.72022034,34.43482942
8380721,2017,2017-06-06,4203,2017-05-22,1617,3510,,1,5,5,4203,0,0,0,,0,004,"DE LA VINA ST","LOS OLIVOS ST",225.00,S,N,A,-,N,,,,,,,,,,N,3,0,1,2,A,-,17,22517,,N,H,G,A,A,H,-,A,D,0,,Y,,,Y,,-,,0,1,0,0,0,0,1,0,0,"- ","- ",34.254820000000002,-119.43038,"SANTA BARBARA","SANTA BARBARA",-119.71891048000001,34.430253610000001
8381700,2017,2017-06-12,4204,2017-05-17,1650,90270,10,3,5,5,4204,0,0,0,,0,B01,"LYNNE DR","DONOVAN RD",18.00,S,N,A,-,N,,,,,,,,,,N,4,0,1,2,A,-,03,22350,,N,C,C,A,A,H,-,A,D,0,,,,,Y,,A,01,0,0,1,0,0,0,0,0,0,"- ","- ",34.967550000000003,-120.42657,"SANTA BARBARA","SANTA MARIA",-120.42675,34.967660000000002
8381931,2017,2018-04-03,4204,2017-05-30,1140,19527,068,2,5,5,4204,0,0,0,,0,003,"BATTLES RD",BROADWAY,100.00,W,N,A,-,Y,SB,5,101,-,-,14.280,I,6,S,N,4,0,1,2,A,-,08,22107,,N,B,C,A,A,H,-,A,D,0,,,,Y,Y,,F,26,0,0,1,0,0,0,0,0,0,"- ","- ",34.931510000000003,-120.43617999999999,"SANTA BARBARA","SANTA MARIA",-119.70051017999999,34.412167539999999
8381935,2017,2017-06-15,4204,2017-06-06,1659,19527,082,2,5,5,4204,0,0,0,,0,003,"BETTERAVIA RD","MILLER ST",99.00,E,N,A,-,N,,,,,,,,,,N,3,0,1,2,A,-,21,22106,,N,C,C,A,A,H,-,A,D,0,,,,Y,Y,,D,22,0,1,0,0,0,0,0,0,0,"- ","- ",34.922350000000002,-120.43127,"SANTA BARBARA","SANTA MARIA",-120.43100778,34.922741109999997
8382351,2017,2017-06-14,4204,2017-06-02,1603,90617,4204,5,5,5,4204,0,0,0,,0,002,"BLOSSER RD","MORRISON AV",0.00,,Y,A,-,N,,,,,,,,,,Y,3,0,1,2,A,-,21,22106,,N,D,C,A,A,H,-,A,A,0,,,,,Y,,A,01,0,1,0,0,0,0,0,0,0,"- ","- ",34.943199999999997,-120.45404000000001,"SANTA BARBARA","SANTA MARIA",-120.45379989,34.943310109999999
8382375,2017,2017-06-14,4204,2017-06-03,0502,90621,82,6,5,5,4204,0,0,0,,0,003,BROADWAY,"BETTERAVIA RD",0.00,,Y,A,-,N,,,135,,,,,,,Y,4,0,1,2,A,-,12,21453,A,N,D,C,A,A,H,-,C,A,0,,,,,Y,,A,01,0,0,1,0,0,0,0,0,0,"- ","- ",34.92089,-120.43613000000001,"SANTA BARBARA","SANTA MARIA",-120.43611584,34.92088914
8382383,2017,2017-06-14,4204,2017-06-01,1403,19527,060,4,5,5,4204,0,0,0,,0,003,"BLOSSER RD","STOWELL RD",0.00,,Y,A,-,N,,,,,,,,,,Y,3,0,1,2,A,-,12,21453,A,N,D,C,A,A,H,-,A,A,0,,,,,Y,,A,01,0,1,0,0,0,0,0,0,0,"- ","- ",34.939079999999997,-120.45375,"SANTA BARBARA","SANTA MARIA",-120.45389993000001,34.938780000000001
8382391,2017,2017-06-14,4204,2017-06-02,1552,90274,48,5,5,5,4204,0,0,0,,0,002,"COOK ST","COLLEGE DR",100.00,E,N,A,-,N,,,,,,,,,,N,3,0,1,2,A,-,21,22106,,F,G,B,F,A,H,-,A,A,0,Y,,,,Y,,-,99,0,1,0,0,1,0,0,0,0,"- ","- ",34.949689999999997,-120.42493,"SANTA BARBARA","SANTA MARIA",-120.42448641999999,34.949911559999997
8383167,2017,2017-06-13,4204,2017-05-25,0954,90376,82,4,5,5,4204,0,0,0,,0,003,"BETTERAVIA RD","MILLER ST",50.00,E,N,A,-,N,,,,,,,,,,N,4,0,1,2,A,-,08,22107,,N,B,C,A,A,H,-,A,A,0,,,,Y,Y,,F,26,0,0,1,0,0,0,0,0,0,"- ","- ",34.922350000000002,-120.43127,"SANTA BARBARA","SANTA MARIA",-120.43114747,34.922671270000002
8383171,2017,2017-06-13,4204,2017-05-26,1717,90365,76,5,5,5,4204,0,0,0,,0,003,"BETTERAVIA RD","BRADLEY RD",0.00,,Y,A,-,N,,,,,,,,,,Y,4,0,1,3,A,-,03,22350,,N,C,C,A,A,H,-,A,A,0,,,,Y,Y,,F,26,0,0,1,0,0,0,0,0,0,"- ","- ",34.923380000000002,-120.41987,"SANTA BARBARA","SANTA MARIA",-120.42206993000001,34.923740090000003
8383610,2017,2017-06-08,4204,2017-05-29,1200,90619,7,1,5,5,4204,0,0,0,,0,001,"TAYLOR ST","SAMANTHA DR",85.00,W,N,A,-,N,,,,,,,,,,N,4,0,1,3,A,-,21,22106,,N,G,B,F,A,H,-,A,D,0,Y,,,,Y,,A,01,0,0,1,0,1,0,0,0,0,"- ","- ",34.975079999999998,-120.43876,"SANTA BARBARA","SANTA MARIA",-120.43891361,34.975003219999998
8403443,2017,2017-07-21,4200,2017-06-06,1123,3886,10,2,5,3,4205,0,0,0,,0,040,"FOOTHILL RD","LINDEN AV",895.00,W,N,A,-,N,,,,,,,,,,N,2,0,1,2,A,-,09,21804,A,N,D,G,A,A,H,-,A,A,0,,Y,,,Y,,D,22,1,0,0,0,0,0,1,0,0,"- ","- ",,,"SANTA BARBARA",CARPINTERIA,-119.51487,34.407820000000001
8403890,2017,2017-07-12,4204,2017-06-19,1159,90081,34,1,5,5,4204,0,0,0,,0,002,"MILLER ST","CHAPEL ST",0.00,,Y,A,-,N,,,,,,,,,,N,4,0,1,2,D,-,00,,,F,G,B,E,A,H,-,A,A,0,Y,,,,Y,,-,"- ",0,0,1,0,1,0,0,0,0,"- ","- ",34.954230000000003,-120.43143000000001,"SANTA BARBARA","SANTA MARIA",-120.43146987999999,34.954270030000004
8404004,2017,2017-07-24,4203,2017-07-04,0954,24073,88,2,5,5,4203,0,0,0,,0,011,"HOLLISTER AV","AERO CAMINO",888.00,W,N,A,-,N,,,,,,,,,,Y,2,0,1,2,A,-,08,22107,,N,B,D,A,A,H,-,A,A,0,,,,,Y,,D,22,1,0,0,0,0,0,0,0,0,"- ","- ",34.431100000000001,-119.8514,"SANTA BARBARA","SANTA BARBARA",-119.85125755999999,34.43091742
8404007,2017,2017-07-14,4202,2017-06-13,1057,20976,,2,5,4,4202,0,0,0,,0,,"NORTH AV","I ST",544.00,W,N,A,-,N,,,,,,,,,,Y,4,0,1,2,A,-,09,21804,A,N,D,C,A,A,H,-,A,D,0,,,,,Y,,A,07,0,0,1,0,0,0,0,0,0,"- ","- ",,,"SANTA BARBARA",LOMPOC,-120.46090818,34.653410000000001
8404011,2017,2017-07-14,4202,2017-06-13,1711,232,4202,2,5,4,4202,0,0,0,,0,,"COLLEGE AV","F ST",0.00,,Y,A,-,N,,,,,,,,,,Y,4,0,2,2,A,-,09,21801,A,N,A,C,A,A,H,-,A,D,0,,,,,Y,,D,22,0,0,2,0,0,0,0,0,0,"- ","- ",,,"SANTA BARBARA",LOMPOC,-120.45523993,34.646990019999997
8404015,2017,2017-07-14,4202,2017-06-15,1813,238,,4,5,4,4202,0,0,0,,0,,"M ST","W MAPLE AV",155.00,N,N,A,-,N,,,,,,,,,,N,4,0,1,2,A,-,11,21950,B,N,G,B,D,A,H,-,A,D,0,Y,,,,Y,,N,60,0,0,1,0,1,0,0,0,0,"- ","- ",,,"SANTA BARBARA",LOMPOC,-120.46416732,34.645915760000001
8405715,2017,2017-08-18,4201,2017-06-24,2240,9598,,6,5,2,4201,0,0,0,,0,,"OBISPO ST","CEDAR ST",0.00,,Y,B,F,N,,,,,,,,,,Y,4,0,1,2,A,-,01,23152,A,M,C,E,A,A,H,-,C,D,0,,,,,Y,Y,A,01,0,0,1,0,0,0,0,0,0,"- ","- ",,,"SANTA BARBARA",GUADALUPE,-120.57064989,34.960250010000003
8405979,2017,2017-07-20,4204,2017-07-07,1635,90139,,5,5,5,4204,0,0,0,,0,002,"DEPOT ST","ORANGE ST",0.00,,Y,A,-,N,,,,,,,,,,N,4,0,2,2,A,-,01,23152,E,N,D,C,A,A,H,-,A,A,0,,,,,Y,,A,01,0,0,2,0,0,0,0,0,0,"- ","- ",33.94905,-120.44383000000001,"SANTA BARBARA","SANTA MARIA",-120.44370991,34.948840099999998
8406214,2017,2017-08-07,4203,2017-07-06,1442,5751,18,4,5,5,4203,0,0,0,,0,006,"MEIGS RD","ELISE WY",5.00,S,N,A,-,N,,,,,,,,,,N,3,0,1,2,A,-,11,21954,A,N,G,B,D,A,H,-,A,D,0,Y,,,,Y,,N,60,0,1,0,0,1,0,0,0,0,"- ","- ",34.235999999999997,-119.43210000000001,"SANTA BARBARA","SANTA BARBARA",-119.72235000000001,34.400096269999999
8406674,2017,2018-06-11,4204,2017-07-06,1715,19527,049,4,5,5,4204,0,0,0,,0,002,"MAIN ST","BRADLEY RD",100.00,W,N,A,-,Y,SB,5,166,-,-,8.880,H,-,E,N,4,0,1,2,A,-,03,22350,,N,C,C,A,A,H,-,A,D,0,,,,,Y,,A,01,0,0,1,0,0,0,0,0,0,"- ","- ",34.95317,-120.41808,"SANTA BARBARA","SANTA MARIA",-120.41828345,34.952969320000001
8406702,2017,2018-06-11,4204,2017-07-05,1237,19527,005,3,5,5,4204,0,0,0,,0,1237,BROADWAY,"GRANT ST",74.00,S,N,A,-,Y,SB,5,135,-,-,17.130,H,-,S,N,3,0,1,2,A,-,03,22350,,N,C,C,A,A,H,-,A,D,0,,,Y,,Y,,C,03,0,1,0,0,0,0,0,0,1,"- ","- ",34.972790000000003,-120.43577000000001,"SANTA BARBARA","SANTA MARIA",-120.43567462,34.972775820000003
8383614,2017,2017-06-08,4204,2017-05-26,1439,19527,013,5,5,5,4204,0,0,0,,0,001,"BLOSSER RD","BUNNY AV",60.00,N,N,A,-,N,,,,,,,,,,N,4,0,1,2,A,-,03,22350,,N,C,C,A,A,H,-,A,D,0,,,,,Y,,A,07,0,0,1,0,0,0,0,0,0,"- ","- ",34.964210000000001,-120.45335,"SANTA BARBARA","SANTA MARIA",-120.45344846,34.964354800000002
8383618,2017,2017-06-08,4204,2017-05-19,1804,90365,60,5,5,5,4204,0,0,0,,0,003,"BLOSSER RD","STOWELL RD",0.00,,Y,A,-,N,,,,,,,,,,Y,4,0,1,2,A,-,00,21453,,F,A,C,A,A,H,-,A,A,0,,,,,Y,,-,,0,0,1,0,0,0,0,0,0,"- ","- ",34.939079999999997,-120.45375,"SANTA BARBARA","SANTA MARIA",-120.45389993000001,34.938780000000001
8384721,2017,2017-06-28,4204,2017-06-07,1322,19527,021,3,5,5,4204,0,0,0,,0,001,"FILAMINA ST","HAL AV",102.00,E,N,A,-,N,,,,,,,,,,Y,2,0,1,2,A,-,03,22350,,N,H,J,A,A,H,-,A,D,0,,,,,Y,,A,01,1,0,0,0,0,0,0,0,0,"- ","- ",34.962429999999998,-120.41079000000001,"SANTA BARBARA","SANTA MARIA",-120.41034985,34.962251430000002
8384857,2017,2017-06-30,4200,2017-05-20,0613,4985,14,6,5,4,4214,0,0,0,,0,060,"HOLLISTER AV","RUTHERFORD ST",30.00,E,N,A,-,N,,,,,,,,,,Y,3,0,1,3,A,-,09,21804,A,N,D,C,A,A,H,-,A,A,0,,,,,Y,,A,08,0,1,0,0,0,0,0,0,0,"- ","- ",,,"SANTA BARBARA",GOLETA,-119.82514096,34.435752749999999