CASE_ID,ACCIDENT_YEAR,PROC_DATE,JURIS,COLLISION_DATE,COLLISION_TIME,OFFICER_ID,REPORTING_DISTRICT,DAY_OF_WEEK,CHP_SHIFT,POPULATION,CNTY_CITY_LOC,SPECIAL_COND,BEAT_TYPE,CHP_BEAT_TYPE,CITY_DIVISION_LAPD,CHP_BEAT_CLASS,BEAT_NUMBER,PRIMARY_RD,SECONDARY_RD,DISTANCE,DIRECTION,INTERSECTION,WEATHER_1,WEATHER_2,STATE_HWY_IND,CALTRANS_COUNTY,CALTRANS_DISTRICT,STATE_ROUTE,ROUTE_SUFFIX,POSTMILE_PREFIX,POSTMILE,LOCATION_TYPE,RAMP_INTERSECTION,SIDE_OF_HWY,TOW_AWAY,COLLISION_SEVERITY,NUMBER_KILLED,NUMBER_INJURED,PARTY_COUNT,PRIMARY_COLL_FACTOR,PCF_CODE_OF_VIOL,PCF_VIOL_CATEGORY,PCF_VIOLATION,PCF_VIOL_SUBSECTION,HIT_AND_RUN,TYPE_OF_COLLISION,MVIW,PED_ACTION,ROAD_SURFACE,ROAD_COND_1,ROAD_COND_2,LIGHTING,CONTROL_DEVICE,CHP_ROAD_TYPE,PEDESTRIAN_ACCIDENT,BICYCLE_ACCIDENT,MOTORCYCLE_ACCIDENT,TRUCK_ACCIDENT,NOT_PRIVATE_PROPERTY,ALCOHOL_INVOLVED,STWD_VEHTYPE_AT_FAULT,CHP_VEHTYPE_AT_FAULT,COUNT_SEVERE_INJ,COUNT_VISIBLE_INJ,COUNT_COMPLAINT_PAIN,COUNT_PED_KILLED,COUNT_PED_INJURED,COUNT_BICYCLIST_KILLED,COUNT_BICYCLIST_INJURED,COUNT_MC_KILLED,COUNT_MC_INJURED,PRIMARY_RAMP,SECONDARY_RAMP,LATITUDE,LONGITUDE,COUNTY,CITY,POINT_X,POINT_Y
8385445,2017,2018-04-03,4203,2017-06-25,0824,23133,,7,5,5,4203,0,0,0,,0,004,"WEST CARRILLO ST","RT 101",0.00,,Y,A,-,Y,SB,5,101,-,R,14.630,R,4,N,Y,4,0,1,2,A,-,00,21453,,N,A,C,A,A,H,-,A,A,0,,,,,Y,,-,,0,0,1,0,0,0,0,0,0,"- ",NF,34.416620000000002,-119.70704000000001,"SANTA BARBARA","SANTA BARBARA",-119.70585512,34.415368600000001
8385449,2017,2017-08-14,4203,2017-06-26,1902,22856,,1,5,5,4203,0,0,0,,0,002,"MARILLA AV","DEL MONTE AV",12.00,N,N,A,-,N,,,,,,,,,,N,4,0,1,2,D,-,00,,,M,A,G,A,A,H,-,A,D,0,,Y,,,Y,,-,"- ",0,0,1,0,0,0,1,0,0,"- ","- ",34.244500000000002,-119.4229,"SANTA BARBARA","SANTA BARBARA",-119.70804855,34.412522930000002
8385453,2017,2017-07-07,4203,2017-06-27,1515,24079,,2,5,5,4203,0,0,0,,0,004,"STATE ST","PADRE ST",144.00,S,N,A,-,N,,,,,,,,,,N,4,0,1,3,A,-,08,22107,,N,B,E,A,A,H,-,A,D,0,,Y,,,Y,Y,L,04,0,0,1,0,0,0,1,0,0,"- ","- ",34.4313,-119.71550000000001,"SANTA BARBARA","SANTA BARBARA",-119.71567137,34.431509179999999
8385481,2017,2017-11-09,4200,2017-06-01,2144,5052,14,4,5,4,4214,0,0,0,,0,060,"CORTONA DR","CASTILIAN DR",0.00,,Y,A,-,N,,,,,,,,,,N,3,0,1,1,A,-,03,22350,,N,H,A,A,A,H,-,C,D,0,,,Y,,Y,Y,C,02,0,1,0,0,0,0,0,0,1,"- ","- ",,,"SANTA BARBARA",GOLETA,-119.86548994,34.432260040000003
8385485,2017,2017-07-07,4200,2017-06-26,0751,3683,14,1,5,4,4214,0,0,0,,0,060,"PINE AV","DAWSON ST",0.00,,Y,A,-,N,,,,,,,,,,Y,4,0,2,2,A,-,09,21801,A,N,D,C,A,A,H,-,A,D,0,,,,,Y,,A,07,0,0,2,0,0,0,0,0,0,"- ","- ",,,"SANTA BARBARA",GOLETA,-119.82662994,34.434320069999998
8408814,2017,2017-08-14,4202,2017-07-03,1329,238,,1,5,4,4202,0,0,0,,0,,"S AVALON RD","W OLIVE AV",4752.00,S,N,A,-,N,,,,,,,,,,Y,4,0,1,2,A,-,21,22106,,N,H,C,A,A,G,-,A,D,0,,,,,Y,,K,45,0,0,1,0,0,0,0,0,0,"- ","- ",,,"SANTA BARBARA",LOMPOC,-120.48218,34.630580000000002
8408904,2017,2017-08-10,4200,2017-07-24,1055,5067,6,1,5,2,4206,0,0,0,,0,,"MISSION DR","ALISAL RD",0.00,,Y,A,-,N,,,,,,,,,,N,4,0,1,2,A,-,03,22350,,N,C,C,A,A,H,-,A,A,0,,,,,Y,,A,07,0,0,1,0,0,0,0,0,0,"- ","- ",,,"SANTA BARBARA",SOLVANG,-120.13796995,34.59600004
8406975,2017,2018-02-17,4202,2017-01-04,1816,280,,3,5,4,4202,0,0,0,,0,,"RT 1","PINE AV",246.00,N,N,A,-,Y,SB,5,1,-,-,21.390,H,-,N,N,3,0,1,2,A,-,11,21950,B,N,G,B,E,A,-,-,C,A,0,Y,,,,Y,,N,60,0,1,0,0,1,0,0,0,0,"- ","- ",,,"SANTA BARBARA",LOMPOC,-120.45770837000001,34.650955439999997
8407117,2017,2018-06-19,4200,2017-07-07,0811,3116,14,5,5,4,4214,0,0,0,,0,060,"HOLLISTER AV","DEARBORN PL",134.00,W,N,A,-,N,,,,,,,,,,Y,4,0,1,2,A,-,03,22350,,N,C,C,A,A,H,-,A,D,0,,,,,Y,,A,08,0,0,1,0,0,0,0,0,0,"- ","- ",,,"SANTA BARBARA",GOLETA,-119.81911302,34.435601980000001
8407970,2017,2017-09-08,4203,2017-07-11,1310,5751,47,2,5,5,4203,0,0,0,,0,003,"E MISSION ST","ANACAPA ST",0.00,,Y,A,-,N,,,,,,,,,,Y,4,0,2,2,A,-,09,21802,A,N,D,C,A,A,H,-,A,D,0,,,,,Y,,-,"- ",0,0,2,0,0,0,0,0,0,"- ","- ",34.431930000000001,-119.71355,"SANTA BARBARA","SANTA BARBARA",-119.71354993,34.43192011
8408042,2017,2017-07-24,4203,2017-07-04,1720,23133,,2,5,5,4203,0,0,0,,0,006,"MICHELTORENA ST","GILLESPIE ST",0.00,,Y,A,-,N,,,,,,,,,,N,3,0,1,2,A,-,09,21802,A,N,D,C,A,A,H,-,A,A,0,,,,,Y,,-,,0,1,0,0,0,0,0,0,0,"- ","- ",34.416670000000003,-119.71839,"SANTA BARBARA","SANTA BARBARA",-119.71839991,34.416700040000002
8408054,2017,2017-07-24,4203,2017-06-17,1914,1436,,6,5,5,4203,0,0,0,,0,004,"STATE ST","COTA ST",0.00,,Y,A,-,N,,,,,,,,,,N,3,0,1,2,A,-,09,21801,A,N,-,G,A,A,H,-,A,A,0,,Y,,,Y,,-,,0,1,0,0,0,0,1,0,0,"- ","- ",34.250390000000003,-119.41484,"SANTA BARBARA","SANTA BARBARA",-119.6967899,34.417730069999998
8408573,2017,2017-07-31,4204,2017-07-17,1609,90242,40,1,5,5,4204,0,0,0,,0,002,"BARRETT ST","RUSSELL AV",0.00,,Y,A,-,N,,,,,,,,,,Y,3,0,1,3,A,-,08,22107,,M,C,E,A,A,H,-,A,D,0,,,,,Y,,A,01,0,1,0,0,0,0,0,0,0,"- ","- ",34.950299999999999,-120.45166,"SANTA BARBARA","SANTA MARIA",-120.45151991,34.95046
8421609,2017,2017-10-13,4203,2017-07-19,2123,3849,42,3,5,5,4203,0,0,0,,0,003,"STATE ST","MICHELTORENA ST",35.00,S,N,A,-,N,,,,,,,,,,N,4,0,3,2,A,-,03,22350,,N,C,C,A,A,G,-,E,B,0,,,,,Y,,A,01,0,0,3,0,0,0,0,0,0,"- ","- ",,,"SANTA BARBARA","SANTA BARBARA",-119.70823257000001,34.426106859999997
8421664,2017,2018-06-25,4204,2017-08-01,1019,90276,27,2,5,5,4204,0,0,0,,0,B01,BROADWAY,"ALVIN AV",0.00,,Y,A,-,Y,SB,5,135,-,-,16.280,I,5,S,N,4,0,1,2,A,-,08,22107,,F,B,G,A,A,H,-,A,A,0,,Y,,,Y,,D,22,0,0,1,0,0,0,1,0,0,"- ","- ",34.960450000000002,-120.43576,"SANTA BARBARA","SANTA MARIA",-120.43582304,34.96047531
8421805,2017,2017-08-10,4204,2017-07-26,1326,90276,59,3,5,5,4204,0,0,0,,0,B02,"BRADLEY RD","STOWELL RD",0.00,,Y,A,-,N,,,,,,,,,,Y,2,0,3,5,A,-,09,21453,B,N,D,C,A,A,H,-,A,A,0,,,,,Y,,D,22,1,2,0,0,0,0,0,0,0,"- ","- ",34.938299999999998,-120.41945,"SANTA BARBARA","SANTA MARIA",-120.41941998,34.938339999999997
8421840,2017,2017-09-18,4203,2017-07-30,0057,24076,,7,5,5,4203,0,0,0,,0,006,"W CARRILLO ST","SAN ANDRES ST",56.00,E,N,A,-,N,,,,,,,,,,Y,4,0,2,3,A,-,01,23152,,N,C,C,A,A,H,-,C,A,0,,,,,Y,Y,D,22,0,0,2,0,0,0,0,0,0,"- ","- ",34.4148,-119.70999999999999,"SANTA BARBARA","SANTA BARBARA",-119.71044965,34.41474607
8421872,2017,2017-08-10,4203,2017-08-03,0147,24093,,4,5,5,4203,0,0,0,,0,003,"COTA ST","OLIVE ST",108.00,W,N,A,-,N,,,,,,,,,,Y,4,0,1,2,A,-,01,23152,A,N,C,C,A,A,H,-,A,D,0,,,,,Y,Y,A,01,0,0,1,0,0,0,0,0,0,"- ","- ",,,"SANTA BARBARA","SANTA BARBARA",-119.69134683999999,34.422857710000002
8390920,2017,2018-04-03,4203,2017-06-23,2346,23518,,5,5,5,4203,0,0,0,,0,004,"W MISSION ST","RT 101",0.00,,Y,A,-,Y,SB,5,101,-,R,15.860,R,4,N,Y,4,0,1,2,A,-,09,21801,A,N,A,C,A,A,H,-,C,A,0,,,,,Y,,A,07,0,0,1,0,0,0,0,0,0,"- ",NO,34.425759999999997,-119.71993999999999,"SANTA BARBARA","SANTA BARBARA",-119.72218999,34.426047570000001
8390921,2017,2018-04-03,4202,2017-05-25,2215,238,,4,5,4,4202,0,0,0,,0,,"H ST NORTH","WEST CENTRAL AV",39.00,N,N,B,-,Y,SB,5,1,-,-,22.080,H,-,S,N,4,0,1,2,A,-,21,22106,,N,C,C,A,A,H,-,C,A,0,,,,,Y,,D,22,0,0,1,0,0,0,0,0,0,"- ","- ",,,"SANTA BARBARA",LOMPOC,-120.45777199,34.660980760000001
8390925,2017,2017-06-28,4202,2017-05-17,0932,,,3,5,4,4202,0,0,0,,0,,"D ST","CHESTNUT AV",0.00,,Y,A,-,N,,,,,,,,,,Y,4,0,1,2,A,-,12,22450,A,N,D,C,A,A,H,-,A,A,0,,,,,Y,,A,01,0,0,1,0,0,0,0,0,0,"- ","- ",,,"SANTA BARBARA",LOMPOC,-120.45277995000001,34.642190110000001
8390959,2017,2017-07-03,4204,2017-06-17,2031,90346,14,6,5,5,4204,0,0,0,,0,001,"DONOVAN RD","THORNBURG ST",0.00,,Y,A,-,N,,,,,,,,,,Y,3,0,1,4,A,-,01,23152,A,N,C,E,A,A,H,-,A,D,0,,,,Y,Y,Y,A,01,0,1,0,0,0,0,0,0,0,"- ","- ",34.967849999999999,-120.43985000000001,"SANTA BARBARA","SANTA MARIA",-120.44011995,34.96773005
8392200,2017,2017-06-20,4203,2017-06-13,0932,6700,56,2,5,5,4203,0,0,0,,0,005,"CALLE REAL","DE PAUL DR",11.00,E,N,A,-,N,,,,,,,,,,Y,2,0,1,1,A,-,03,22350,,N,E,I,A,A,H,-,A,D,0,,,Y,,Y,,C,02,1,0,0,0,0,0,0,0,1,"- ","- ",34.441400000000002,-119.76329,"SANTA BARBARA","SANTA BARBARA",-119.76333354,34.44135
8392204,2017,2017-06-20,4203,2017-06-07,1823,24076,,3,5,5,4203,0,0,0,,0,003,"CANON PERDIDO ST","SANTA BARBARA ST",0.00,,Y,A,-,N,,,,,,,,,,Y,4,0,1,2,A,-,12,21453,A,N,D,D,A,A,H,-,A,A,0,,,,,Y,,-,,0,0,1,0,0,0,0,0,0,"- ","- ",34.422600000000003,-119.6982,"SANTA BARBARA","SANTA BARBARA",-119.69829989,34.422650009999998
8392631,2017,2017-06-21,4203,2017-06-12,1347,23093,48,1,5,5,4203,0,0,0,,0,003,"GARDEN ST","LOS OLIVOS ST",0.00,,Y,A,-,N,,,,,,,,,,Y,4,0,1,2,A,-,09,21800,B,N,A,C,A,A,H,-,A,A,0,,,,,Y,,A,01,0,0,1,0,0,0,0,0,0,"- ","- ",34.435899999999997,-119.71383,"SANTA BARBARA","SANTA BARBARA",-119.71380992,34.435930050000003
8393154,2017,2017-06-29,4204,2017-04-30,1812,90343,9,7,5,5,4204,0,0,0,,0,001,"DONOVAN RD","RAILROAD AV",0.00,,Y,A,-,N,,,,,,,,,,N,4,0,1,2,A,-,01,23152,A,N,C,C,A,A,H,-,A,A,0,,,,,Y,Y,D,22,0,0,1,0,0,0,0,0,0,"- ","- ",34.967930000000003,-120.44425,"SANTA BARBARA","SANTA MARIA",-120.44445992,34.967750019999997
8393162,2017,2017-06-27,4204,2017-06-10,0927,90139,,6,5,5,4204,0,0,0,,0,,"PASEO PALMILLA","PASEO JACARANDA",0.00,,Y,A,-,N,,,,,,,,,,N,4,0,1,2,A,-,09,21801,,N,E,J,A,A,H,-,A,D,0,,,,,Y,,D,22,0,0,1,0,0,0,0,0,0,"- ","- ",34.922190000000001,-120.46312,"SANTA BARBARA","SANTA MARIA",-120.46313995,34.922050059999997
8393178,2017,2017-06-30,4204,2017-05-26,1213,90139,56,5,5,5,4204,0,0,0,,0,002,"DEPOT DR",MORRISON,200.00,S,N,A,-,N,,,,,,,,,,Y,4,0,1,1,C,-,18,,,N,E,I,A,A,H,-,A,D,0,,,,,Y,,-,"- ",0,0,1,0,0,0,0,0,0,"- ","- ",,,"SANTA BARBARA","SANTA MARIA",-120.44382993000001,34.942651210000001
8393182,2017,2017-06-30,4204,2017-05-26,1130,21338,,5,5,5,4204,0,0,0,,0,002,"MAIN ST","WESTERN AV",80.00,E,N,A,-,N,,,166,,,,,,,N,4,0,1,2,A,-,03,22350,,N,C,C,A,A,H,-,A,A,0,,,,,Y,,D,22,0,0,1,0,0,0,0,0,0,"- ","- ",34.953180000000003,-120.44956999999999,"SANTA BARBARA","SANTA MARIA",-120.44956974999999,34.953201759999999
8421876,2017,2017-08-10,4203,2017-08-04,2000,5086,,5,5,5,4203,0,0,0,,0,003,"GARDEN ST","RT 101",0.00,,Y,A,-,N,,,,,,,,,,N,4,0,1,2,A,-,11,21966,,N,A,B,-,A,H,-,A,A,0,Y,,,,Y,Y,N,60,0,0,1,0,1,0,0,0,0,"- ","- ",34.250439999999998,-119.41218000000001,"SANTA BARBARA","SANTA BARBARA",-119.68979992,34.418360110000002
8421880,2017,2017-08-10,4203,2017-08-04,1712,5075,,5,5,5,4203,0,0,0,,0,005,"DE LA VINA","ARDEN RD",50.00,N,N,A,-,N,,,,,,,,,,N,3,0,1,2,A,-,08,22107,,N,B,G,A,A,H,-,A,D,0,,Y,,,Y,,A,01,0,1,0,0,0,0,1,0,0,"- ","- ",34.437460000000002,-119.72705999999999,"SANTA BARBARA","SANTA BARBARA",-119.72692571,34.437365720000003
8421884,2017,2017-08-10,4203,2017-08-04,1538,0673,4203,5,5,5,4203,0,0,0,,0,006,"PORTESUELLO AV","SONORA DR",210.00,W,N,A,-,N,,,,,,,,,,N,3,0,1,2,A,-,08,22107,,N,C,G,A,A,H,-,A,D,0,,Y,,,Y,,L,04,0,1,0,0,0,0,1,0,0,"- ","- ",34.251510000000003,-119.4402,"SANTA BARBARA","SANTA BARBARA",-119.73376137,34.420938560000003
8421892,2017,2017-08-10,4203,2017-08-03,2212,3434,,4,5,5,4203,0,0,0,,0,003,"STATE ST","VALARIO ST",38.00,S,N,A,-,N,,,,,,,,,,N,3,0,1,2,A,-,08,22107,,N,B,G,A,A,H,-,C,A,0,,Y,,,Y,,L,04,0,1,0,0,0,0,1,0,0,"- ","- ",34.253999999999998,-119.4238,"SANTA BARBARA","SANTA BARBARA",-119.71075603,34.427960550000002
8421896,2017,2017-08-10,4203,2017-08-03,1639,23766,,4,5,5,4203,0,0,0,,0,004,"STATE ST","VICTORIA ST",59.00,E,N,A,-,N,,,,,,,,,,N,3,0,1,2,A,-,10,21950,A,N,G,B,-,A,H,-,A,A,0,Y,,,,Y,,A,01,0,1,0,0,1,0,0,0,0,"- ","- ",34.252699999999997,-119.422,"SANTA BARBARA","SANTA BARBARA",-119.70559505999999,34.424191299999997
8421900,2017,2017-08-10,4203,2017-08-01,1830,24322,4203,2,5,5,4203,0,0,0,,0,003,"STATE ST","YANONALI ST",300.00,N,N,A,-,N,,,101,,,,,,,N,3,0,1,2,D,-,00,,,F,B,G,A,A,H,-,A,D,0,,Y,,,Y,,-,"- ",0,1,0,0,0,0,1,0,0,"- ","- ",34.414670000000001,-119.69238,"SANTA BARBARA","SANTA BARBARA",-119.69288828000001,34.415202950000001
8421904,2017,2017-08-10,4203,2017-08-01,2036,8120,,2,5,5,4203,0,0,0,,0,005,"STATE ST","HOPE AV",69.00,W,N,A,-,N,,,,,,,,,,Y,3,0,4,3,A,-,03,22350,,N,C,C,A,A,H,-,C,A,0,,,,,Y,,A,01,0,1,3,0,0,0,0,0,0,"- ","- ",34.44041,-119.74706,"SANTA BARBARA","SANTA BARBARA",-119.74694866,34.440481839999997
8421908,2017,2017-08-10,4203,2017-08-02,0042,23136,SBSC,3,5,5,4203,0,0,0,,0,004,"CARRILLO ST","DE LA VINA ST",0.00,,Y,A,-,N,,,,,,,,,,N,3,0,1,2,D,-,00,,,N,G,B,-,A,H,-,C,A,0,Y,,,,Y,Y,-,"- ",0,1,0,0,1,0,0,0,0,"- ","- ",34.419469999999997,-119.70415,"SANTA BARBARA","SANTA BARBARA",-119.70413992,34.419350080000001
8421911,2017,2017-08-10,4203,2017-07-19,1248,23768,,3,5,5,4203,0,0,0,,0,003,"SANTA BARBARA ST","HALEY ST",6.00,N,N,A,-,N,,,,,,,,,,N,4,0,1,2,D,-,00,,,F,G,B,D,A,H,-,-,A,0,Y,,,,Y,,-,"- ",0,0,1,0,1,0,0,0,0,"- ","- ",34.418900000000001,-119.6932,"SANTA BARBARA","SANTA BARBARA",-119.69324512,34.418970700000003
8421912,2017,2017-08-10,4203,2017-07-31,0935,2712,,1,5,5,4203,0,0,0,,0,006,"CLIFF DR","LAS POSITAS RD",160.00,E,N,A,-,N,,,,,,,,,,N,3,0,1,1,A,-,03,22350,,N,B,I,A,A,H,-,A,D,0,,Y,,,Y,,L,04,0,1,0,0,0,0,1,0,0,"- ","- ",34.241799999999998,-119.4417,"SANTA BARBARA","SANTA BARBARA",-119.73871144,34.405108650000003
8422398,2017,2017-08-14,4204,2017-07-24,1857,90376,13,1,5,5,4204,0,0,0,,0,001,"MARY DR","ALVIN AV",0.00,,Y,A,-,N,,,,,,,,,,Y,3,0,1,1,A,-,03,22350,,N,E,I,A,A,H,-,A,D,0,,,,,Y,,A,01,0,1,0,0,0,0,0,0,0,"- ","- ",34.960439999999998,-120.44806,"SANTA BARBARA","SANTA MARIA",-120.4479899,34.960550060000003
8409681,2017,2017-07-31,4203,2017-07-05,0844,5075,,3,5,5,4203,0,0,0,,0,001,CARPINTERIA,"S ALISOS",0.00,,Y,A,-,N,,,,,,,,,,Y,4,0,3,2,A,-,09,21801,A,N,A,C,A,A,H,-,A,D,0,,,,,Y,,-,,0,0,3,0,0,0,0,0,0,"- ","- ",,,"SANTA BARBARA","SANTA BARBARA",-119.67647998,34.421720030000003
8410504,2017,2017-07-27,4200,2017-06-04,1049,3822,14,7,5,4,4214,0,0,0,,0,050,"CATHEDRAL OAKS RD","ARUNDEL RD",224.00,E,N,B,-,N,,,,,,,,,,N,2,0,1,2,A,-,03,22350,,N,H,G,A,A,H,-,A,A,0,,Y,,Y,Y,,L,04,1,0,0,0,0,0,1,0,0,"- ","- ",,,"SANTA BARBARA",GOLETA,-119.82391036999999,34.451215949999998
8410522,2017,2017-09-11,4202,2017-06-10,1753,PATEL,SANTA,6,5,4,4202,0,0,0,,0,4202,"OAK ST","RIVERSIDE DR",175.00,W,N,A,-,N,,,,,,,,,,Y,3,0,1,2,A,-,21,22106,,F,A,I,E,A,H,-,A,D,0,Y,,,,Y,,D,22,0,1,0,0,1,0,0,0,0,"- ","- ",,,"SANTA BARBARA",LOMPOC,-120.43843169,34.65164
8410567,2017,2017-07-27,4202,2017-07-05,2042,234,LOMPO,3,5,4,4202,0,0,0,,0,,"A ST","PINE AV",9.00,N,N,A,-,N,,,,,,,,,,N,4,0,1,2,A,-,10,21950,,N,G,B,B,A,H,-,C,D,0,Y,,,,Y,,A,01,0,0,1,0,1,0,0,0,0,"- ","- ",,,"SANTA BARBARA",LOMPOC,-120.44888941000001,34.65014472
8410638,2017,2017-07-27,4202,2017-07-02,1210,292,,7,5,4,4202,0,0,0,,0,,"AIRPORT AV","A ST",0.00,,Y,A,-,N,,,,,,,,,,N,3,0,2,2,A,-,09,21802,A,N,D,C,A,A,H,-,A,A,0,,,,,Y,,A,01,0,1,1,0,0,0,0,0,0,"- ","- ",,,"SANTA BARBARA",LOMPOC,-120.44889997999999,34.648540009999998
8410780,2017,2017-07-25,4204,2017-06-22,1113,90139,16,4,5,5,4204,0,0,0,,0,001,"ALVIN AV","MCCLELLAND ST",0.00,,Y,A,-,N,,,,,,,,,,N,4,0,1,2,A,-,09,21802,A,M,D,C,A,A,H,-,A,A,0,,,,,Y,,A,01,0,0,1,0,0,0,0,0,0,"- ","- ",34.960439999999998,-120.43416000000001,"SANTA BARBARA","SANTA MARIA",-120.43413993999999,34.960430080000002
8411079,2017,2017-07-25,4203,2017-07-13,1111,24073,22,4,5,5,4203,0,0,0,,0,006,"SAN ANDRES ST","ARRELLAGA ST",0.00,,Y,A,-,N,,,,,,,,,,N,3,0,1,2,A,-,05,21650,1,N,D,G,A,A,H,-,A,A,0,,Y,,,Y,,L,04,0,1,0,0,0,0,1,0,0,"- ","- ",34.409999999999997,-119.70999999999999,"SANTA BARBARA","SANTA BARBARA",-119.71745998999999,34.419720009999999
8411083,2017,2017-07-25,4203,2017-07-08,1440,24080,,6,5,5,4203,0,0,0,,0,001,"E GUTIERREZ ST","N SOLEDAD ST",0.00,,Y,A,-,N,,,,,,,,,,N,4,0,1,2,A,-,08,22100,B,N,D,C,A,A,H,-,A,D,0,,,,,Y,,-,,0,0,1,0,0,0,0,0,0,"- ","- ",34.428530000000002,-119.68065,"SANTA BARBARA","SANTA BARBARA",-119.68069988000001,34.428530090000002
8411192,2017,2017-08-24,4200,2017-06-24,1925,2465,10,6,5,3,4205,0,0,0,,0,040,"LINDEN AV","DORRANCE WY",0.00,,Y,A,-,N,,,,,,,,,,N,3,0,1,2,A,-,11,21950,B,N,G,B,B,A,H,-,A,D,0,Y,,,,Y,,N,60,0,1,0,0,1,0,0,0,0,"- ","- ",,,"SANTA BARBARA",CARPINTERIA,-119.52276999,34.395360099999998
8411196,2017,2017-08-24,4200,2017-06-27,0630,4721,14,2,5,3,4205,0,0,0,,0,030,"VIA REAL","CASITAS PASS RD",12.00,W,N,A,-,N,,,,,,,,,,N,3,0,1,2,A,-,10,21950,A,F,D,B,B,A,D,-,A,A,0,Y,,,,Y,,-,99,0,1,0,0,1,0,0,0,0,"- ","- ",,,"SANTA BARBARA",CARPINTERIA,-119.51117536,34.39704536
8411200,2017,2017-08-24,4200,2017-06-20,1340,3077,14,2,5,4,4214,0,0,0,,0,060,"CATHEDRAL OAKS RD","GLENN ANNIE RD",294.00,E,N,A,-,N,,,,,,,,,,N,3,0,1,2,A,-,03,22350,,N,H,G,A,A,H,-,A,D,0,,Y,,,Y,,L,04,0,1,0,0,0,0,1,0,0,"- ","- ",,,"SANTA BARBARA",GOLETA,-119.87357088,34.440981409999999
8393186,2017,2017-06-30,4204,2017-05-12,1523,21338,076,5,5,5,4204,0,0,0,,0,003,"BETTERAVIA RD","BRADLEY RD E",75.00,E,N,A,-,N,,,,,,,,,,Y,4,0,2,4,A,-,03,22350,,N,C,C,A,A,H,-,A,A,0,,,,,Y,,A,01,0,0,2,0,0,0,0,0,0,"- ","- ",34.923380000000002,-120.41987,"SANTA BARBARA","SANTA MARIA",-120.42181992,34.923736580000003
8393190,2017,2017-06-30,4204,2017-05-11,1147,21338,,4,5,5,4204,0,0,0,,0,,"WESTERN AV","MAIN ST",627.00,N,N,A,-,N,,,,,,,,,,N,2,0,1,2,A,-,10,21954,B,F,G,B,D,A,H,-,A,D,0,Y,,,,Y,,N,60,1,0,0,0,1,0,0,0,0,"- ","- ",34.953180000000003,-120.44956999999999,"SANTA BARBARA","SANTA MARIA",-120.44932,34.953270000000003
8393322,2017,2017-06-30,4204,2017-06-06,2248,90621,57,2,5,5,4204,0,0,0,,0,002,BROADWAY,"MORRISON AV",0.00,,Y,A,-,N,,,135,,,,,,,N,2,0,1,2,A,-,10,21950,A,F,G,B,B,A,H,-,C,A,0,Y,,,,Y,,-,,1,0,0,0,1,0,0,0,0,"- ","- ",34.943089999999998,-120.4358,"SANTA BARBARA","SANTA MARIA",-120.43595734,34.943088629999998
8394119,2017,2017-06-23,4204,2017-05-26,1348,22557,07,5,5,5,4204,0,0,0,,0,001,"POLK ST","CURRYER ST",0.00,,Y,A,-,N,,,,,,,,,,Y,3,0,1,2,A,-,09,21800,,N,D,C,A,A,H,-,A,D,0,,,,,Y,,D,22,0,1,0,0,0,0,0,0,0,"- ","- ",34.974379999999996,-120.44082,"SANTA BARBARA","SANTA MARIA",-120.44067995,34.974250089999998
8394123,2017,2018-04-03,4204,2017-06-02,0007,90200,57,5,5,5,4204,0,0,0,,0,002,BROADWAY,"MORRISON AV",0.00,,Y,E,-,Y,SB,5,135,-,-,15.070,H,-,S,Y,4,0,2,2,A,-,01,23152,A,F,C,C,A,A,H,-,C,A,0,,,,,Y,Y,D,22,0,0,2,0,0,0,0,0,0,"- ","- ",34.943089999999998,-120.4358,"SANTA BARBARA","SANTA MARIA",-120.43609256000001,34.94293974
8394254,2017,2017-06-23,4204,2017-05-30,1110,90081,1,2,5,5,4204,0,0,0,,0,015,"ALVIN AV","CURRYER ST",0.00,,Y,A,-,N,,,,,,,,,,N,4,0,1,2,A,-,07,21658,A,N,B,C,A,A,H,-,A,D,0,,,,,Y,,A,01,0,0,1,0,0,0,0,0,0,"- ","- ",34.960630000000002,-120.44137000000001,"SANTA BARBARA","SANTA MARIA",-120.44134993,34.960480009999998
8394691,2017,2017-06-26,4203,2017-06-14,1306,2720,,3,5,5,4203,0,0,0,,0,001,"CARPINTERIA ST","S VOLUNTARIO ST",115.00,E,N,A,-,N,,,,,,,,,,Y,4,0,1,2,A,-,08,22107,,M,A,E,A,A,H,-,A,D,0,,,,,Y,,-,,0,0,1,0,0,0,0,0,0,"- ","- ",34.428649999999998,-119.68295000000001,"SANTA BARBARA","SANTA BARBARA",-119.67512175,34.423019539999999
8394701,2017,2017-06-26,4204,2017-06-13,0010,90346,08,2,5,5,4204,0,0,0,,0,001,"BLOSSER RD","DONOVAN RD",0.00,,Y,A,-,N,,,,,,,,,,N,3,0,1,1,A,-,01,23152,A,N,E,I,A,A,H,-,C,A,0,,,,,Y,Y,A,01,0,1,0,0,0,0,0,0,0,"- ","- ",34.96781,-120.45319000000001,"SANTA BARBARA","SANTA MARIA",-120.45352991,34.967860039999998
8394812,2017,2017-07-10,4204,2017-06-09,1543,90270,92,5,5,5,4204,0,0,0,,0,092,"SANTA MARIA WY","WALLER LN",0.00,,Y,A,-,N,,,,,,,,,,Y,3,0,1,2,A,-,09,21800,A,N,D,C,A,A,H,-,A,D,0,,,,,Y,,A,01,0,1,0,0,0,0,0,0,0,"- ","- ",34.905819999999999,-120.43134999999999,"SANTA BARBARA","SANTA MARIA",-120.43117991,34.905580059999998