CASE_ID,ACCIDENT_YEAR,PROC_DATE,JURIS,COLLISION_DATE,COLLISION_TIME,OFFICER_ID,REPORTING_DISTRICT,DAY_OF_WEEK,CHP_SHIFT,POPULATION,CNTY_CITY_LOC,SPECIAL_COND,BEAT_TYPE,CHP_BEAT_TYPE,CITY_DIVISION_LAPD,CHP_BEAT_CLASS,BEAT_NUMBER,PRIMARY_RD,SECONDARY_RD,DISTANCE,DIRECTION,INTERSECTION,WEATHER_1,WEATHER_2,STATE_HWY_IND,CALTRANS_COUNTY,CALTRANS_DISTRICT,STATE_ROUTE,ROUTE_SUFFIX,POSTMILE_PREFIX,POSTMILE,LOCATION_TYPE,RAMP_INTERSECTION,SIDE_OF_HWY,TOW_AWAY,COLLISION_SEVERITY,NUMBER_KILLED,NUMBER_INJURED,PARTY_COUNT,PRIMARY_COLL_FACTOR,PCF_CODE_OF_VIOL,PCF_VIOL_CATEGORY,PCF_VIOLATION,PCF_VIOL_SUBSECTION,HIT_AND_RUN,TYPE_OF_COLLISION,MVIW,PED_ACTION,ROAD_SURFACE,ROAD_COND_1,ROAD_COND_2,LIGHTING,CONTROL_DEVICE,CHP_ROAD_TYPE,PEDESTRIAN_ACCIDENT,BICYCLE_ACCIDENT,MOTORCYCLE_ACCIDENT,TRUCK_ACCIDENT,NOT_PRIVATE_PROPERTY,ALCOHOL_INVOLVED,STWD_VEHTYPE_AT_FAULT,CHP_VEHTYPE_AT_FAULT,COUNT_SEVERE_INJ,COUNT_VISIBLE_INJ,COUNT_COMPLAINT_PAIN,COUNT_PED_KILLED,COUNT_PED_INJURED,COUNT_BICYCLIST_KILLED,COUNT_BICYCLIST_INJURED,COUNT_MC_KILLED,COUNT_MC_INJURED,PRIMARY_RAMP,SECONDARY_RAMP,LATITUDE,LONGITUDE,COUNTY,CITY,POINT_X,POINT_Y
8395201,2017,2017-06-28,4203,2017-06-18,2014,6983,,7,5,5,4203,0,0,0,,0,003,"SANTA BARBARA ST","MICHELTORENA ST",21.00,N,N,A,-,N,,,,,,,,,,N,3,0,1,2,A,-,10,21950,A,N,G,B,B,A,H,-,A,A,0,Y,,,,Y,,-,,0,1,0,0,1,0,0,0,0,"- ","- ",34.254150000000003,-119.4222,"SANTA BARBARA","SANTA BARBARA",-119.70607158999999,34.428338689999997
8395369,2017,2017-06-29,4203,2017-06-22,1148,6700,71,4,5,5,4203,0,0,0,,0,001,"ALAMEDA PADRE SERRA","DOVER RD",0.00,,Y,B,-,N,,,,,,,,,,Y,4,0,2,2,A,-,08,22107,,N,D,C,A,A,H,-,A,A,0,,,,,Y,,A,07,0,0,2,0,0,0,0,0,0,"- ","- ",34.437519999999999,-119.69387,"SANTA BARBARA","SANTA BARBARA",-119.69406995,34.437370090000002
8423962,2017,2017-08-10,4204,2017-07-30,1417,90276,75,7,5,5,4204,0,0,0,,0,B03,"BETTERAVIA RD","COLLEGE DR",122.00,E,N,A,-,N,,,,,,,,,,N,4,0,5,4,A,-,03,22350,,N,C,C,A,A,H,-,A,A,0,,,,,Y,,A,01,0,0,5,0,0,0,0,0,0,"- ","- ",34.923499999999997,-120.42565,"SANTA BARBARA","SANTA MARIA",-120.42523328999999,34.923741059999998
8423966,2017,2017-09-07,4204,2017-07-28,1906,90719,4204,5,5,5,4204,0,0,0,,0,003,"WESTERN AV","SONYA LN",0.00,,Y,A,-,N,,,,,,,,,,Y,4,0,1,2,A,-,"- ",,,N,D,C,A,A,H,-,A,A,0,,,,,Y,,-,"- ",0,0,1,0,0,0,0,0,0,"- ","- ",34.927779999999998,-120.44928,"SANTA BARBARA","SANTA MARIA",-120.44949995,34.927799999999998
8423970,2017,2017-08-10,4204,2017-07-25,1707,90137,51,2,5,5,4204,0,0,0,,0,002,"PINE ST","ORANGE ST",185.00,S,N,A,-,N,,,,,,,,,,N,4,0,1,2,A,-,11,21954,A,N,G,B,D,A,H,-,A,D,0,Y,,,,Y,,N,60,0,0,1,0,1,0,0,0,0,"- ","- ",34.948509999999999,-120.43906,"SANTA BARBARA","SANTA MARIA",-120.43894394,34.947911869999999
8423974,2017,2017-08-10,4204,2017-07-14,1722,90271,4204,5,5,5,4204,0,0,0,,0,002,"ELIZABETH ST","COOK ST",0.00,,Y,A,-,N,,,,,,,,,,Y,4,0,1,2,A,-,12,22450,A,N,B,C,A,A,H,-,A,A,0,,,,,Y,,A,01,0,0,1,0,0,0,0,0,0,"- ","- ",34.949759999999998,-120.42861000000001,"SANTA BARBARA","SANTA MARIA",-120.42846987,34.949890000000003
8424155,2017,2017-08-10,4203,2017-07-21,1011,9480,,5,5,5,4203,0,0,0,,0,002,"STATE ST","GUTIERREZ ST",112.00,S,N,A,-,N,,,,,,,,,,N,3,0,1,1,B,-,22,,,N,F,J,A,A,H,-,A,D,0,,Y,,,Y,,-,"- ",0,1,0,0,0,0,1,0,0,"- ","- ",34.2455,-119.4134,"SANTA BARBARA","SANTA BARBARA",-119.69394901,34.415659980000001
8424159,2017,2017-08-10,4203,2017-07-22,1601,7774,,6,5,5,4203,0,0,0,,0,002,"STATE ST","YANONALI ST",60.00,S,N,A,-,N,,,,,,,,,,N,3,0,1,2,A,-,07,21658,A,N,H,C,A,A,H,-,A,D,0,,,,,Y,,-,,0,1,0,0,0,0,0,0,0,"- ","- ",34.244999999999997,-119.041,"SANTA BARBARA","SANTA BARBARA",-119.69151261,34.413879459999997
8424242,2017,2017-08-11,4203,2017-07-18,0830,6973,,2,5,5,4203,0,0,0,,0,001,"N MILPAS ST","E GUTIERREZ ST",70.00,W,N,A,-,N,,,,,,,,,,N,4,0,1,2,D,-,00,,,M,D,G,A,A,H,-,A,A,0,,Y,,,Y,Y,-,"- ",0,0,1,0,0,0,1,0,0,"- ","- ",34.423000000000002,-119.68600000000001,"SANTA BARBARA","SANTA BARBARA",-119.68423262,34.425518359999998
8424246,2017,2017-08-11,4203,2017-07-26,1720,23515,,3,5,5,4203,0,0,0,,0,002,"CABRILLO BL","LOS PATOS WY",13.00,W,N,A,-,N,,,,,,,,,,Y,4,0,1,2,A,-,09,21804,A,N,D,C,A,A,H,-,A,A,0,,,,,Y,,A,01,0,0,1,0,0,0,0,0,0,"- ","- ",34.25271,-119.34229000000001,"SANTA BARBARA","SANTA BARBARA",-119.65638786,34.421367519999997
8424254,2017,2017-08-11,4203,2017-07-29,1406,9480,,6,5,5,4203,0,0,0,,0,005,"LAS POSITAS RD","MCCAW AV",0.00,,Y,A,-,N,,,,,,,,,,Y,2,0,1,2,A,-,09,21801,A,N,D,C,A,A,H,-,A,D,0,,,,,Y,,-,,1,0,0,0,0,0,0,0,0,"- ","- ",34.263109999999998,-119.44037,"SANTA BARBARA","SANTA BARBARA",-119.73393987999999,34.438530030000003
8424258,2017,2017-08-11,4203,2017-07-28,1416,23768,,5,5,5,4203,0,0,0,,0,001,"E MONTECITO ST","N MILPAS ST",285.00,E,N,A,-,N,,,,,,,,,,Y,3,0,1,2,A,-,09,21804,A,N,D,C,A,A,H,-,A,D,0,,,Y,,Y,,C,03,0,1,0,0,0,0,0,0,1,"- ","- ",34.424799999999998,-119.6823,"SANTA BARBARA","SANTA BARBARA",-119.68217833,34.425041659999998
8424262,2017,2017-08-11,4203,2017-07-28,1130,22857,,5,5,5,4203,0,0,0,,0,003,"ANACAPA ST","E DE LA GUERRA ST",0.00,,Y,A,-,N,,,,,,,,,,Y,4,0,2,2,A,-,12,21453,A,N,D,C,A,A,H,-,A,A,0,,,,,Y,,-,,0,0,2,0,0,0,0,0,0,"- ","- ",34.2515,-119.41540000000001,"SANTA BARBARA","SANTA BARBARA",-119.69831987000001,34.42084002
8411374,2017,2017-07-25,4200,2017-07-04,1124,3116,14,2,5,4,4214,0,0,0,,0,080,"HOLLISTER AV","CANNON GREEN DR",0.00,,Y,A,-,N,,,,,,,,,,Y,3,0,1,2,A,-,09,21802,A,N,D,C,A,A,D,-,A,A,0,,,,,Y,,A,07,0,1,0,0,0,0,0,0,0,"- ","- ",,,"SANTA BARBARA",GOLETA,-119.88352995,34.429990080000003
8411375,2017,2017-07-25,4203,2017-07-15,2029,23515,,6,5,5,4203,0,0,0,,0,001,"MILPAS ST","YANONALI ST",165.00,S,N,A,-,N,,,,,,,,,,N,3,0,1,2,A,-,05,21650,1,N,B,G,A,A,H,-,C,D,0,,Y,,,Y,,L,04,0,1,0,0,0,0,1,0,0,"- ","- ",34.252389999999998,-119.40519,"SANTA BARBARA","SANTA BARBARA",-119.68105941,34.42319062
8411379,2017,2017-09-07,4203,2017-07-13,2021,24077,4203,4,5,5,4203,0,0,0,,0,002,"CABRILLO BL","ANACAPA ST",0.00,,Y,A,-,N,,,,,,,,,,Y,4,0,1,2,D,-,00,,,F,C,C,A,A,H,-,C,A,0,,,,,Y,,-,"- ",0,0,1,0,0,0,0,0,0,"- ","- ",34.413200000000003,-119.688,"SANTA BARBARA","SANTA BARBARA",-119.68800989,34.413260039999997
8411383,2017,2017-09-08,4203,2017-07-13,1707,23515,,4,5,5,4203,0,0,0,,0,004,"WEST CARRILLO ST","DE LA VINA ST",170.00,W,N,A,-,N,,,,,,,,,,N,4,0,2,2,D,-,00,,,F,B,C,A,A,H,-,A,D,0,,,,,Y,,-,"- ",0,0,2,0,0,0,0,0,0,"- ","- ",34.258360000000003,-119.42167000000001,"SANTA BARBARA","SANTA BARBARA",-119.70451423,34.41900124
8411387,2017,2017-07-25,4203,2017-07-13,1552,2720,,4,5,5,4203,0,0,0,,0,004,"WEST SOLA ST","CASTILLO ST",220.00,E,N,A,-,N,,,,,,,,,,Y,4,0,1,3,A,-,01,23152,A,N,A,E,A,A,H,-,A,D,0,,,,,Y,Y,-,,0,0,1,0,0,0,0,0,0,"- ","- ",34.421289999999999,-119.71115,"SANTA BARBARA","SANTA BARBARA",-119.71101484,34.421470820000003
8411738,2017,2017-10-13,4202,2017-06-19,1919,239,LOMPO,1,5,4,4202,0,0,0,,0,007,"NORTH AV","F ST",0.00,,Y,A,-,N,,,,,,,,,,Y,2,0,1,2,A,-,08,22107,,N,D,C,A,A,H,-,A,A,0,,,Y,,Y,Y,C,02,1,0,0,0,0,0,0,0,1,"- ","- ",,,"SANTA BARBARA",LOMPOC,-120.4551699,34.653360059999997
8412687,2017,2017-09-05,4204,2017-08-15,0718,90754,RD35,2,5,5,4204,0,0,0,,0,B02,"FESLER ST","MILLER ST",0.00,,Y,A,-,N,,,,,,,,,,N,4,0,1,2,A,-,09,21802,A,M,G,G,A,A,H,-,A,D,0,,Y,,,Y,,L,04,0,0,1,0,0,0,1,0,0,"- ","- ",34.956420000000001,-120.43134000000001,"SANTA BARBARA","SANTA MARIA",-120.43141991,34.95649006
8413058,2017,2018-06-11,4204,2017-07-12,1911,90323,33,3,5,5,4204,0,0,0,,0,002,"MAIN ST","DEPOT ST",0.00,,Y,A,-,Y,SB,5,166,-,-,7.420,I,5,W,N,4,0,1,2,A,-,10,21950,A,N,G,B,B,A,H,-,A,A,0,Y,,,,Y,,A,01,0,0,1,0,1,0,0,0,0,"- ","- ",34.953409999999998,-120.44398,"SANTA BARBARA","SANTA MARIA",-120.44396162,34.953286820000002
8413245,2017,2018-06-11,4200,2017-07-14,2117,3934,14,5,5,2,4212,0,0,0,,0,,"RT 246","FREEAR DR",0.00,,Y,A,-,Y,SB,5,246,-,-,26.520,H,-,E,N,4,0,1,2,A,-,01,23152,A,N,C,C,A,A,H,-,C,A,0,,,,,Y,,A,08,0,0,1,0,0,0,0,0,0,"- ","- ",,,"SANTA BARBARA",BUELLTON,-120.18641040999999,34.610665689999998
8413249,2017,2018-04-03,4202,2017-06-16,1251,11804,,5,5,4,4202,0,0,0,,0,,"RT 1","GEORGE MILLER DR",804.00,S,N,A,-,Y,SB,5,1,-,-,22.270,H,-,S,Y,4,0,1,2,A,-,09,21801,A,N,A,C,A,A,H,-,A,D,0,,,,,Y,,A,01,0,0,1,0,0,0,0,0,0,"- ","- ",,,"SANTA BARBARA",LOMPOC,-120.4578331,34.663719409999999
8413253,2017,2018-06-11,4202,2017-07-06,1651,232,4202,4,5,4,4202,0,0,0,,0,,"RT 246","RT 1",317.00,E,N,A,-,Y,SB,5,246,-,-,9.620,H,-,W,Y,4,0,3,4,A,-,03,22350,,N,C,C,A,A,H,-,A,D,0,,,,,Y,,A,01,0,0,3,0,0,0,0,0,0,"- ","- ",,,"SANTA BARBARA",LOMPOC,-120.43505525,34.641777169999997
8395373,2017,2017-06-29,4203,2017-06-24,2131,23135,SBSC,6,5,5,4203,0,0,0,,0,002,"CORONEL PL",WENTWORTH,12.00,W,N,A,-,N,,,,,,,,,,N,3,0,1,2,D,-,00,,,F,H,G,A,A,H,-,D,D,0,,Y,,,Y,,-,"- ",0,1,0,0,0,0,1,0,0,"- ","- ",34.411020000000001,-119.7016,"SANTA BARBARA","SANTA BARBARA",-119.70154621,34.411145230000002
8395975,2017,2018-04-03,4204,2017-06-30,1039,90267,10,5,5,5,4204,0,0,0,,0,001,BROADWAY,"GRANT ST",500.00,S,N,A,-,Y,SB,5,135,-,-,17.040,H,-,N,N,3,0,2,2,A,-,09,21804,A,N,D,C,A,A,H,-,A,A,0,,,,,Y,,D,22,0,1,1,0,0,0,0,0,0,"- ","- ",34.972790000000003,-120.43577000000001,"SANTA BARBARA","SANTA MARIA",-120.43555782999999,34.971473609999997
8396376,2017,2017-07-13,4204,2017-06-17,1422,21338,050,6,5,5,4204,0,0,0,,0,002,"BLOSSER RD","COOK ST",200.00,S,N,A,-,N,,,,,,,,,,N,4,0,1,2,A,-,21,22106,,N,C,C,A,A,H,-,A,A,0,,,,,Y,,A,01,0,0,1,0,0,0,0,0,0,"- ","- ",34.9495,-120.4539,"SANTA BARBARA","SANTA MARIA",-120.45378530000001,34.949070800000001
8396384,2017,2017-07-13,4204,2017-06-26,0008,90375,63,1,5,5,4204,0,0,0,,0,003,"STOWELL RD","BLACK RD",21.00,W,N,A,-,N,,,,,,,,,,Y,4,0,1,1,A,-,01,23152,A,N,E,I,A,A,H,-,D,A,0,,,,,Y,Y,A,01,0,0,1,0,0,0,0,0,0,"- ","- ",34.938560000000003,-120.48988,"SANTA BARBARA","SANTA MARIA",-120.48989,34.938549999999999
8396486,2017,2017-06-26,4204,2017-06-10,2239,90365,82,6,5,5,4204,0,0,0,,0,003,"BETTERAVIA RD","MILLER ST",505.00,W,N,A,-,N,,,,,,,,,,Y,4,0,3,2,A,-,01,23152,A,N,C,C,A,A,H,-,C,A,0,,,,,Y,Y,A,01,0,0,3,0,0,0,0,0,0,"- ","- ",34.922350000000002,-120.43127,"SANTA BARBARA","SANTA MARIA",-120.43272974,34.92188092
8396490,2017,2017-06-26,4204,2017-06-13,0048,90365,2,2,5,5,4204,0,0,0,,0,040,"MAIN ST","BLOSSER RD",359.00,E,N,A,-,N,,,166,,,,,,,Y,4,0,1,3,A,-,07,21658,A,N,B,E,A,A,H,-,C,D,0,,,,,Y,,A,07,0,0,1,0,0,0,0,0,0,"- ","- ",34.953209999999999,-120.45367,"SANTA BARBARA","SANTA MARIA",-120.45367,34.953257819999997
8397294,2017,2017-06-26,4203,2017-06-12,1750,6983,,1,5,5,4203,0,0,0,,0,004,"ORTEGA ST","OLIVE ST",75.00,W,N,A,-,N,,,,,,,,,,Y,4,0,2,2,A,-,09,21804,A,N,D,C,A,A,H,-,A,D,0,,,,,Y,,-,,0,0,2,0,0,0,0,0,0,"- ","- ",,,"SANTA BARBARA","SANTA BARBARA",-119.69253528,34.423856219999998
8397298,2017,2017-06-26,4203,2017-06-16,1543,3849,44,5,5,5,4203,0,0,0,,0,003,"EAST CANON PERDIDO ST","ANACAPA ST",141.00,E,N,A,-,N,,,,,,,,,,N,4,0,1,2,A,-,08,22107,A,N,B,E,A,A,H,-,A,A,0,,,,,Y,,-,,0,0,1,0,0,0,0,0,0,"- ","- ",34.421900000000001,-119.699,"SANTA BARBARA","SANTA BARBARA",-119.69907857,34.421928569999999
8434036,2017,2018-06-11,4202,2017-07-19,1017,295,,3,5,4,4202,0,0,0,,0,,"RT 1","HANCOCK DR",21.00,S,N,A,-,Y,SB,5,1,-,R,23.500,H,-,S,Y,3,0,2,1,A,-,00,21453,,N,F,I,A,A,H,-,A,A,0,,,Y,,Y,,C,02,0,1,1,0,0,0,0,0,2,"- ","- ",,,"SANTA BARBARA",LOMPOC,-120.45802635,34.680896320000002
8434040,2017,2018-06-11,4202,2017-07-27,2121,234,4202,4,5,4,4202,0,0,0,,0,,"CENTRAL AV","H ST",82.00,W,N,A,-,Y,SB,5,1,-,-,22.068,I,6,N,Y,3,0,1,1,A,-,05,21650,,N,E,J,A,A,H,-,C,A,0,,,,,Y,,A,01,0,1,0,0,0,0,0,0,0,"- ","- ",,,"SANTA BARBARA",LOMPOC,-120.45762454,34.660807200000001
8434632,2017,2017-08-29,4202,2017-07-25,1310,22072,LOMPO,2,5,4,4202,0,0,0,,0,,"N Q ST","W MAPLE AV",0.00,,Y,A,-,N,,,,,,,,,,N,4,0,1,2,A,-,09,21800,A,N,D,C,A,A,H,-,A,D,0,,,,,Y,,D,22,0,0,1,0,0,0,0,0,0,"- ","- ",,,"SANTA BARBARA",LOMPOC,-120.46920995000001,34.645520099999999
8424270,2017,2017-08-11,4203,2017-07-22,0729,23768,,6,5,5,4203,0,0,0,,0,001,"N MILPAS ST","E MASON ST",0.00,,Y,B,-,N,,,,,,,,,,Y,4,0,2,2,A,-,12,21453,A,N,D,C,A,A,H,-,A,A,0,,,,,Y,,A,01,0,0,2,0,0,0,0,0,0,"- ","- ",34.422600000000003,-119.69029999999999,"SANTA BARBARA","SANTA BARBARA",-119.68016989,34.422560009999998
8424274,2017,2017-09-12,4203,2017-07-25,1046,22856,,2,5,5,4203,0,0,0,,0,004,"W FIGUEROA ST","STATE ST",0.00,,N,A,-,N,,,,,,,,,,N,4,0,1,1,A,-,03,22350,,N,H,A,A,A,H,-,A,D,0,,Y,,,Y,,L,04,0,0,1,0,0,0,1,0,0,"- ","- ",34.251800000000003,-119.4213,"SANTA BARBARA","SANTA BARBARA",-119.70316991999999,34.422410059999997
8424278,2017,2017-08-11,4203,2017-07-24,1712,1985,,1,5,5,4203,0,0,0,,0,003,"OLIVE ST","ARRELLAGA ST",0.00,,Y,A,-,N,,,,,,,,,,N,3,0,1,2,A,-,09,21802,A,N,D,G,A,A,H,-,A,A,0,,Y,,,Y,,-,,0,1,0,0,0,0,1,0,0,"- ","- ",34.255699999999997,-119.42140000000001,"SANTA BARBARA","SANTA BARBARA",-119.70388986,34.432420090000001
8424282,2017,2017-08-15,4203,2017-07-23,1510,24078,28,7,5,5,4203,0,0,0,,0,006,"VERONICA SPRINGS RD","LAS POSITAS RD",106.00,W,N,A,-,N,,,,,,,,,,Y,4,0,1,1,A,-,03,22350,,N,E,I,A,A,H,-,A,A,0,,,,,Y,,-,,0,0,1,0,0,0,0,0,0,"- ","- ",34.250520000000002,-119.44304,"SANTA BARBARA","SANTA BARBARA",-119.74157769,34.418156850000003
8424286,2017,2017-08-11,4203,2017-07-24,1832,2661,,1,5,5,4203,0,0,0,,0,006,"SAN PASCUAL","PEDREGOSA ST",0.00,,Y,A,-,N,,,,,,,,,,N,4,0,1,2,A,-,12,22450,,M,D,G,A,A,H,-,A,A,0,,Y,,,Y,,L,04,0,0,1,0,0,0,1,0,0,"- ","- ",34.252490000000002,-119.43124,"SANTA BARBARA","SANTA BARBARA",-119.72012994000001,34.423590050000001
8427005,2017,2017-08-16,4204,2017-08-03,1637,90269,25,4,5,5,4204,0,0,0,,0,001,"BENWILEY AV","FESLER ST",150.00,N,N,A,-,N,,,,,,,,,,N,2,0,1,2,A,-,11,21954,A,N,G,B,D,A,H,-,A,D,0,Y,,,,Y,,N,60,1,0,0,0,1,0,0,0,0,"- ","- ",34.956719999999997,-120.44583,"SANTA BARBARA","SANTA MARIA",-120.4456354,34.957281989999998
8427025,2017,2018-06-25,4204,2017-08-05,1613,90269,57,6,5,5,4204,0,0,0,,0,002,BROADWAY,"PARK AV",0.00,,Y,A,-,Y,SB,5,135,-,-,15.180,I,5,S,Y,4,0,1,2,A,-,09,21802,A,N,D,C,A,A,H,-,A,D,0,,,,,Y,,D,22,0,0,1,0,0,0,0,0,0,"- ","- ",34.944499999999998,-120.43576,"SANTA BARBARA","SANTA MARIA",-120.43606561999999,34.944504819999999
8427033,2017,2018-04-03,4204,2017-06-20,1556,90242,10,2,5,5,4204,0,0,0,,0,001,BROADWAY,"WILLIAMS ST",0.00,,Y,A,-,Y,SB,5,135,-,-,16.930,I,5,S,N,3,0,1,2,A,-,17,21200,A,N,D,G,A,A,H,-,A,A,0,,Y,,,Y,,L,04,0,1,0,0,0,0,1,0,0,"- ","- ",34.969920000000002,-120.43591000000001,"SANTA BARBARA","SANTA MARIA",-120.43570962,34.969881819999998
8427192,2017,2017-08-15,4204,2017-08-03,1530,90269,53,4,5,5,4204,0,0,0,,0,002,"MILLER ST","OAK ST",0.00,,Y,A,-,N,,,,,,,,,,N,3,0,1,2,A,-,12,22450,A,F,D,G,A,A,H,-,A,D,0,,Y,,,Y,,A,08,0,1,0,0,0,0,1,0,0,"- ","- ",34.945149999999998,-120.4312,"SANTA BARBARA","SANTA MARIA",-120.43148999,34.945220040000002
8427200,2017,2017-08-15,4204,2017-08-03,2341,90343,,4,5,5,4204,0,0,0,,0,002,"BRADLEY RD","STOWELL RD",0.00,,Y,A,-,N,,,,,,,,,,N,4,0,2,2,A,-,12,21453,A,N,D,C,A,A,H,-,C,A,0,,,,,Y,,A,01,0,0,2,0,0,0,0,0,0,"- ","- ",34.938299999999998,-120.41945,"SANTA BARBARA","SANTA MARIA",-120.41941998,34.938339999999997
8427875,2017,2017-08-16,4200,2017-07-29,1757,3993,,6,5,2,4206,0,0,0,,0,,"MISSION DR","1ST ST",16.00,W,N,A,-,N,,,,,,,,,,N,3,0,1,2,A,-,10,21950,A,N,G,B,B,A,H,-,A,D,0,Y,,,,Y,,-,"- ",0,1,0,0,1,0,0,0,0,"- ","- ",,,"SANTA BARBARA",SOLVANG,-120.13936314,34.596029999999999
8413312,2017,2018-06-11,4204,2017-07-14,1941,90753,36,5,5,5,4204,0,0,0,,0,002,"MAIN ST","CONCEPCION AV",0.00,,Y,A,-,Y,SB,5,166,-,-,8.630,I,5,W,Y,4,0,2,2,A,-,09,21804,,N,D,C,A,A,H,-,A,D,0,,,,,Y,,A,01,0,0,2,0,0,0,0,0,0,"- ","- ",34.952849999999998,-120.42267,"SANTA BARBARA","SANTA MARIA",-120.42264059,34.95314054
8416262,2017,2017-08-02,4204,2017-07-14,1633,21338,061,5,5,5,4204,0,0,0,,0,003,"DEPOT ST","STOWELL RD",100.00,N,N,A,-,N,,,,,,,,,,N,4,0,3,3,A,-,03,22350,,N,C,C,A,A,H,-,A,A,0,,,,,Y,,D,22,0,0,3,0,0,0,0,0,0,"- ","- ",34.938800000000001,-120.44458,"SANTA BARBARA","SANTA MARIA",-120.44469780999999,34.938934660000001
8416341,2017,2017-08-21,4204,2017-07-06,1757,21338,068,4,5,5,4204,0,0,0,,0,003,"MILLER ST","BARCELLUS AV",10.00,S,N,A,-,N,,,,,,,,,,N,4,0,1,2,A,-,21,22106,,N,C,C,A,A,H,-,A,A,0,,,,,Y,,-,"- ",0,0,1,0,0,0,0,0,0,"- ","- ",34.936570000000003,-120.43161000000001,"SANTA BARBARA","SANTA MARIA",-120.43161000000001,34.936582530000003
8416345,2017,2018-06-11,4204,2017-07-13,1804,21338,057,4,5,5,4204,0,0,0,,0,002,BROADWAY,"MORRISON AV",150.00,N,N,A,-,Y,SB,5,135,-,-,15.110,H,-,N,N,3,0,1,3,A,-,03,22350,,N,C,C,A,A,H,-,A,A,0,,,,,Y,,A,01,0,1,0,0,0,0,0,0,0,"- ","- ",34.943089999999998,-120.4358,"SANTA BARBARA","SANTA MARIA",-120.43594873000001,34.943518859999998
8416439,2017,2017-08-03,4203,2017-07-20,1513,5751,32,4,5,5,4203,0,0,0,,0,004,"W VICTORIA ST","BATH ST",0.00,,Y,A,-,N,,,,,,,,,,Y,2,0,1,2,A,-,10,21950,A,M,G,B,B,A,H,-,A,A,0,Y,,,,Y,,A,01,1,0,0,0,1,0,0,0,0,"- ","- ",34.421059999999997,-119.70919000000001,"SANTA BARBARA","SANTA BARBARA",-119.7091099,34.421150089999998
8418713,2017,2017-08-02,4200,2017-05-18,2325,4417,10,4,5,4,4214,0,0,0,,0,060,"HOLLISTER AV","ORANGE AV",48.00,E,N,A,-,N,,,,,,,,,,Y,4,0,1,2,A,-,01,23152,F,N,C,E,A,A,H,-,C,D,0,,,,,Y,,A,01,0,0,1,0,0,0,0,0,0,"- ","- ",,,"SANTA BARBARA",GOLETA,-119.82890147000001,34.4359891
8418717,2017,2017-08-02,4200,2017-04-22,0920,4417,14,6,5,4,4214,0,0,0,,0,080,"WINCHESTER CANYON RD","CALLE REAL",128.00,N,N,A,-,N,,,,,,,,,,N,3,0,1,2,A,-,09,21801,A,N,H,G,A,A,H,-,A,D,0,,Y,,,Y,,A,01,0,1,0,0,0,0,1,0,0,"- ","- ",,,"SANTA BARBARA",GOLETA,-119.90060577,34.436852219999999
8418979,2017,2017-08-02,4200,2017-06-04,1830,4057,14,7,5,4,4214,0,0,0,,0,060,"MENTOR DR","HOLLISTER AV",0.00,,Y,A,-,N,,,,,,,,,,N,4,0,1,2,A,-,09,21804,A,N,H,G,A,A,H,-,A,D,0,,Y,,,Y,Y,A,01,0,0,1,0,0,0,1,0,0,"- ","- ",,,"SANTA BARBARA",GOLETA,-119.81229990999999,34.435030079999997
8418986,2017,2017-08-02,4203,2017-07-15,1020,24321,,6,5,5,4203,0,0,0,,0,002,"E HALEY ST","NOPAL ST",0.00,,Y,A,-,N,,,,,,,,,,Y,3,0,2,4,A,-,12,22450,A,N,D,C,A,A,H,-,A,D,0,,,,,Y,,A,01,0,1,1,0,0,0,0,0,0,"- ","- ",34.425289999999997,-119.68644999999999,"SANTA BARBARA","SANTA BARBARA",-119.68647989999999,34.425290019999998
8418995,2017,2017-08-02,4203,2017-07-17,1458,2712,,1,5,5,4203,0,0,0,,0,006,"CLIFF DR","ALAN RD",33.00,W,N,A,-,N,,,,,,,,,,Y,4,0,1,2,A,-,03,22350,,N,C,C,A,-,H,-,A,D,0,,,,,Y,,-,,0,0,1,0,0,0,0,0,0,"- ","- ",34.241700000000002,-119.4427,"SANTA BARBARA","SANTA BARBARA",-119.74079335,34.404860470000003
8418999,2017,2017-08-02,4203,2017-07-18,0651,5751,44,2,5,5,4203,0,0,0,,0,003,"SANTA BARBARA ST","E ORTEGA ST",0.00,,Y,A,-,N,,,,,,,,,,N,3,0,1,2,A,-,12,21453,A,N,H,G,A,A,H,-,A,A,0,,Y,,,Y,,-,"- ",0,1,0,0,0,0,1,0,0,"- ","- ",34.420780000000001,-119.69573,"SANTA BARBARA","SANTA BARBARA",-119.69577990000001,34.420810080000003
8434789,2017,2017-08-22,4204,2017-08-10,1626,90271,4204,4,5,5,4204,0,0,0,,0,003,"SONYA LN","THORNBURG ST",0.00,,Y,A,-,N,,,,,,,,,,Y,4,0,1,2,A,-,01,23152,A,F,D,C,A,A,H,-,A,D,0,,,,,Y,Y,A,01,0,0,1,0,0,0,0,0,0,"- ","- ",34.927790000000002,-120.44043000000001,"SANTA BARBARA","SANTA MARIA",-120.44053986,34.927620009999998
8435284,2017,2017-08-24,4203,2017-08-13,1039,2520,4203,7,5,5,4203,0,0,0,,0,001,"VOLUNTARIO ST","CACIQUE ST",0.00,,Y,A,-,N,,,,,,,,,,N,4,0,2,2,A,-,08,22107,,N,D,C,A,A,H,-,A,D,0,,,,,Y,,-,,0,0,2,0,0,0,0,0,0,"- ","- ",,,"SANTA BARBARA","SANTA BARBARA",-119.67408994,34.421840080000003