CASE_ID,ACCIDENT_YEAR,PROC_DATE,JURIS,COLLISION_DATE,COLLISION_TIME,OFFICER_ID,REPORTING_DISTRICT,DAY_OF_WEEK,CHP_SHIFT,POPULATION,CNTY_CITY_LOC,SPECIAL_COND,BEAT_TYPE,CHP_BEAT_TYPE,CITY_DIVISION_LAPD,CHP_BEAT_CLASS,BEAT_NUMBER,PRIMARY_RD,SECONDARY_RD,DISTANCE,DIRECTION,INTERSECTION,WEATHER_1,WEATHER_2,STATE_HWY_IND,CALTRANS_COUNTY,CALTRANS_DISTRICT,STATE_ROUTE,ROUTE_SUFFIX,POSTMILE_PREFIX,POSTMILE,LOCATION_TYPE,RAMP_INTERSECTION,SIDE_OF_HWY,TOW_AWAY,COLLISION_SEVERITY,NUMBER_KILLED,NUMBER_INJURED,PARTY_COUNT,PRIMARY_COLL_FACTOR,PCF_CODE_OF_VIOL,PCF_VIOL_CATEGORY,PCF_VIOLATION,PCF_VIOL_SUBSECTION,HIT_AND_RUN,TYPE_OF_COLLISION,MVIW,PED_ACTION,ROAD_SURFACE,ROAD_COND_1,ROAD_COND_2,LIGHTING,CONTROL_DEVICE,CHP_ROAD_TYPE,PEDESTRIAN_ACCIDENT,BICYCLE_ACCIDENT,MOTORCYCLE_ACCIDENT,TRUCK_ACCIDENT,NOT_PRIVATE_PROPERTY,ALCOHOL_INVOLVED,STWD_VEHTYPE_AT_FAULT,CHP_VEHTYPE_AT_FAULT,COUNT_SEVERE_INJ,COUNT_VISIBLE_INJ,COUNT_COMPLAINT_PAIN,COUNT_PED_KILLED,COUNT_PED_INJURED,COUNT_BICYCLIST_KILLED,COUNT_BICYCLIST_INJURED,COUNT_MC_KILLED,COUNT_MC_INJURED,PRIMARY_RAMP,SECONDARY_RAMP,LATITUDE,LONGITUDE,COUNTY,CITY,POINT_X,POINT_Y
8435362,2017,2017-08-25,4203,2017-08-03,1100,5751,56,4,5,5,4203,0,0,0,,0,005,"N HOPE ST","STATE ST",0.00,,Y,A,-,N,,,,,,,,,,Y,4,0,1,2,A,-,03,22350,,N,C,C,A,A,H,-,A,A,0,,,,,Y,,A,01,0,0,1,0,0,0,0,0,0,"- ","- ",34.440649999999998,-119.74674,"SANTA BARBARA","SANTA BARBARA",-119.74671999,34.440480039999997
8435366,2017,2017-08-25,4203,2017-08-08,1914,24322,42,2,5,5,4203,0,0,0,,0,004,"CHAPALA ST","W ANAPAMU ST",40.00,N,N,A,-,N,,,,,,,,,,N,3,0,1,2,A,-,03,22350,,N,B,E,A,A,H,-,A,D,0,,Y,,,Y,,L,04,0,1,0,0,0,0,1,0,0,"- ","- ",34.422789999999999,-119.70536,"SANTA BARBARA","SANTA BARBARA",-119.70568089,34.422371220000002
8435370,2017,2017-08-25,4203,2017-08-09,1354,5751,61,3,5,5,4203,0,0,0,,0,001,"E COTA ST","QUARANTINA ST",29.00,W,N,A,-,N,,,,,,,,,,N,3,0,1,2,A,-,11,21954,A,N,G,B,E,A,A,H,A,D,0,Y,,,,Y,Y,N,60,0,1,0,0,1,0,0,0,0,"- ","- ",34.424999999999997,-119.68902,"SANTA BARBARA","SANTA BARBARA",-119.68893301999999,34.425109890000002
8435374,2017,2017-08-25,4203,2017-08-10,1228,23518,,4,5,5,4203,0,0,0,,0,006,"CLIFF DR","CAMINA CALMA",300.00,E,N,A,-,N,,,,,,,,,,Y,4,0,1,2,A,-,00,21834,A,N,D,C,A,A,H,-,A,A,0,,,,,Y,,-,,0,0,1,0,0,0,0,0,0,"- ","- ",34.241720000000001,-119.41264,"SANTA BARBARA","SANTA BARBARA",-119.72378639999999,34.401918700000003
8435378,2017,2017-08-25,4203,2017-08-10,1626,3849,,4,5,5,4203,0,0,0,,0,006,"WEST MISSION","SAN PASCUAL ST",9.00,N,N,A,-,N,,,,,,,,,,N,4,0,1,2,D,-,00,,,F,C,C,A,A,H,-,A,A,0,,,,,Y,,-,"- ",0,0,1,0,0,0,0,0,0,"- ","- ",34.424399999999999,-119.7213,"SANTA BARBARA","SANTA BARBARA",-119.72132949,34.424507939999998
8435437,2017,2017-08-25,4203,2017-08-04,1911,3849,62,5,5,5,4203,0,0,0,,0,001,"N MILPAS ST",JENNINGS,19.00,N,N,A,-,N,,,,,,,,,,N,3,0,1,2,D,-,00,,,N,C,C,A,A,H,-,A,A,0,,,,,Y,,-,"- ",0,1,0,0,0,0,0,0,0,"- ","- ",,,"SANTA BARBARA","SANTA BARBARA",-119.68231809,34.424113660000003
8435808,2017,2017-08-29,4203,2017-08-18,2151,3434,,5,5,5,4203,0,0,0,,0,003,"SANTA BARBARA ST","VICTORIA ST",0.00,,Y,-,-,N,,,,,,,,,,Y,4,0,2,2,A,-,01,23152,,N,-,C,A,A,H,-,C,A,0,,,,,Y,,-,,0,0,2,0,0,0,0,0,0,"- ","- ",34.253399999999999,-119.4211,"SANTA BARBARA","SANTA BARBARA",-119.70346986,34.426440040000003
8435813,2017,2017-08-29,4200,2017-08-15,1143,3116,14,2,5,4,4214,0,0,0,,0,060,"FAIRVIEW AV","HOLLISTER AV",114.00,S,N,A,-,N,,,,,,,,,,Y,3,0,2,2,A,-,09,21804,A,N,D,D,A,A,H,-,A,D,0,,,,,Y,,A,01,0,2,0,0,0,0,0,0,0,"- ","- ",,,"SANTA BARBARA",GOLETA,-119.83065000000001,34.435796969999998
8435964,2017,2017-09-08,4204,2017-08-25,1806,90268,9,5,5,5,4204,0,0,0,,0,001,"RAILROAD AV","ORCHARD ST",0.00,,Y,A,-,N,,,,,,,,,,N,4,0,1,2,A,-,03,22350,,N,C,C,A,A,H,-,A,A,0,,,,,Y,,A,01,0,0,1,0,0,0,0,0,0,"- ","- ",34.966149999999999,-120.44431,"SANTA BARBARA","SANTA MARIA",-120.44448991,34.96592004
8419016,2017,2017-08-02,4203,2017-07-09,1730,2520,4203,7,5,5,4203,0,0,0,,0,002,"COAST VILLAGE RD","COAST VILLAGE CIR",0.00,,Y,A,-,N,,,,,,,,,,Y,4,0,1,2,A,-,08,22107,,N,D,C,A,A,H,-,A,D,0,,,,,Y,,-,,0,0,1,0,0,0,0,0,0,"- ","- ",34.251600000000003,-119.3847,"SANTA BARBARA","SANTA BARBARA",-119.6538199,34.422920070000004
8419036,2017,2017-08-02,4203,2017-07-13,1926,3626,,4,5,5,4203,0,0,0,,0,002,"CANON PERDIDO ST","SAN ANDRES ST",0.00,,Y,A,-,N,,,,,,,,,,Y,3,0,1,2,D,-,00,,,N,D,C,A,A,H,-,A,A,0,,,,,Y,,-,"- ",0,1,0,0,0,0,0,0,0,"- ","- ",34.413159999999998,-119.70849,"SANTA BARBARA","SANTA BARBARA",-119.7084799,34.413150029999997
8419040,2017,2017-08-02,4203,2017-07-17,1220,2712,,1,5,5,4203,0,0,0,,0,006,"MICHELTORENA ST","ALMOND AV",90.00,E,N,A,-,N,,,,,,,,,,Y,3,0,1,2,A,-,08,22107,,N,B,C,A,A,H,-,A,D,0,,,,,Y,,-,,0,1,0,0,0,0,0,0,0,"- ","- ",34.259900000000002,-119.4255,"SANTA BARBARA","SANTA BARBARA",-119.71539933,34.419499989999998
8419237,2017,2018-06-11,4204,2017-07-19,0823,90269,4,3,5,5,4204,0,0,0,,0,001,"TAYLOR ST",BROADWAY,30.00,W,N,A,-,Y,SB,5,135,-,-,17.280,I,6,N,N,4,0,1,3,A,-,03,22350,,M,C,C,A,A,H,-,A,A,0,,,,,Y,,D,22,0,0,1,0,0,0,0,0,0,"- ","- ",34.974989999999998,-120.43567,"SANTA BARBARA","SANTA MARIA",-120.43551162,34.974958819999998
8419245,2017,2017-08-08,4204,2017-07-18,1308,90276,82,2,5,5,4204,0,0,0,,0,B03,"BETTERAVIA RD","MILLER ST",532.00,W,N,A,-,N,,,,,,,,,,N,4,0,1,3,A,-,03,22350,,F,C,C,A,A,H,-,A,A,0,,,,,Y,,D,22,0,0,1,0,0,0,0,0,0,"- ","- ",34.922350000000002,-120.43127,"SANTA BARBARA","SANTA MARIA",-120.43280754,34.921843580000001
8419562,2017,2018-06-11,4200,2017-07-12,0717,4608,11,3,5,2,4212,0,0,0,,0,,"RT 246","MCMURRAY RD",320.00,E,N,A,-,Y,SB,5,246,-,-,26.430,H,-,E,Y,4,0,1,2,A,-,09,21801,A,N,D,C,A,-,A,-,A,D,0,,,,,Y,,A,01,0,0,1,0,0,0,0,0,0,"- ","- ",,,"SANTA BARBARA",BUELLTON,-120.18783155,34.61118544
8419969,2017,2017-08-08,4202,2017-06-16,1352,277,LOMPO,5,5,4,4202,0,0,0,,0,,"PINE AV","G ST",0.00,,Y,A,-,N,,,,,,,,,,N,4,0,2,2,A,-,09,21802,A,N,D,C,A,A,H,-,A,A,0,,,,,Y,,A,07,0,0,2,0,0,0,0,0,0,"- ","- ",,,"SANTA BARBARA",LOMPOC,-120.45644998,34.650180030000001
8420059,2017,2017-08-31,4202,2017-07-21,1113,295,,5,5,4,4202,0,0,0,,0,,"CYPRESS AV","E ST",151.00,,N,A,-,N,,,,,,,,,,N,4,0,1,2,A,-,"- ",,,M,D,E,A,A,H,-,A,B,0,,Y,,,Y,,L,04,0,0,1,0,0,0,1,0,0,"- ","- ",,,"SANTA BARBARA",LOMPOC,-120.45407997,34.637280109999999
8420063,2017,2017-08-31,4202,2017-07-05,1243,232,4202,3,5,4,4202,0,0,0,,0,,"COLLEGE AV","I ST",58.00,E,N,A,-,N,,,,,,,,,,N,2,0,1,2,A,-,"- ",,,N,D,G,A,A,H,-,A,D,0,,Y,,,Y,,L,04,1,0,0,0,0,0,1,0,0,"- ","- ",,,"SANTA BARBARA",LOMPOC,-120.45890726,34.64703694
8420166,2017,2017-08-10,4202,2017-05-14,1126,222,LOMPO,7,5,4,4202,0,0,0,,0,,"M ST","LAUREL AV",20.00,S,N,A,-,N,,,,,,,,,,Y,4,0,1,2,A,-,08,22107,,N,D,C,A,A,A,B,A,D,0,,,,,Y,,A,01,0,0,1,0,0,0,0,0,0,"- ","- ",,,"SANTA BARBARA",LOMPOC,-120.46419607999999,34.643825290000002
8420174,2017,2017-08-17,4202,2017-06-20,1612,292,,2,5,4,4202,0,0,0,,0,,"NORTH AV","I ST",530.00,W,N,A,-,N,,,,,,,,,,N,4,0,3,3,A,-,00,21703,A,N,C,C,A,A,H,-,A,A,0,,,,Y,Y,,F,26,0,0,3,0,0,0,0,0,0,"- ","- ",,,"SANTA BARBARA",LOMPOC,-120.46086164,34.653410000000001
8420739,2017,2018-06-11,4204,2017-07-20,1702,90269,57,4,5,5,4204,0,0,0,,0,003,BROADWAY,"STOWELL RD",15.00,S,N,A,-,Y,SB,5,135,-,-,14.770,H,-,N,Y,4,0,1,2,A,-,03,22350,,N,C,C,A,A,H,-,A,A,0,,,,,Y,,A,01,0,0,1,0,0,0,0,0,0,"- ","- ",34.938499999999998,-120.43595999999999,"SANTA BARBARA","SANTA MARIA",-120.43594269,34.938356970000001
8436202,2017,2017-09-15,4203,2017-08-26,1408,7189,,6,5,5,4203,0,0,0,,0,002,"COAST VILLAGE RD","BUTTERFLY LN",405.00,W,N,A,-,N,,,,,,,,,,Y,3,0,3,2,A,-,08,22107,,N,D,C,A,A,H,-,A,D,0,,,,,Y,,A,01,0,2,1,0,0,0,0,0,0,"- ","- ",34.421050000000001,-119.64652,"SANTA BARBARA","SANTA BARBARA",-119.64916742,34.421500000000002
8436242,2017,2018-06-25,4200,2017-08-15,1702,3077,14,2,5,4,4214,0,0,0,,0,060,"HOLLISTER AV","RT 217",42.00,E,N,A,-,Y,SB,5,217,-,-,2.450,R,4,W,N,4,0,2,2,A,-,03,22350,,N,C,C,A,A,H,-,A,D,0,,,,,Y,,A,01,0,0,2,0,0,0,0,0,0,"- ",WF,,,"SANTA BARBARA",GOLETA,-119.81573854,34.43819259
8436254,2017,2017-09-29,4200,2017-08-06,0916,4472,14,7,5,4,4214,0,0,0,,0,080,"STORKE RD","PHELPS RD",10.00,S,N,A,-,N,,,,,,,,,,Y,3,0,3,2,A,-,03,22350,A,N,C,C,A,A,H,-,A,A,0,,,,,Y,,A,01,0,2,1,0,0,0,0,0,0,"- ","- ",,,"SANTA BARBARA",GOLETA,-119.86978019999999,34.424222540000002
8436429,2017,2017-09-20,4203,2017-09-04,1935,23135,SBSC,1,5,5,4203,0,0,0,,0,002,"CACIQUE ST","S MILPAS ST",252.00,W,N,A,-,N,,,,,,,,,,N,3,0,1,1,C,-,18,,,N,H,A,A,A,H,-,B,D,0,,,,,Y,Y,-,"- ",0,1,0,0,0,0,0,0,0,"- ","- ",34.41921,-119.67695999999999,"SANTA BARBARA","SANTA BARBARA",-119.67688576,34.419239349999998
8436573,2017,2017-10-03,4203,2017-08-29,1135,2520,4203,2,5,5,4203,0,0,0,,0,002,"CASTILLO ST","HALEY ST",466.00,S,N,A,-,N,,,,,,,,,,N,4,0,1,2,D,-,00,,,M,C,C,A,A,H,-,A,A,0,,,,,Y,,-,"- ",0,0,1,0,0,0,0,0,0,"- ","- ",34.421700000000001,-119.6738,"SANTA BARBARA","SANTA BARBARA",-119.69885082,34.41182826
8436648,2017,2017-09-15,4203,2017-08-23,1430,23093,,3,5,5,4203,0,0,0,,0,004,"COTA ST","DE LA VINA ST",28.00,W,N,A,-,N,,,,,,,,,,N,4,0,1,2,A,-,17,22517,,N,A,G,A,A,H,-,A,D,0,,Y,,,Y,,A,01,0,0,1,0,0,0,1,0,0,"- ","- ",34.415559999999999,-119.69202,"SANTA BARBARA","SANTA BARBARA",-119.6991302,34.415561510000003
8436652,2017,2017-10-03,4203,2017-08-28,1700,24082,,1,5,5,4203,0,0,0,,0,001,"WEST MOUNTAIN DR","FOOTHILL RD",0.00,,Y,A,-,N,,,,,,,,,,N,3,0,1,1,A,-,03,22350,,N,H,A,A,A,H,-,A,A,0,,,,,Y,,-,,0,1,0,0,0,0,0,0,0,"- ","- ",34.444699999999997,-119.7,"SANTA BARBARA","SANTA BARBARA",-119.70011997,34.444650000000003
8436656,2017,2017-09-15,4203,2017-08-30,1125,9480,,3,5,5,4203,0,0,0,,0,006,"LAS POSITAS RD","MODOC RD",27.00,N,N,A,-,N,,,,,,,,,,Y,4,0,1,3,A,-,03,22350,,N,C,C,A,A,H,-,A,A,0,,,,,Y,,-,,0,0,1,0,0,0,0,0,0,"- ","- ",34.255589999999998,-119.44531000000001,"SANTA BARBARA","SANTA BARBARA",-119.73471381,34.426129889999999
8436860,2017,2017-09-19,4202,2017-08-15,1924,239,LOMPO,2,5,4,4202,0,0,0,,0,007,"F ST","AIRPORT AV",0.00,N,N,A,-,N,,,,,,,,,,N,3,0,1,2,A,-,11,21950,B,N,G,B,D,A,H,-,A,D,0,Y,,,,Y,Y,N,60,0,1,0,0,1,0,0,0,0,"- ","- ",,,"SANTA BARBARA",LOMPOC,-120.45520999,34.648590030000001
8436932,2017,2017-09-19,4204,2017-09-06,0939,90276,87,3,5,5,4204,0,0,0,,0,B03,"SKYWAY DR","INDUSTRIAL PKWY",0.00,,Y,A,-,N,,,,,,,,,,N,4,0,1,2,A,-,08,21717,,N,G,G,A,A,H,-,A,A,0,,Y,,,Y,,A,01,0,0,1,0,0,0,1,0,0,"- ","- ",34.901609999999998,-120.44797,"SANTA BARBARA","SANTA MARIA",-120.44794996,34.901590110000001
8437064,2017,2017-09-21,4204,2017-09-02,1842,90343,75,6,5,5,4204,0,0,0,,0,003,BROADWAY,"BETTERAVIA RD",325.00,N,N,B,-,N,,,135,,,,,,,Y,4,0,2,3,B,-,22,,,N,A,E,A,A,H,-,B,D,0,,,,,Y,,A,01,0,0,2,0,0,0,0,0,0,"- ","- ",34.92089,-120.43613000000001,"SANTA BARBARA","SANTA MARIA",-120.43611584,34.92088914
8428537,2017,2017-08-22,4204,2017-08-11,1458,90272,33,5,5,5,4204,0,0,0,,0,002,"MAIN ST","DEPOT ST",0.00,,Y,A,-,N,,,166,,,,,,,N,4,0,2,2,A,-,03,22350,,F,C,C,A,A,H,-,A,D,0,,,,,Y,,A,01,0,0,2,0,0,0,0,0,0,"- ","- ",34.953409999999998,-120.44398,"SANTA BARBARA","SANTA MARIA",-120.44398205,34.953287160000002
8429083,2017,2017-08-23,4204,2017-08-14,1720,90376,48,1,5,5,4204,0,0,0,,0,002,"MAIN ST","RANCH ST",50.00,W,N,A,-,N,,,166,,,,,,,N,4,0,2,2,A,-,03,22350,,N,C,C,A,A,G,-,A,D,0,,,,,Y,,D,22,0,0,2,0,0,0,0,0,0,"- ","- ",34.953229999999998,-120.42014,"SANTA BARBARA","SANTA MARIA",-120.42014399999999,34.953090090000003
8429647,2017,2017-08-18,4203,2017-08-07,0748,24082,,1,5,5,4203,0,0,0,,0,002,"W CARRILLO ST","SAN PASCUAL ST",0.00,,Y,A,-,N,,,,,,,,,,N,3,0,1,2,A,-,09,21801,A,N,D,C,A,A,H,-,A,D,0,,,,,Y,,-,,0,1,0,0,0,0,0,0,0,"- ","- ",34.415100000000002,-119.7092,"SANTA BARBARA","SANTA BARBARA",-119.70909995,34.415140010000002
8429651,2017,2017-10-12,4203,2017-08-07,0756,6983,,1,5,5,4203,0,0,0,,0,003,"MISSION ST","CHAPALA ST",135.00,W,N,A,-,N,,,,,,,,,,Y,4,0,1,2,A,-,01,23152,A,N,-,E,A,A,H,-,A,A,0,,,,,Y,,-,,0,0,1,0,0,0,0,0,0,"- ","- ",34.254600000000003,-119.42158999999999,"SANTA BARBARA","SANTA BARBARA",-119.71610683,34.429520259999997
8429655,2017,2017-08-18,4200,2017-08-07,0334,23133,,1,5,4,4214,0,0,0,,0,011,"HOLLISTER AV","LA PATERA",720.00,W,N,A,-,N,,,,,,,,,,Y,4,0,1,1,A,-,01,23152,,N,A,I,A,A,H,-,D,A,0,,,,,Y,Y,A,01,0,0,1,0,0,0,0,0,0,"- ","- ",34.432380000000002,-119.84267,"SANTA BARBARA",GOLETA,-119.84360186000001,34.432254229999998
8429659,2017,2017-08-18,4203,2017-08-04,1755,24077,,5,5,5,4203,0,0,0,,0,005,"FOOTHILL RD","SAN ROQUE RD",0.00,,Y,A,-,N,,,192,,,,,,,Y,4,0,1,2,A,-,09,21801,A,N,A,C,A,A,H,-,A,A,0,,,,,Y,,-,,0,0,1,0,0,0,0,0,0,"- ","- ",34.449339999999999,-119.73327999999999,"SANTA BARBARA","SANTA BARBARA",-119.73328021,34.449339100000003
8431734,2017,2017-09-25,4203,2017-08-21,1517,6983,,1,5,5,4203,0,0,0,,0,003,"LAGUNA ST","HALEY ST",0.00,,Y,A,-,N,,,,,,,,,,Y,3,0,2,2,A,-,09,21801,A,N,D,C,A,A,H,-,A,A,0,,,,,Y,,-,,0,1,1,0,0,0,0,0,0,"- ","- ",,,"SANTA BARBARA","SANTA BARBARA",-119.69099991,34.421060019999999
8431738,2017,2017-09-28,4203,2017-08-24,1436,23766,,4,5,5,4203,0,0,0,,0,004,"CHAPALA ST","ARRELLAGA ST",15.00,W,N,A,-,N,,,,,,,,,,Y,3,0,1,2,A,-,09,21802,A,N,D,C,A,A,H,-,A,A,0,,,,,Y,,A,01,0,1,0,0,0,0,0,0,0,"- ","- ",34.426000000000002,-119.7105,"SANTA BARBARA","SANTA BARBARA",-119.71071624,34.426068190000002
8458520,2017,2017-10-03,4203,2017-09-15,0812,7568,,5,5,5,4203,0,0,0,,0,002,"SAN ANDRES ST","CARRILLO ST",265.00,S,N,A,-,N,,,,,,,,,,Y,3,0,3,3,A,-,03,22350,,N,C,C,A,A,H,-,A,D,0,,,,,Y,,-,,0,1,2,0,0,0,0,0,0,"- ","- ",34.414099999999998,-119.7098,"SANTA BARBARA","SANTA BARBARA",-119.70996776,34.414232640000002
8458524,2017,2017-10-03,4203,2017-09-19,0959,3197,,2,5,5,4203,0,0,0,,0,004,"CASTILLO ST","PEDREGOSA ST",18.00,S,N,A,-,N,,,,,,,,,,Y,4,0,1,3,A,-,03,22350,,N,C,-,A,A,H,-,A,D,0,,,,,Y,,-,,0,0,1,0,0,0,0,0,0,"- ","- ",34.253100000000003,-119.423,"SANTA BARBARA","SANTA BARBARA",-119.71783562,34.425666980000003
8458642,2017,2017-10-04,4203,2017-09-11,0801,24321,61,1,5,5,4203,0,0,0,,0,001,"NORTH MILPAS ST","ORTEGA ST",177.00,S,N,B,-,N,,,,,,,,,,N,4,0,3,3,A,-,03,22350,,N,C,C,A,B,H,-,A,A,0,,,,,Y,,-,,0,0,3,0,0,0,0,0,0,"- ","- ",34.254010000000001,-119.41149,"SANTA BARBARA","SANTA BARBARA",-119.6874634,34.427875540000002
8437080,2017,2017-09-21,4204,2017-09-09,1752,90458,40,6,5,5,4204,0,0,0,,0,B02,"COOK ST","RUSSELL AV",0.00,,Y,A,-,N,,,,,,,,,,Y,4,0,1,2,A,-,12,22450,A,N,D,C,A,A,H,-,A,A,0,,,,,Y,,A,01,0,0,1,0,0,0,0,0,0,"- ","- ",34.949440000000003,-120.45169,"SANTA BARBARA","SANTA MARIA",-120.45153998000001,34.949610059999998
8437145,2017,2017-09-20,4204,2017-09-05,0604,90200,05,2,5,5,4204,0,0,0,,0,001,BROADWAY,"PREISKER LN",655.00,N,N,B,-,N,,,135,,,,,,,Y,4,0,2,3,A,-,03,22350,,F,C,C,A,A,H,-,B,D,0,,,,,Y,,A,07,0,0,2,0,0,0,0,0,0,"- ","- ",34.978870000000001,-120.43472,"SANTA BARBARA","SANTA MARIA",-120.43467622999999,34.978829040000001
8437501,2017,2017-11-09,4200,2017-07-09,1500,4622,SANTA,7,5,4,4214,0,0,0,,0,060,"HOLLISTER AV","LOS CARNEROS",0.00,,Y,A,-,N,,,,,,,,,,N,4,0,1,2,A,-,04,21703,,F,C,C,A,A,H,-,A,D,0,,,,,Y,Y,A,01,0,0,1,0,0,0,0,0,0,"- ","- ",,,"SANTA BARBARA",GOLETA,-119.85475993999999,34.430720049999998
8437583,2017,2017-10-20,4204,2017-09-07,1550,22113,17,4,5,5,4204,0,0,0,,0,001,"MILLER ST","MCELHANY AV",0.00,,Y,A,-,N,,,,,,,,,,N,4,0,1,2,A,-,09,21804,A,N,F,J,A,A,H,-,A,A,0,,,Y,,Y,,A,01,0,0,1,0,0,0,0,0,1,"- ","- ",34.962180000000004,-120.43120999999999,"SANTA BARBARA","SANTA MARIA",-120.43124994999999,34.962220029999997
8437587,2017,2017-10-20,4204,2017-09-11,1423,90276,65,1,5,5,4204,0,0,0,,0,B02,"BLOSSER RD","LA BREA AV",80.00,N,N,A,-,N,,,,,,,,,,N,4,0,1,2,A,-,03,22350,,N,C,C,A,A,H,-,A,A,0,,,,,Y,,A,01,0,0,1,0,0,0,0,0,0,"- ","- ",34.935270000000003,-120.4533,"SANTA BARBARA","SANTA MARIA",-120.45393740999999,34.93541973
8437672,2017,2018-06-25,4204,2017-09-13,1332,90242,3,3,5,5,4204,0,0,0,,0,082,"MCCOY LN",BROADWAY,200.00,E,N,A,-,Y,SB,5,135,-,-,13.260,I,6,N,Y,4,0,1,3,A,-,09,21804,,N,D,C,A,A,H,-,A,D,0,,,,,Y,,D,22,0,0,1,0,0,0,0,0,0,"- ","- ",34.916670000000003,-120.43615,"SANTA BARBARA","SANTA MARIA",-120.43591462000001,34.91667082
8437680,2017,2017-09-26,4204,2017-09-11,1603,22113,58,1,5,5,4204,0,0,0,,0,002,"STOWELL RD","MILLER ST",20.00,E,N,A,-,N,,,,,,,,,,N,4,0,1,3,A,-,03,22350,,F,C,C,A,A,H,-,A,A,0,,,,,Y,,D,22,0,0,1,0,0,0,0,0,0,"- ","- ",34.938380000000002,-120.43154,"SANTA BARBARA","SANTA MARIA",-120.4315333,34.938479049999998
8437681,2017,2017-08-30,4204,2017-08-05,1720,90343,,6,5,5,4204,0,0,0,,0,,"BOONE ST","MILLER ST",0.00,,Y,A,-,N,,,,,,,,,,N,4,0,2,2,A,-,03,22350,,N,C,C,A,A,H,-,A,A,0,,,,,Y,,A,01,0,0,2,0,0,0,0,0,0,"- ","- ",34.946860000000001,-120.43171,"SANTA BARBARA","SANTA MARIA",-120.43149991999999,34.946910080000002
8438015,2017,2017-08-25,4203,2017-08-18,1517,23093,,5,5,5,4203,0,0,0,,0,003,"ANACAPA ST","ANAPAMU ST",135.00,S,N,A,-,N,,,,,,,,,,N,4,0,1,2,A,-,17,22517,,N,B,C,A,A,H,-,A,D,0,,,,,Y,,A,01,0,0,1,0,0,0,0,0,0,"- ","- ",34.424430000000001,-119.70331,"SANTA BARBARA","SANTA BARBARA",-119.70294552999999,34.42422388
8438019,2017,2017-08-25,4203,2017-08-18,2054,23093,,5,5,5,4203,0,0,0,,0,003,"OLIVE ST","HALEY ST",0.00,,Y,A,-,N,,,,,,,,,,N,3,0,1,2,A,-,10,21950,A,N,G,B,D,A,H,-,C,A,0,Y,,,,Y,,A,01,0,1,0,0,1,0,0,0,0,"- ","- ",34.420250000000003,-119.68725999999999,"SANTA BARBARA","SANTA BARBARA",-119.68982995,34.422140030000001
8438023,2017,2017-08-25,4203,2017-08-19,2254,23767,,6,5,5,4203,0,0,0,,0,006,"SAN ANDRES ST","W SOLA ST",256.00,S,N,A,-,N,,,,,,,,,,N,4,0,1,3,D,-,00,,,F,C,G,A,A,H,-,C,A,0,,Y,,,Y,,-,"- ",0,0,1,0,0,0,1,0,0,"- ","- ",34.417299999999997,-119.71420000000001,"SANTA BARBARA","SANTA BARBARA",-119.71425972999999,34.417358999999998
8420751,2017,2018-06-11,4204,2017-07-19,2230,90269,34,3,5,5,4204,0,0,0,,0,002,"MAIN ST",BROADWAY,0.00,,Y,A,-,Y,SB,5,135,-,-,15.772,I,5,N,N,2,0,1,2,A,-,06,21750,,F,B,G,A,A,H,-,C,A,0,,Y,,,Y,Y,A,08,1,0,0,0,0,0,1,0,0,"- ","- ",34.953139999999998,-120.43586000000001,"SANTA BARBARA","SANTA MARIA",-120.43580762000001,34.953070820000001
8420755,2017,2018-06-11,4204,2017-07-10,1018,18261,35,1,5,5,4204,0,0,0,,0,002,"MAIN ST","COLLEGE DR",100.00,E,N,A,-,Y,SB,5,166,-,-,8.520,H,-,W,N,3,0,2,3,A,-,03,22350,,N,C,C,A,A,H,-,A,A,0,,,,,Y,,A,01,0,1,1,0,0,0,0,0,0,"- ","- ",34.952930000000002,-120.42484,"SANTA BARBARA","SANTA MARIA",-120.42455716000001,34.953165179999999
8420844,2017,2018-06-11,4204,2017-07-24,2030,90376,57,1,5,5,4204,0,0,0,,0,002,BROADWAY,"MORRISON AV",0.00,,Y,A,-,Y,SB,5,135,-,-,26.080,I,5,N,N,4,0,1,2,A,-,05,21202,A,N,G,G,A,A,H,-,C,A,0,,Y,,,Y,Y,L,04,0,0,1,0,0,0,1,0,0,"- ","- ",34.943089999999998,-120.4358,"SANTA BARBARA","SANTA MARIA",-120.4358,34.943089999999998
8446164,2017,2018-06-25,4204,2017-08-20,1422,90619,67,7,5,5,4204,0,0,0,,0,003,BROADWAY,"BATTLES RD",42.00,N,N,A,-,Y,SB,5,135,-,-,14.290,H,-,S,N,4,0,1,2,A,-,03,22350,,N,C,C,A,A,H,-,A,A,0,,,,,Y,,A,07,0,0,1,0,0,0,0,0,0,"- ","- ",34.931510000000003,-120.43617999999999,"SANTA BARBARA","SANTA MARIA",-120.43611807000001,34.931607040000003
8447525,2017,2017-12-06,4204,2017-08-19,1212,90139,68,6,5,5,4204,0,0,0,,0,003,"MILLER ST","BATTLES RD",0.00,,Y,A,-,N,,,,,,,,,,Y,3,0,2,2,A,-,12,21453,A,N,D,C,A,A,H,-,A,A,0,,,,,Y,,-,"- ",0,1,1,0,0,0,0,0,0,"- ","- ",34.931330000000003,-120.4319,"SANTA BARBARA","SANTA MARIA",-120.4317799,34.931440070000001
8447529,2017,2017-10-02,4204,2017-08-19,2102,90376,16,6,5,5,4204,0,0,0,,0,001,"ALVIN AV","LINCOLN ST",0.00,,Y,A,-,N,,,,,,,,,,N,4,0,2,2,A,-,12,22450,A,F,A,C,A,A,H,-,C,A,0,,,,,Y,,A,07,0,0,2,0,0,0,0,0,0,"- ","- ",34.960500000000003,-120.43729,"SANTA BARBARA","SANTA MARIA",-120.43725997,34.960450010000002