CASE_ID,ACCIDENT_YEAR,PROC_DATE,JURIS,COLLISION_DATE,COLLISION_TIME,OFFICER_ID,REPORTING_DISTRICT,DAY_OF_WEEK,CHP_SHIFT,POPULATION,CNTY_CITY_LOC,SPECIAL_COND,BEAT_TYPE,CHP_BEAT_TYPE,CITY_DIVISION_LAPD,CHP_BEAT_CLASS,BEAT_NUMBER,PRIMARY_RD,SECONDARY_RD,DISTANCE,DIRECTION,INTERSECTION,WEATHER_1,WEATHER_2,STATE_HWY_IND,CALTRANS_COUNTY,CALTRANS_DISTRICT,STATE_ROUTE,ROUTE_SUFFIX,POSTMILE_PREFIX,POSTMILE,LOCATION_TYPE,RAMP_INTERSECTION,SIDE_OF_HWY,TOW_AWAY,COLLISION_SEVERITY,NUMBER_KILLED,NUMBER_INJURED,PARTY_COUNT,PRIMARY_COLL_FACTOR,PCF_CODE_OF_VIOL,PCF_VIOL_CATEGORY,PCF_VIOLATION,PCF_VIOL_SUBSECTION,HIT_AND_RUN,TYPE_OF_COLLISION,MVIW,PED_ACTION,ROAD_SURFACE,ROAD_COND_1,ROAD_COND_2,LIGHTING,CONTROL_DEVICE,CHP_ROAD_TYPE,PEDESTRIAN_ACCIDENT,BICYCLE_ACCIDENT,MOTORCYCLE_ACCIDENT,TRUCK_ACCIDENT,NOT_PRIVATE_PROPERTY,ALCOHOL_INVOLVED,STWD_VEHTYPE_AT_FAULT,CHP_VEHTYPE_AT_FAULT,COUNT_SEVERE_INJ,COUNT_VISIBLE_INJ,COUNT_COMPLAINT_PAIN,COUNT_PED_KILLED,COUNT_PED_INJURED,COUNT_BICYCLIST_KILLED,COUNT_BICYCLIST_INJURED,COUNT_MC_KILLED,COUNT_MC_INJURED,PRIMARY_RAMP,SECONDARY_RAMP,LATITUDE,LONGITUDE,COUNTY,CITY,POINT_X,POINT_Y
8447533,2017,2017-10-02,4204,2017-08-22,0840,90684,4204,2,5,5,4204,0,0,0,,0,003,"PERGOLA ST","RIMES CT",0.00,,Y,A,-,N,,,,,,,,,,N,2,0,1,2,A,-,09,21802,A,N,G,G,A,A,H,-,A,D,0,,Y,,,Y,,A,01,1,0,0,0,0,0,1,0,0,"- ","- ",34.928719999999998,-120.44492,"SANTA BARBARA","SANTA MARIA",-120.44522997,34.928880059999997
8447692,2017,2018-06-25,4204,2017-08-22,1748,90376,57,2,5,5,4204,0,0,0,,0,002,BROADWAY,"STOWELL RD",50.00,N,N,A,-,Y,SB,5,135,-,-,14.790,H,-,S,N,4,0,1,2,A,-,03,22350,,N,C,C,A,A,H,-,A,A,0,,,,,Y,,A,07,0,0,1,0,0,0,0,0,0,"- ","- ",34.938499999999998,-120.43595999999999,"SANTA BARBARA","SANTA MARIA",-120.43609558999999,34.93865546
8447694,2017,2018-06-25,4204,2017-08-29,1456,21513,27,2,5,5,4204,0,0,0,,0,001,BROADWAY,"E HERMOSA",0.00,,Y,A,-,Y,SB,5,135,-,-,16.210,H,-,N,N,4,0,1,2,A,-,03,22350,,N,C,C,A,A,H,-,A,A,0,,,,,Y,,A,01,0,0,1,0,0,0,0,0,0,"- ","- ",,,"SANTA BARBARA","SANTA MARIA",-120.4357342,34.959379839999997
8447768,2017,2018-06-25,4204,2017-09-04,1401,22113,07,1,5,5,4204,0,0,0,,0,001,BROADWAY,"TAYLOR ST",200.00,S,N,A,-,Y,SB,5,135,-,-,17.240,H,-,S,Y,4,0,2,2,A,-,09,21804,A,N,D,C,A,A,H,-,A,A,0,,,,,Y,,A,08,0,0,2,0,0,0,0,0,0,"- ","- ",34.974989999999998,-120.43567,"SANTA BARBARA","SANTA MARIA",-120.43566216000001,34.974377879999999
8447798,2017,2017-09-26,4200,2017-08-02,1431,3683,14,3,5,4,4214,0,0,0,,0,080,"HOLLISTER AV","CATHEDRAL OAKS RD",0.00,N,Y,A,-,N,,,,,,,,,,Y,3,0,1,1,A,-,01,23152,,N,E,I,A,A,H,-,A,A,0,,,,,Y,,A,01,0,1,0,0,0,0,0,0,0,"- ","- ",,,"SANTA BARBARA",GOLETA,-119.90637992000001,34.431170100000003
8447817,2017,2018-05-30,4204,2017-09-01,2017,90271,4204,5,5,5,4204,0,0,0,,0,002,"MAIN ST","BLOSSER RD",1500.00,W,N,A,-,Y,SB,5,166,-,-,6.590,H,-,E,N,3,0,1,2,A,-,09,21804,A,N,-,G,A,A,H,-,C,D,0,,Y,,,Y,,L,04,0,1,0,0,0,0,1,0,0,"- ","- ",34.953209999999999,-120.45367,"SANTA BARBARA","SANTA MARIA",-120.45891152999999,34.953337339999997
8447823,2017,2018-06-01,4200,2017-08-08,1110,3683,14,2,5,4,4214,0,0,0,,0,080,"STORKE RD","RT 101",80.00,N,N,A,-,Y,SB,5,101,-,-,24.590,H,-,S,Y,3,0,2,4,A,-,03,22350,,N,C,C,A,A,H,-,A,A,0,,,,,Y,,A,01,0,1,1,0,0,0,0,0,0,"- ",SO,,,"SANTA BARBARA",GOLETA,-119.86783574,34.434818399999997
8447902,2017,2018-06-25,4203,2017-09-10,1407,23136,SBSC,7,5,5,4203,0,0,0,,0,005,"RT 154","FOOTHILL RD",2640.00,S,N,A,-,Y,SB,5,154,-,R,31.040,H,-,W,Y,3,0,2,4,A,-,03,22350,,N,C,C,A,A,H,-,A,D,0,,,,,Y,,A,01,0,1,1,0,0,0,0,0,0,"- ","- ",34.444899999999997,-119.75991999999999,"SANTA BARBARA","SANTA BARBARA",-119.7681686,34.45664352
8447911,2017,2018-06-25,4204,2017-09-14,1747,90139,5,4,5,5,4204,0,0,0,,0,001,BROADWAY,"PREISKER LN",1090.00,E,N,A,-,Y,SB,5,135,-,-,17.730,H,-,S,Y,4,0,1,2,A,-,03,22350,,N,C,C,A,A,H,-,A,D,0,,,,,Y,,A,01,0,0,1,0,0,0,0,0,0,"- ","- ",34.978870000000001,-120.43472,"SANTA BARBARA","SANTA MARIA",-120.43236735000001,34.980632550000003
8447936,2017,2018-06-01,4204,2017-09-03,1739,90376,33,7,5,5,4204,0,0,0,,0,002,"MAIN ST","DEPOT ST",0.00,,Y,C,-,Y,SB,5,166,-,-,7.420,I,5,E,Y,3,0,2,2,A,-,12,21453,A,N,D,C,A,B,H,-,A,A,0,,,,,Y,,A,01,0,1,1,0,0,0,0,0,0,"- ","- ",34.953409999999998,-120.44398,"SANTA BARBARA","SANTA MARIA",-120.44396522,34.953174949999998
8448174,2017,2018-05-30,4204,2017-09-04,0936,90276,39,1,5,5,4204,0,0,0,,0,B02,"MAIN ST","KATHLEEN CT",147.00,W,N,A,-,Y,SB,5,166,-,-,6.690,H,-,W,Y,4,0,2,2,A,-,09,21801,A,N,D,C,A,A,H,-,A,D,0,,,,,Y,,A,07,0,0,2,0,0,0,0,0,0,"- ","- ",34.953279999999999,-120.45646000000001,"SANTA BARBARA","SANTA MARIA",-120.45711151,34.953325169999999
8448180,2017,2018-06-25,4204,2017-08-26,1928,90365,62,6,5,5,4204,0,0,0,,0,003,BROADWAY,"LIBERTY ST",0.00,,Y,A,-,Y,SB,5,135,-,-,14.830,H,-,N,N,4,0,1,2,A,-,08,22107,,M,A,G,A,A,H,-,A,A,0,,Y,,Y,Y,,L,04,0,0,1,0,0,0,1,0,0,"- ","- ",34.939279999999997,-120.43594,"SANTA BARBARA","SANTA MARIA",-120.43594161999999,34.939256819999997
8448184,2017,2018-06-25,4204,2017-08-19,1518,21338,014,6,5,5,4204,0,0,0,,0,001,BROADWAY,"ORCHARD ST",150.00,N,N,A,-,Y,SB,5,135,-,-,16.630,H,-,S,N,3,0,1,2,A,-,07,21658,A,N,B,C,A,A,H,-,A,A,0,,,,Y,Y,,F,24,0,1,0,0,0,0,0,0,0,"- ","- ",34.959609999999998,-120.43549,"SANTA BARBARA","SANTA MARIA",-120.43575954000001,34.965457229999998
8448307,2017,2017-09-15,4204,2017-09-03,2033,90346,92,7,5,5,4204,0,0,0,,0,003,"SANTA MARIA WY","BRADLEY WY",0.00,,Y,C,-,N,,,,,,,,,,Y,4,0,1,2,A,-,03,22350,,M,C,C,A,B,H,-,C,A,0,,,,,Y,,A,01,0,0,1,0,0,0,0,0,0,"- ","- ",,,"SANTA BARBARA","SANTA MARIA",-120.42241989999999,34.89541011
8448311,2017,2017-09-15,4204,2017-09-02,1628,90342,38,6,5,5,4204,0,0,0,,0,002,"MARY DR","FESLER ST",100.00,S,N,A,-,N,,,,,,,,,,N,4,0,1,2,D,-,00,,,N,C,C,A,A,H,-,A,D,0,,,,,Y,,-,"- ",0,0,1,0,0,0,0,0,0,"- ","- ",,,"SANTA BARBARA","SANTA MARIA",-120.44801750000001,34.956635400000003
8448469,2017,2017-09-14,4204,2017-08-31,1837,90268,28,4,5,5,4204,0,0,0,,0,001,"MILLER ST","EL CAMINO ST",0.00,,Y,A,-,N,,,,,,,,,,Y,4,0,1,2,A,-,09,21802,A,N,D,C,A,A,H,-,A,A,0,,,,,Y,,A,01,0,0,1,0,0,0,0,0,0,"- ","- ",34.958509999999997,-120.43146,"SANTA BARBARA","SANTA MARIA",-120.43139988,34.958520100000001
8458932,2017,2017-10-16,4203,2017-09-12,1451,6700,53,2,5,5,4203,0,0,0,,0,005,"HITCHCOCK WY","LA RADA",119.00,S,N,A,-,N,,,,,,,,,,Y,4,0,1,2,A,-,06,21751,,N,D,C,A,A,H,-,A,D,0,,,Y,,Y,,C,02,0,0,1,0,0,0,0,0,1,"- ","- ",34.435049999999997,-119.74563999999999,"SANTA BARBARA","SANTA BARBARA",-119.74550899,34.43537422
8458936,2017,2017-10-16,4203,2017-09-29,0031,6378,,5,5,5,4203,0,0,0,,0,002,"SANTA BARBARA ST","E YANONALI ST",452.00,S,N,A,-,N,,,,,,,,,,Y,3,0,1,2,A,-,01,23153,A,N,D,E,A,A,H,-,C,D,0,,,,,Y,Y,-,,0,1,0,0,0,0,0,0,0,"- ","- ",34.245489999999997,-119.47175,"SANTA BARBARA","SANTA BARBARA",-119.68824401000001,34.415341840000004
8458940,2017,2017-10-16,4203,2017-09-29,0821,7774,,5,5,5,4203,0,0,0,,0,002,"ORILLA DEL MAR DR","CORONA DEL MAR DR",267.00,W,N,A,-,N,,,,,,,,,,N,4,0,1,1,D,-,00,,,N,H,A,A,A,H,-,A,D,0,,Y,,,Y,,-,"- ",0,0,1,0,0,0,1,0,0,"- ","- ",34.417560000000002,-119.67197,"SANTA BARBARA","SANTA BARBARA",-119.67189973000001,34.417556279999999
8458944,2017,2017-10-16,4203,2017-09-30,0046,23094,,6,5,5,4203,0,0,0,,0,001,"S SALINAS ST","PUNTA GORDA ST",222.00,N,N,A,-,N,,,,,,,,,,N,4,0,1,2,-,-,"- ",,,F,C,C,A,A,H,-,C,D,0,,,,,Y,Y,-,"- ",0,0,1,0,0,0,0,0,0,"- ","- ",34.423499999999997,-119.6687,"SANTA BARBARA","SANTA BARBARA",-119.6687677,34.423547370000001
8458948,2017,2017-10-16,4203,2017-09-11,1037,6700,44,1,5,5,4203,0,0,0,,0,003,"GARDEN ST","CARRILLO ST",298.00,S,N,A,-,N,,,,,,,,,,Y,4,0,1,2,A,-,21,22106,,N,C,C,A,A,H,-,A,D,0,,,,,Y,,A,01,0,0,1,0,0,0,0,0,0,"- ","- ",34.424199999999999,-119.6979,"SANTA BARBARA","SANTA BARBARA",-119.69773537,34.424133300000001
8458952,2017,2017-10-16,4203,2017-09-12,0747,6700,23,2,5,5,4203,0,0,0,,0,006,"MISSION ST","MODOC RD",128.00,E,N,B,-,N,,,,,,,,,,N,4,0,1,3,A,-,03,22350,,N,C,C,A,A,H,-,A,D,0,,,,,Y,,A,07,0,0,1,0,0,0,0,0,0,"- ","- ",34.424059999999997,-119.72172,"SANTA BARBARA","SANTA BARBARA",-119.72173939,34.42409061
8458956,2017,2017-10-16,4203,2017-09-20,0749,24079,,3,5,5,4203,0,0,0,,0,004,"ARRELLAGA ST","BATH ST",240.00,W,N,A,-,N,,,,,,,,,,N,3,0,1,2,A,-,11,21954,A,N,B,B,D,A,H,-,A,D,0,Y,,,,Y,,N,60,0,1,0,0,1,0,0,0,0,"- ","- ",34.423360000000002,-119.71366999999999,"SANTA BARBARA","SANTA BARBARA",-119.71342889,34.423477910000003
8459275,2017,2017-10-16,4200,2017-09-05,1245,4804,11,2,5,3,4205,0,0,0,,0,030,"LINDEN AV","WULLBRANDT WY",0.00,,Y,A,-,N,,,,,,,,,,N,3,0,1,2,A,-,10,21950,A,N,G,B,B,A,H,-,A,A,0,Y,,,,Y,,D,22,0,1,0,0,1,0,0,0,0,"- ","- ",,,"SANTA BARBARA",CARPINTERIA,-119.51913991000001,34.39831006
8459568,2017,2018-05-04,4200,2017-09-17,1702,4974,14,7,5,4,4214,0,0,0,,0,050,"VALDEZ AV","CALLE REAL",20.00,N,N,A,-,N,,,,,,,,,,Y,2,0,1,2,A,-,01,23152,A,N,B,C,A,A,H,-,A,A,0,,,,,Y,Y,A,01,1,0,0,0,0,0,0,0,0,"- ","- ",34.439450000000001,-119.83771,"SANTA BARBARA",GOLETA,-119.83769586,34.439354700000003
8459873,2017,2018-05-30,4204,2017-09-25,0833,90276,36,1,5,5,4204,0,0,0,,0,B02,"MAIN ST","COLLEGE DR",26.00,E,N,A,-,Y,SB,5,166,-,-,8.530,H,-,W,N,4,0,1,2,A,-,03,22350,,N,C,C,A,A,H,-,A,A,0,,,,,Y,,D,22,0,0,1,0,0,0,0,0,0,"- ","- ",34.952930000000002,-120.42484,"SANTA BARBARA","SANTA MARIA",-120.42438296,34.953162980000002
8459885,2017,2018-06-25,4204,2017-09-24,1445,90619,43,7,5,5,4204,0,0,0,,0,002,BROADWAY,"COOK ST",0.00,,Y,A,-,Y,SB,5,135,-,-,15.550,I,5,N,Y,3,0,1,2,A,-,12,21453,A,N,D,C,A,A,H,-,A,A,0,,,,,Y,,A,01,0,1,0,0,0,0,0,0,0,"- ","- ",34.9499,-120.43597,"SANTA BARBARA","SANTA MARIA",-120.43584199,34.949845109999998
8438027,2017,2017-08-25,4203,2017-08-14,1732,2661,,1,5,5,4203,0,0,0,,0,003,"COTA ST","OLIVE ST",15.00,S,N,A,-,N,,,,,,,,,,Y,4,0,1,2,A,-,09,21801,A,N,A,C,A,A,H,-,A,D,0,,,,,Y,,-,,0,0,1,0,0,0,0,0,0,"- ","- ",34.252290000000002,-119.41280999999999,"SANTA BARBARA","SANTA BARBARA",-119.69114288999999,34.423049130000003
8438031,2017,2017-08-25,4203,2017-08-15,0951,5206,,2,5,5,4203,0,0,0,,0,002,"STATE ST","GUTIERREZ ST",352.00,S,N,A,-,N,,,,,,,,,,N,3,0,1,1,C,-,18,,,N,H,A,A,A,H,-,A,D,0,,Y,,,Y,,-,"- ",0,1,0,0,0,0,1,0,0,"- ","- ",34.409999999999997,-119.69,"SANTA BARBARA","SANTA BARBARA",-119.69335205,34.415227090000002
8438035,2017,2017-08-25,4203,2017-08-16,1136,6700,53,3,5,5,4203,0,0,0,,0,005,"HITCHCOCK WY","MONTEREY PINES ST",220.00,N,N,B,-,N,,,,,,,,,,N,4,0,1,2,A,-,09,21804,A,N,D,C,A,A,H,-,A,D,0,,,,,Y,,A,07,0,0,1,0,0,0,0,0,0,"- ","- ",34.439489999999999,-119.74448,"SANTA BARBARA","SANTA BARBARA",-119.74444975999999,34.438374000000003
8438039,2017,2017-08-25,4203,2017-08-15,1402,2661,,2,5,5,4203,0,0,0,,0,002,"CABRILLO BL","NINOS DR",655.00,E,N,A,-,N,,,,,,,,,,Y,4,0,1,2,A,-,08,22107,,N,D,C,A,A,H,-,A,D,0,,,,,Y,,-,,0,0,1,0,0,0,0,0,0,"- ","- ",34.253300000000003,-119.3955,"SANTA BARBARA","SANTA BARBARA",-119.66530417,34.4176158
8438043,2017,2017-09-06,4203,2017-08-04,0837,24077,,5,5,5,4203,0,0,0,,0,003,"E DE LA GUERRA ST","GARDEN ST",3.00,E,N,A,-,N,,,,,,,,,,N,3,0,1,2,A,-,10,21950,A,N,H,B,B,A,H,-,A,D,0,Y,,,,Y,,-,,0,1,0,0,1,0,0,0,0,"- ","- ",34.252200000000002,-119.4145,"SANTA BARBARA","SANTA BARBARA",-119.69590354,34.422806260000002
8438075,2017,2017-09-05,4203,2017-08-17,1207,24077,4203,4,5,5,4203,0,0,0,,0,004,"WEST CARRILLO ST","CASTILLO ST",0.00,,Y,A,-,N,,,,,,,,,,N,4,0,1,1,D,-,00,,,N,E,J,A,A,H,-,A,A,0,,,,,Y,,-,"- ",0,0,1,0,0,0,0,0,0,"- ","- ",34.417200000000001,-119.7064,"SANTA BARBARA","SANTA BARBARA",-119.70634998,34.417260079999998
8438241,2017,2017-09-01,4200,2017-07-14,2112,3083,14,5,5,4,4214,0,0,0,,0,060,"STORKE RD","HOLLISTER AV",78.00,S,N,A,-,N,,,,,,,,,,N,4,0,1,2,A,-,03,22350,,M,C,C,A,A,H,-,C,A,0,,,,,Y,,A,01,0,0,1,0,0,0,0,0,0,"- ","- ",,,"SANTA BARBARA",GOLETA,-119.86977189,34.429886580000002
8438423,2017,2017-08-28,4200,2017-08-11,1235,3116,14,5,5,4,4214,0,0,0,,0,060,"HOLLISTER AV","LOS CARNEROS RD",0.00,,Y,A,-,N,,,,,,,,,,N,3,0,1,2,A,-,08,22107,,N,B,G,A,A,H,-,A,A,0,,Y,,,Y,,A,01,0,1,0,0,0,0,1,0,0,"- ","- ",,,"SANTA BARBARA",GOLETA,-119.85974985999999,34.430420060000003
8438772,2017,2018-06-01,4201,2017-08-11,0615,4689,,5,5,2,4201,0,0,0,,0,051,"WEST MAIN ST","OBISPO ST",0.00,,Y,A,-,Y,SB,5,166,-,-,0.180,I,5,W,N,4,0,1,2,A,-,08,22107,,N,B,C,A,A,H,-,A,A,0,,,,,Y,,-,,0,0,1,0,0,0,0,0,0,"- ","- ",,,"SANTA BARBARA",GUADALUPE,-120.57087605,34.957486240000001
8438845,2017,2018-06-01,4204,2017-08-10,2142,90341,33,4,5,5,4204,0,0,0,,0,002,"MAIN ST","THORNBURG ST",0.00,,Y,A,-,Y,SB,5,166,-,-,7.630,I,5,E,N,4,0,1,2,A,-,08,22107,,F,D,C,A,A,H,-,C,A,0,,,,,Y,,A,01,0,0,1,0,0,0,0,0,0,"- ","- ",34.95326,-120.44034000000001,"SANTA BARBARA","SANTA MARIA",-120.44020346000001,34.953128470000003
8439125,2017,2017-08-30,4204,2017-08-16,1856,90621,03,3,5,5,4204,0,0,0,,0,001,"TAYLOR ST","BLOSSER RD",0.00,,Y,A,-,N,,,,,,,,,,Y,4,0,2,2,A,-,03,22350,,N,A,C,A,A,H,-,A,A,0,,,,,Y,,A,01,0,0,2,0,0,0,0,0,0,"- ","- ",34.975119999999997,-120.45366,"SANTA BARBARA","SANTA MARIA",-120.45347988,34.975140019999998
8459976,2017,2017-10-02,4204,2017-09-22,0420,22076,65,5,5,5,4204,0,0,0,,0,003,"BATTLES RD","BLOSSER RD",0.00,,Y,A,-,N,,,,,,,,,,N,4,0,1,2,A,-,03,22350,,F,C,C,A,A,H,-,C,A,0,,,,,Y,,-,,0,0,1,0,0,0,0,0,0,"- ","- ",34.931660000000001,-120.45347,"SANTA BARBARA","SANTA MARIA",-120.45396992000001,34.931590040000003
8459984,2017,2017-10-02,4204,2017-09-21,1634,90269,69,4,5,5,4204,0,0,0,,0,003,"STOWELL RD","BRADLEY RD",330.00,W,N,A,-,N,,,,,,,,,,Y,4,0,1,2,A,-,08,22107,,N,D,C,A,A,H,-,A,D,0,,,Y,,Y,,A,01,0,0,1,0,0,0,0,0,1,"- ","- ",34.938299999999998,-120.41945,"SANTA BARBARA","SANTA MARIA",-120.42052061,34.93835
8459988,2017,2017-10-02,4204,2017-09-22,1014,90139,68,5,5,5,4204,0,0,0,,0,003,"ENOS DR","MILLER ST",120.00,W,N,A,-,N,,,,,,,,,,N,4,0,1,1,A,-,08,22107,,N,E,I,A,A,H,-,A,D,0,,,,,Y,,A,01,0,0,1,0,0,0,0,0,0,"- ","- ",34.933970000000002,-120.43172,"SANTA BARBARA","SANTA MARIA",-120.43203020999999,34.934063449999996
8459992,2017,2017-10-02,4204,2017-09-14,1649,90269,3,4,5,5,4204,0,0,0,,0,001,"RAILROAD AV","RANCHO VERDE",30.00,S,N,A,-,N,,,,,,,,,,Y,4,0,1,3,A,-,03,22350,,F,C,C,A,A,H,-,A,D,0,,,,,Y,,A,01,0,0,1,0,0,0,0,0,0,"- ","- ",34.977139999999999,-120.44446000000001,"SANTA BARBARA","SANTA MARIA",-120.44432044,34.977257600000002
8459996,2017,2017-10-02,4204,2017-09-24,0024,90620,36,7,5,5,4204,0,0,0,,0,003,"BLACK RD","STOWELL RD",0.00,,Y,A,-,N,,,,,,,,,,Y,4,0,1,1,A,-,01,23152,A,N,E,J,A,A,H,-,D,D,0,,,,,Y,Y,A,01,0,0,1,0,0,0,0,0,0,"- ","- ",34.938560000000003,-120.48988,"SANTA BARBARA","SANTA MARIA",-120.48988995000001,34.93855009
8460000,2017,2017-10-02,4204,2017-09-19,1043,90753,36,2,5,5,4204,0,0,0,,0,002,"CONCEPCION AV","CHAPEL ST",80.00,S,N,A,-,N,,,,,,,,,,Y,4,0,1,1,A,-,03,22350,,N,E,I,A,A,H,-,A,D,0,,,,,Y,,A,01,0,0,1,0,0,0,0,0,0,"- ","- ",34.953989999999997,-120.42263,"SANTA BARBARA","SANTA MARIA",-120.42267,34.95404027
8460027,2017,2018-06-25,4204,2017-09-23,2317,90375,51,6,5,5,4204,0,0,0,,0,002,BROADWAY,"ORANGE ST",152.00,S,N,A,-,Y,SB,5,135,-,-,15.420,H,-,N,Y,3,0,1,2,A,-,09,21804,A,F,D,C,A,A,H,-,C,A,0,,,,,Y,,A,01,0,1,0,0,0,0,0,0,0,"- ","- ",34.948450000000001,-120.4361,"SANTA BARBARA","SANTA MARIA",-120.43588578000001,34.94799897
8460039,2017,2018-05-18,4204,2017-09-23,0920,90618,30,6,5,5,4204,0,0,0,,0,001,"ALVIN AV","VALERIE ST",500.00,E,N,A,-,N,,,,,,,,,,Y,4,0,1,2,A,-,03,22350,,N,B,E,A,A,H,-,A,A,0,,,,,Y,,A,01,0,0,1,0,0,0,0,0,0,"- ","- ",34.960189999999997,-120.41101999999999,"SANTA BARBARA","SANTA MARIA",-120.40953273,34.960136779999999
8460112,2017,2017-10-03,4204,2017-09-10,0302,90616,60,7,5,5,4204,0,0,0,,0,003,"WESTERN AV","LAS FLORES WY",20.00,S,N,A,-,N,,,,,,,,,,Y,3,0,1,2,A,-,01,23152,A,N,C,E,A,A,H,-,C,D,0,,,,,Y,Y,A,01,0,1,0,0,0,0,0,0,0,"- ","- ",34.942070000000001,-120.44937,"SANTA BARBARA","SANTA MARIA",-120.4495215,34.941705079999998
8460882,2017,2018-06-25,4202,2017-08-31,1808,274,,4,5,4,4202,0,0,0,,0,,"H ST","PINE AV",125.00,N,N,A,-,Y,SB,5,1,-,-,21.360,H,-,S,N,4,0,2,2,A,-,03,22350,,N,C,C,A,A,H,-,A,A,0,,,,,Y,,A,01,0,0,2,0,0,0,0,0,0,"- ","- ",,,"SANTA BARBARA",LOMPOC,-120.4578276,34.650516600000003
8461145,2017,2017-10-12,4203,2017-09-20,1243,23768,,3,5,5,4203,0,0,0,,0,001,"EUCALYPTUS HILL RD","CLIFTON ST",852.00,E,N,B,-,N,,,,,,,,,,N,4,0,1,2,D,-,00,,,N,A,C,A,A,H,-,A,D,0,,,,,Y,,-,"- ",0,0,1,0,0,0,0,0,0,"- ","- ",34.426900000000003,-119.6682,"SANTA BARBARA","SANTA BARBARA",-119.67001689,34.425671880000003
8448473,2017,2017-09-14,4204,2017-08-28,1755,90718,4204,1,5,5,4204,0,0,0,,0,003,"MILLER ST","NEWLOVE DR",46.00,N,N,A,-,N,,,,,,,,,,Y,4,0,3,3,A,-,03,22350,,N,C,C,A,A,H,-,A,D,0,,,,,Y,,A,01,0,0,3,0,0,0,0,0,0,"- ","- ",34.929760000000002,-120.43199,"SANTA BARBARA","SANTA MARIA",-120.4318,34.929936349999998
8448477,2017,2017-09-14,4204,2017-08-28,1319,22113,49,1,5,5,4204,0,0,0,,0,002,"PALISADE DR","CHURCH ST",8.00,N,N,A,-,N,,,,,,,,,,N,4,0,1,2,A,-,08,22107,,F,A,C,A,A,H,-,A,A,0,,,,,Y,,A,01,0,0,1,0,0,0,0,0,0,"- ","- ",34.952120000000001,-120.41216,"SANTA BARBARA","SANTA MARIA",-120.41210948,34.952071969999999
8450085,2017,2018-05-18,4203,2017-08-28,1804,8120,,1,5,5,4203,0,0,0,,0,005,"LAS POSITAS RD","CALLE REAL",130.00,S,N,A,-,N,,,,,,,,,,N,4,0,2,2,A,-,06,21750,A,N,C,C,A,A,H,-,A,A,0,,,,,Y,,-,,0,0,2,0,0,0,0,0,0,"- ","- ",,,"SANTA BARBARA","SANTA BARBARA",-119.73374744,34.428233110000001
8450189,2017,2017-09-21,4200,2017-08-17,2234,3634,,4,5,3,4205,0,0,0,,0,030,"CASITAS PASS RD","CAMEO RD",108.00,S,N,A,-,,,,,,,,,,,Y,4,0,1,1,A,-,01,23140,A,N,F,J,A,A,D,E,C,D,0,,,,,Y,Y,A,01,0,0,1,0,0,0,0,0,0,"- ","- ",,,"SANTA BARBARA",CARPINTERIA,-119.51003396999999,34.397547969999998
8450587,2017,2018-06-25,4204,2017-09-10,1549,20894,34,7,5,5,4204,0,0,0,,0,002,BROADWAY,"MAIN ST",0.00,,Y,A,-,Y,SB,5,135,-,-,15.772,I,5,S,Y,4,0,2,2,A,-,03,22350,,N,D,C,A,A,H,-,A,D,0,,,,,Y,,A,01,0,0,2,0,0,0,0,0,0,"- ","- ",34.953139999999998,-120.43586000000001,"SANTA BARBARA","SANTA MARIA",-120.43597162,34.953068819999999
8450809,2017,2017-10-09,4203,2017-08-31,0245,24093,,4,5,5,4203,0,0,0,,0,003,"ANACAPA ST","CARRILLO ST",0.00,,Y,A,-,N,,,,,,,,,,Y,3,0,2,2,A,-,12,21453,A,N,D,C,A,A,H,-,C,A,0,,,,,Y,,-,,0,2,0,0,0,0,0,0,0,"- ","- ",34.422550000000001,-119.70076,"SANTA BARBARA","SANTA BARBARA",-119.70071994,34.422600029999998
8451471,2017,2017-09-15,4200,2017-07-29,1051,3083,14,6,5,4,4214,0,0,0,,0,060,"HOLLISTER AV","STORKE RD",0.00,,Y,A,-,N,,,,,,,,,,Y,3,0,1,2,A,-,09,21453,C,N,D,C,A,A,H,-,A,A,0,,,,,Y,,A,01,0,1,0,0,0,0,0,0,0,"- ","- ",,,"SANTA BARBARA",GOLETA,-119.86974995,34.430100090000003
8451475,2017,2017-09-15,4200,2017-07-18,1730,3077,14,2,5,4,4214,0,0,0,,0,050,"LOS CARNEROS RD","COVINGTON WY",397.00,S,N,A,-,N,,,,,,,,,,N,4,0,1,2,A,-,03,22350,,N,C,C,A,A,H,-,A,D,0,,,,,Y,,A,07,0,0,1,0,0,0,0,0,0,"- ","- ",,,"SANTA BARBARA",GOLETA,-119.85384010999999,34.44328144
8451536,2017,2017-09-22,4204,2017-09-10,0500,90375,53,7,5,5,4204,0,0,0,,0,002,"CENTRAL AV","ELIZABETH ST",143.00,W,N,A,-,N,,,,,,,,,,Y,4,0,1,3,A,-,05,21650,,N,C,E,A,A,H,-,C,A,0,,,,,Y,,A,01,0,0,1,0,0,0,0,0,0,"- ","- ",34.947789999999998,-120.42869,"SANTA BARBARA","SANTA MARIA",-120.42897702,34.94791