CASE_ID,ACCIDENT_YEAR,PROC_DATE,JURIS,COLLISION_DATE,COLLISION_TIME,OFFICER_ID,REPORTING_DISTRICT,DAY_OF_WEEK,CHP_SHIFT,POPULATION,CNTY_CITY_LOC,SPECIAL_COND,BEAT_TYPE,CHP_BEAT_TYPE,CITY_DIVISION_LAPD,CHP_BEAT_CLASS,BEAT_NUMBER,PRIMARY_RD,SECONDARY_RD,DISTANCE,DIRECTION,INTERSECTION,WEATHER_1,WEATHER_2,STATE_HWY_IND,CALTRANS_COUNTY,CALTRANS_DISTRICT,STATE_ROUTE,ROUTE_SUFFIX,POSTMILE_PREFIX,POSTMILE,LOCATION_TYPE,RAMP_INTERSECTION,SIDE_OF_HWY,TOW_AWAY,COLLISION_SEVERITY,NUMBER_KILLED,NUMBER_INJURED,PARTY_COUNT,PRIMARY_COLL_FACTOR,PCF_CODE_OF_VIOL,PCF_VIOL_CATEGORY,PCF_VIOLATION,PCF_VIOL_SUBSECTION,HIT_AND_RUN,TYPE_OF_COLLISION,MVIW,PED_ACTION,ROAD_SURFACE,ROAD_COND_1,ROAD_COND_2,LIGHTING,CONTROL_DEVICE,CHP_ROAD_TYPE,PEDESTRIAN_ACCIDENT,BICYCLE_ACCIDENT,MOTORCYCLE_ACCIDENT,TRUCK_ACCIDENT,NOT_PRIVATE_PROPERTY,ALCOHOL_INVOLVED,STWD_VEHTYPE_AT_FAULT,CHP_VEHTYPE_AT_FAULT,COUNT_SEVERE_INJ,COUNT_VISIBLE_INJ,COUNT_COMPLAINT_PAIN,COUNT_PED_KILLED,COUNT_PED_INJURED,COUNT_BICYCLIST_KILLED,COUNT_BICYCLIST_INJURED,COUNT_MC_KILLED,COUNT_MC_INJURED,PRIMARY_RAMP,SECONDARY_RAMP,LATITUDE,LONGITUDE,COUNTY,CITY,POINT_X,POINT_Y
8451544,2017,2017-09-22,4204,2017-08-23,1030,90139,9,3,5,5,4204,0,0,0,,0,001,"RAILROAD AV","HARDING AV",65.00,N,N,A,-,N,,,,,,,,,,N,4,0,1,2,A,-,11,21954,A,N,G,B,E,A,H,-,A,D,0,Y,,,,Y,,N,60,0,0,1,0,1,0,0,0,0,"- ","- ",34.96725,-120.44428000000001,"SANTA BARBARA","SANTA MARIA",-120.44447529999999,34.967168489999999
8451999,2017,2018-06-25,4202,2017-08-03,1035,11804,4202,4,5,4,4202,0,0,0,,0,,"MAPLE AV","N  I ST",194.00,E,N,A,-,Y,SB,5,1,-,-,20.970,I,6,S,N,2,0,1,2,A,-,05,21650,1,N,D,G,A,A,H,-,A,D,0,,Y,,,Y,,L,04,1,0,0,0,0,0,1,0,0,"- ","- ",,,"SANTA BARBARA",LOMPOC,-120.45789298,34.64543346
8439445,2017,2017-09-05,4203,2017-08-20,1811,3510,,7,5,5,4203,0,0,0,,0,003,"GARDEN ST","ANAPAMU ST",0.00,,Y,A,-,N,,,,,,,,,,N,3,0,1,2,A,-,09,21800,A,N,-,G,A,A,H,-,A,A,0,,Y,,,Y,,-,,0,1,0,0,0,0,1,0,0,"- ","- ",34.253599999999999,-119.42400000000001,"SANTA BARBARA","SANTA BARBARA",-119.70106991999999,34.426550050000003
8439519,2017,2018-06-25,4204,2017-08-21,0915,22113,43,1,5,5,4204,0,0,0,,0,002,"COOK ST",BROADWAY,0.00,,Y,A,-,Y,SB,5,135,-,-,15.550,I,6,N,N,4,0,1,2,A,-,05,21650,1,N,-,G,A,A,H,-,A,A,0,,Y,,,Y,,L,04,0,0,1,0,0,0,1,0,0,"- ","- ",34.9499,-120.43597,"SANTA BARBARA","SANTA MARIA",-120.43584199,34.949845109999998
8439597,2017,2017-09-01,4204,2017-08-18,1744,90614,57,5,5,5,4204,0,0,0,,0,002,"MILLER ST","MORRISON AV",0.00,,Y,A,-,N,,,,,,,,,,Y,3,0,1,1,A,-,08,22107,,N,E,I,A,A,H,-,A,D,0,,,,,Y,,A,01,0,1,0,0,0,0,0,0,0,"- ","- ",34.942999999999998,-120.43127,"SANTA BARBARA","SANTA MARIA",-120.4314499,34.943080010000003
8439930,2017,2017-09-06,4204,2017-08-25,0731,90374,75,5,5,5,4204,0,0,0,,0,003,BROADWAY,"BATTLES RD",0.00,,Y,A,-,N,,,135,,,,,,,Y,4,0,1,2,A,-,03,22350,,N,C,C,A,A,H,-,A,A,0,,,,,Y,,A,07,0,0,1,0,0,0,0,0,0,"- ","- ",34.931510000000003,-120.43617999999999,"SANTA BARBARA","SANTA MARIA",-120.43611763,34.931510289999999
8439934,2017,2017-09-06,4204,2017-08-23,1448,90139,4204,3,5,5,4204,0,0,0,,0,003,"MILLER ST","PLAZA DR",0.00,,Y,A,-,N,,,,,,,,,,N,3,0,1,2,A,-,03,22350,,N,C,C,A,A,H,-,A,A,0,,,,,Y,,A,01,0,1,0,0,0,0,0,0,0,"- ","- ",34.937309999999997,-120.43162,"SANTA BARBARA","SANTA MARIA",-120.43158988,34.937350080000002
8440487,2017,2017-09-11,4203,2017-08-23,2253,24080,,3,5,5,4203,0,0,0,,0,004,"GUTIERREZ STREET","DE LA VINA ST",209.00,E,N,A,-,N,,,,,,,,,,Y,2,0,1,1,A,-,01,23152,A,N,F,J,A,A,H,-,C,D,0,,,,,Y,Y,-,,1,0,0,0,0,0,0,0,0,"- ","- ",34.414200000000001,-119.69595,"SANTA BARBARA","SANTA BARBARA",-119.69599384999999,34.414171719999999
8440491,2017,2017-09-11,4203,2017-08-21,1237,6700,41,1,5,5,4203,0,0,0,,0,003,"STATE ST","CANON PERDIDO ST",0.00,,Y,A,-,N,,,,,,,,,,N,3,0,1,2,A,-,08,22107,,N,H,G,A,A,H,-,A,A,0,,Y,,,Y,,L,04,0,1,0,0,0,0,1,0,0,"- ","- ",34.420209999999997,-119.70049,"SANTA BARBARA","SANTA BARBARA",-119.70059998000001,34.420520089999997
8440870,2017,2017-09-20,4201,2017-06-30,2002,5159,51,5,5,2,4201,0,0,0,,0,,"11TH ST","ESCALANTE ST",0.00,,Y,A,-,N,,,,,,,,,,N,4,0,1,2,A,-,21,22106,,N,D,C,A,A,H,-,B,A,0,,,,,Y,,A,01,0,0,1,0,0,0,0,0,0,"- ","- ",,,"SANTA BARBARA",GUADALUPE,-120.56556994,34.970160040000003
8442090,2017,2017-08-29,4200,2017-08-18,2136,5074,14,5,5,4,4214,0,0,0,,0,080,HOLLISTER,"CANON GREEN DR",0.00,,Y,A,-,N,,,,,,,,,,Y,4,0,1,2,A,-,09,21802,,N,D,C,A,A,D,E,C,A,0,,,,,Y,,A,01,0,0,1,0,0,0,0,0,0,"- ","- ",,,"SANTA BARBARA",GOLETA,-119.88352995,34.429990080000003
8442573,2017,2017-08-31,4200,2017-06-29,1353,4167,14,4,5,4,4214,0,0,0,,0,060,"HOLLISTER AV","STORKE RD",67.00,E,N,A,-,N,,,,,,,,,,N,3,0,1,2,A,-,08,22107,,N,D,G,A,A,H,-,A,D,0,,Y,,,Y,,A,01,0,1,0,0,0,0,1,0,0,"- ","- ",,,"SANTA BARBARA",GOLETA,-119.86952796999999,34.430100840000001
8443285,2017,2017-09-01,4203,2017-08-23,0539,23133,32,3,5,5,4203,0,0,0,,0,004,"CASTILLO ST","VICTORIA ST",0.00,,Y,A,-,N,,,,,,,,,,Y,4,0,2,2,A,-,01,23152,,M,D,C,A,A,H,-,C,A,0,,,,,Y,Y,A,07,0,0,2,0,0,0,0,0,0,"- ","- ",34.420090000000002,-119.71032,"SANTA BARBARA","SANTA BARBARA",-119.71024998,34.420080079999998
8461764,2017,2017-10-30,4203,2017-09-21,1216,24079,,4,5,5,4203,0,0,0,,0,004,"CANON PERDIDO ST","STATE ST",139.00,W,N,A,-,N,,,,,,,,,,N,3,0,1,2,A,-,17,22517,,N,B,G,A,A,H,-,A,D,0,,Y,,,Y,,A,01,0,1,0,0,0,0,1,0,0,"- ","- ",34.251300000000001,-119.42400000000001,"SANTA BARBARA","SANTA BARBARA",-119.70090252,34.420232239999997
8461835,2017,2017-10-30,4203,2017-09-19,1710,5751,66,2,5,5,4203,0,0,0,,0,001,"NORTH VOLUNTARIO ST","EAST DE LA GUERRA ST",247.00,S,N,A,-,N,,,,,,,,,,Y,4,0,5,2,A,-,07,21658,A,N,A,C,A,A,H,-,A,D,0,,,,Y,Y,,-,"- ",0,0,5,0,0,0,0,0,0,"- ","- ",34.430810000000001,-119.68693,"SANTA BARBARA","SANTA BARBARA",-119.68629391,34.430793199999997
8462016,2017,2018-06-25,4204,2017-09-21,1124,90269,34,4,5,5,4204,0,0,0,,0,002,"MAIN ST",BROADWAY,0.00,,Y,A,-,Y,SB,5,135,-,-,15.772,I,5,S,Y,4,0,2,3,A,-,12,21453,A,N,D,C,A,A,H,-,A,A,0,,,,,Y,,A,01,0,0,2,0,0,0,0,0,0,"- ","- ",34.953139999999998,-120.43586000000001,"SANTA BARBARA","SANTA MARIA",-120.43597162,34.953068819999999
8462965,2017,2017-10-23,4203,2017-10-08,1422,5618,30,7,5,5,4203,0,0,0,,0,004,"BATH ST","W COTA ST",0.00,,Y,A,-,N,,,,,,,,,,Y,3,0,1,2,A,-,12,22450,A,N,D,C,A,A,H,-,A,A,0,,,,,Y,,A,01,0,1,0,0,0,0,0,0,0,"- ","- ",34.024520000000003,-119.042,"SANTA BARBARA","SANTA BARBARA",-119.70012996,34.41459004
8462969,2017,2017-10-23,4203,2017-10-06,1610,3849,,5,5,5,4203,0,0,0,,0,006,"CLIFF DR","FLORA VISTA",29.00,E,N,A,-,N,,,225,,,,,,,N,2,0,1,2,A,-,21,22106,,N,C,C,A,A,H,-,A,A,0,,,,,Y,,-,,1,0,0,0,0,0,0,0,0,"- ","- ",34.403500000000001,-119.72969999999999,"SANTA BARBARA","SANTA BARBARA",-119.72971231,34.403455989999998
8462973,2017,2017-10-20,4204,2017-10-08,1259,90242,21,7,5,5,4204,0,0,0,,0,001,"MANZANITA LN","MCELHANY AV",0.00,,Y,A,-,N,,,,,,,,,,Y,3,0,1,2,A,-,21,22106,,M,C,E,A,A,H,-,A,D,0,,,Y,,Y,,C,02,0,1,0,0,0,0,0,0,1,"- ","- ",34.962649999999996,-120.41488,"SANTA BARBARA","SANTA MARIA",-120.41479993999999,34.962420039999998
8462977,2017,2017-10-20,4204,2017-10-10,1451,90269,4,2,5,5,4204,0,0,0,,0,001,"TAYLOR ST","BIRCH ST",0.00,,Y,A,-,N,,,,,,,,,,Y,3,0,2,2,A,-,09,21802,A,N,A,C,A,A,H,-,A,D,0,,,,,Y,,A,01,0,1,1,0,0,0,0,0,0,"- ","- ",34.975050000000003,-120.43789,"SANTA BARBARA","SANTA MARIA",-120.43776986,34.974990009999999
8463025,2017,2017-10-23,4203,2017-10-02,1915,2106,4203,1,5,5,4203,0,0,0,,0,003,"GARDEN ST","S EQUESTRIAN AV",3.00,N,N,A,-,N,,,,,,,,,,N,4,0,1,2,A,-,00,23123,5,N,C,C,A,A,H,-,C,A,0,,,,,Y,,A,01,0,0,1,0,0,0,0,0,0,"- ","- ",34.253700000000002,-119.42059999999999,"SANTA BARBARA","SANTA BARBARA",-119.70169761,34.426985299999998
8463374,2017,2017-10-25,4203,2017-10-12,1444,7189,,4,5,5,4203,0,0,0,,0,005,"DE LA VINA ST","WEST JUNIPERO ST",0.00,,Y,A,-,N,,,,,,,,,,Y,4,0,2,2,A,-,08,22100,B,N,D,C,A,A,H,-,A,D,0,,,,,Y,,D,22,0,0,2,0,0,0,0,0,0,"- ","- ",,,"SANTA BARBARA","SANTA BARBARA",-119.72191999,34.432610070000003
8463659,2017,2017-10-27,4204,2017-10-08,0523,90615,65,7,5,5,4204,0,0,0,,0,003,"LA BREA AV","BLOSSER RD",800.00,W,N,A,-,N,,,,,,,,,,Y,4,0,1,2,A,-,17,21658,B,N,A,E,A,A,H,-,D,D,0,,,,Y,Y,,A,01,0,0,1,0,0,0,0,0,0,"- ","- ",34.935270000000003,-120.4533,"SANTA BARBARA","SANTA MARIA",-120.45660807,34.935228379999998
8463759,2017,2017-10-30,4204,2017-10-17,1900,90246,82,2,5,5,4204,0,0,0,,0,003,"MILLER ST","BETTERAVIA RD",30.00,N,N,A,-,N,,,,,,,,,,Y,3,0,1,1,A,-,01,23152,A,N,F,J,A,A,H,-,C,A,0,,,,,Y,Y,A,01,0,1,0,0,0,0,0,0,0,"- ","- ",34.922350000000002,-120.43127,"SANTA BARBARA","SANTA MARIA",-120.4313215,34.922678210000001
8443401,2017,2017-09-14,4203,2017-08-22,0550,24079,,2,5,5,4203,0,0,0,,0,002,"W CARRILLO ST","W FIGUEROA ST",0.00,,Y,A,-,N,,,,,,,,,,Y,4,0,1,2,A,-,00,21703,A,N,C,C,A,A,H,-,A,D,0,,,,,Y,,A,01,0,0,1,0,0,0,0,0,0,"- ","- ",34.2453,-119.4241,"SANTA BARBARA","SANTA BARBARA",-119.71157989,34.414720070000001
8443515,2017,2017-09-25,4204,2017-08-28,1504,90619,92,1,5,5,4204,0,0,0,,0,003,"SANTA MARIA WY","WALLER LN",0.00,,Y,A,-,N,,,,,,,,,,Y,4,0,1,2,A,-,04,21704,A,N,D,C,A,A,H,-,A,A,0,,,,,Y,,A,01,0,0,1,0,0,0,0,0,0,"- ","- ",34.905819999999999,-120.43134999999999,"SANTA BARBARA","SANTA MARIA",-120.43117991,34.905580059999998
8443519,2017,2017-11-09,4204,2017-08-21,0934,2213,82,1,5,5,4204,0,0,0,,0,003,"MILLER ST","BETTERAVIA RD",0.00,,Y,A,-,N,,,,,,,,,,N,4,0,1,2,A,-,09,21453,C,N,D,C,A,A,H,-,A,A,0,,,,,Y,,-,"- ",0,0,1,0,0,0,0,0,0,"- ","- ",34.922350000000002,-120.43127,"SANTA BARBARA","SANTA MARIA",-120.43128989,34.922600070000001
8443549,2017,2017-09-08,4203,2017-08-23,0744,7189,,3,5,5,4203,0,0,0,,0,003,"SANTA BARBARA ST","E COTA ST",20.00,S,N,A,-,N,,,,,,,,,,N,4,0,1,2,A,-,03,22350,,N,C,C,A,A,H,-,A,D,0,,,,,Y,,A,07,0,0,1,0,0,0,0,0,0,"- ","- ",34.251759999999997,-119.41645,"SANTA BARBARA","SANTA BARBARA",-119.69445111,34.419852939999998
8444841,2017,2017-09-01,4203,2017-08-19,2023,5726,SANTA,6,5,5,4203,0,0,0,,0,001,"MILPAS ST","MASON ST",39.00,N,N,A,-,N,,,,,,,,,,N,4,0,1,2,A,-,03,22350,A,N,C,C,A,A,H,-,A,A,0,,,,,Y,,-,,0,0,1,0,0,0,0,0,0,"- ","- ",34.252200000000002,-119.40499,"SANTA BARBARA","SANTA BARBARA",-119.68026904,34.422628779999997
8445406,2017,2018-06-25,4200,2017-08-18,1701,3116,14,5,5,4,4214,0,0,0,,0,060,"HOLLISTER AV","WARD DR",0.00,,Y,A,-,Y,SB,5,217,-,-,2.440,R,4,E,N,4,0,1,2,A,-,12,21453,A,N,D,C,A,A,H,-,A,A,0,,,,,Y,,D,22,0,0,1,0,0,0,0,0,0,"- ","- ",,,"SANTA BARBARA",GOLETA,-119.81579067,34.437929310000001
8445410,2017,2018-06-25,4200,2017-08-17,0742,3116,14,4,5,4,4214,0,0,0,,0,060,"HOLLISTER AV","RT 217",120.00,E,N,A,-,Y,SB,5,217,-,-,2.440,R,4,E,N,4,0,1,2,A,-,06,21755,A,N,B,G,A,A,E,-,A,D,0,,Y,,,Y,,L,04,0,0,1,0,0,0,1,0,0,"- ","- ",,,"SANTA BARBARA",GOLETA,-119.81579067,34.437929310000001
8445414,2017,2018-06-01,4200,2017-08-13,1244,5072,14,7,5,4,4214,0,0,0,,0,080,"STORKE RD","RT 101",47.00,S,N,A,-,Y,SB,5,101,-,-,24.980,R,4,S,Y,3,0,1,3,A,-,03,22350,,N,C,C,A,A,H,-,A,D,0,,,,,Y,,D,22,0,1,0,0,0,0,0,0,0,"- ",SF,,,"SANTA BARBARA",GOLETA,-119.87439979,34.433303410000001
8445510,2017,2017-09-07,4200,2017-08-23,1430,4983,10,3,5,3,4205,0,0,0,,0,030,"ARBOL VERDE ST","CONCHA LOMA DR",269.00,S,N,A,-,N,,,,,,,,,,Y,3,0,1,2,A,-,08,22107,,N,C,E,A,A,H,-,A,D,0,,,,,Y,,A,01,0,1,0,0,0,0,0,0,0,"- ","- ",,,"SANTA BARBARA",CARPINTERIA,-119.51233999999999,34.392235249999999
8470070,2017,2017-10-24,4203,2017-10-09,1730,6136,,1,5,5,4203,0,0,0,,0,004,"CASTILLO ST","WEST MISSION ST",120.00,S,N,A,-,N,,,,,,,,,,N,3,0,1,1,A,-,03,22350,,N,E,I,A,A,A,-,A,D,0,,Y,,,Y,,L,04,0,1,0,0,0,0,1,0,0,"- ","- ",,,"SANTA BARBARA","SANTA BARBARA",-119.71878074999999,34.426353040000002
8470074,2017,2017-10-24,4203,2017-10-05,2210,3434,,4,5,5,4203,0,0,0,,0,003,"VICTORIA ST","ANACAPA ST",50.00,E,N,A,-,N,,,,,,,,,,N,4,0,1,2,A,-,00,23142,,N,-,C,A,A,H,-,C,A,0,,,,,Y,Y,-,,0,0,1,0,0,0,0,0,0,"- ","- ",34.253100000000003,-119.423,"SANTA BARBARA","SANTA BARBARA",-119.7044307,34.425533170000001
8452193,2017,2017-09-20,4204,2017-09-01,1245,90754,,5,5,5,4204,0,0,0,,0,B02,"FESLER ST","SMITH ST",0.00,,Y,A,-,N,,,,,,,,,,N,4,0,1,2,A,-,03,22350,,F,G,G,A,A,H,-,A,D,0,,Y,,,Y,,L,04,0,0,1,0,0,0,1,0,0,"- ","- ",34.956679999999999,-120.44274,"SANTA BARBARA","SANTA MARIA",-120.44280998000001,34.956520040000001
8452343,2017,2018-06-25,4204,2017-08-18,0620,90341,60,5,5,5,4204,0,0,0,,0,002,BROADWAY,"MILL ST",0.00,,Y,A,-,Y,SB,5,135,-,-,15.930,I,5,S,N,4,0,2,3,A,-,09,21802,A,N,D,C,A,A,H,-,A,A,0,,,,,Y,,A,08,0,0,2,0,0,0,0,0,0,"- ","- ",34.955370000000002,-120.43576,"SANTA BARBARA","SANTA MARIA",-120.43592662,34.955362819999998
8452836,2017,2017-10-04,4200,2017-09-05,1445,3116,14,2,5,4,4214,0,0,0,,0,060,"HOLLISTER AV","KINMAN AV",320.00,W,N,A,-,N,,,,,,,,,,N,4,0,1,3,A,-,03,22350,,N,C,C,A,A,H,-,A,A,0,,,,,Y,,A,07,0,0,1,0,0,0,0,0,0,"- ","- ",,,"SANTA BARBARA",GOLETA,-119.82336963,34.435645639999997
8454718,2017,2017-10-10,4204,2017-09-26,0831,90269,80,2,5,5,4204,0,0,0,,0,003,"BETTERAVIA RD","DEPOT ST",250.00,W,N,A,-,N,,,,,,,,,,Y,3,0,1,2,A,-,09,21804,,N,D,C,A,A,H,-,A,D,0,,,,,Y,,D,22,0,1,0,0,0,0,0,0,0,"- ","- ",34.920639999999999,-120.44369,"SANTA BARBARA","SANTA MARIA",-120.44430312,34.920454560000003
8455335,2017,2017-09-26,4204,2017-09-19,1731,90323,3,2,5,5,4204,0,0,0,,0,001,"WESTERN AV","RANCHO VERDE",0.00,,Y,A,-,N,,,,,,,,,,N,4,0,1,2,A,-,10,21950,A,N,G,B,B,A,H,-,A,D,0,Y,,,,Y,,D,22,0,0,1,0,1,0,0,0,0,"- ","- ",34.977139999999999,-120.44846,"SANTA BARBARA","SANTA MARIA",-120.44827994000001,34.977210110000001
8455591,2017,2018-06-01,4204,2017-09-15,0751,90269,33,5,5,5,4204,0,0,0,,0,002,"MAIN ST","THORNBURG ST",0.00,,Y,A,-,Y,SB,5,166,-,-,7.620,H,-,W,Y,3,0,1,2,A,-,11,21954,A,N,G,B,D,A,H,-,A,D,0,Y,,,,Y,,N,60,0,1,0,0,1,0,0,0,0,"- ","- ",34.95326,-120.44034000000001,"SANTA BARBARA","SANTA MARIA",-120.44038762,34.95323982
8455685,2017,2017-09-29,4203,2017-09-16,1929,5075,,6,5,5,4203,0,0,0,,0,005,"STATE ST","SAN ROQUE",655.00,E,N,A,-,N,,,,,,,,,,N,4,0,1,2,A,-,11,21954,A,N,G,B,D,A,H,-,C,D,0,Y,,,,Y,Y,N,60,0,0,1,0,1,0,0,0,0,"- ","- ",,,"SANTA BARBARA","SANTA BARBARA",-119.73206939000001,34.440374040000002
8455693,2017,2017-10-02,4203,2017-09-16,1706,23766,,6,5,5,4203,0,0,0,,0,004,"CHAPALA ST","VALERIO ST",0.00,,Y,A,-,N,,,,,,,,,,Y,4,0,2,2,A,-,09,21802,A,N,-,C,A,A,H,-,A,A,0,,,,,Y,,A,01,0,0,2,0,0,0,0,0,0,"- ","- ",34.426900000000003,-119.7119,"SANTA BARBARA","SANTA BARBARA",-119.71193986,34.427020110000001
8455697,2017,2017-10-02,4203,2017-09-10,1159,3197,,7,5,5,4203,0,0,0,,0,005,"DE LA VINA ST","PUEBLO ST",54.00,N,N,A,-,N,,,,,,,,,,N,4,0,1,2,A,-,03,22350,,N,C,C,A,A,H,-,A,D,0,,,,,Y,,-,,0,0,1,0,0,0,0,0,0,"- ","- ",34.255400000000002,-119.4314,"SANTA BARBARA","SANTA BARBARA",-119.72081242,34.431749719999999
8456311,2017,2017-09-26,4203,2017-09-03,0031,24322,4203,7,5,5,4203,0,0,0,,0,002,"EAST CABRILLO BL","NINOS DR",1170.00,W,N,A,-,N,,,,,,,,,,Y,3,0,1,1,A,-,03,22350,,N,E,I,A,A,H,-,C,D,0,,,,,Y,,A,01,0,1,0,0,0,0,0,0,0,"- ","- ",34.417900000000003,-119.66365,"SANTA BARBARA","SANTA BARBARA",-119.67123694,34.416957089999997
8456315,2017,2017-09-26,4203,2017-09-03,1302,2661,,7,5,5,4203,0,0,0,,0,004,"FIGUEROA ST","DE LA VINA ST",0.00,,Y,A,-,N,,,,,,,,,,Y,4,0,1,2,A,-,09,21802,A,N,D,C,A,A,H,-,A,A,0,,,,,Y,,-,,0,0,1,0,0,0,0,0,0,"- ","- ",34.251300000000001,-119.42195,"SANTA BARBARA","SANTA BARBARA",-119.70544991,34.420300089999998
8464871,2017,2017-10-18,4203,2017-09-26,1557,2661,,2,5,5,4203,0,0,0,,0,004,"CASTILLO ST","ARRELLAGA ST",0.00,,Y,A,-,N,,,,,,,,,,N,4,0,1,2,D,-,00,,,N,D,C,A,A,H,-,A,A,0,,,,,Y,,-,"- ",0,0,1,0,0,0,0,0,0,"- ","- ",34.253700000000002,-119.4284,"SANTA BARBARA","SANTA BARBARA",-119.71404986,34.422900069999997
8464986,2017,2017-10-19,4203,2017-10-06,1248,22859,,5,5,5,4203,0,0,0,,0,004,"CHAPALA ST","COTA ST",0.00,,Y,A,-,N,,,,,,,,,,Y,3,0,2,2,A,-,12,21453,A,N,D,C,A,A,H,-,A,A,0,,,,,Y,,-,,0,1,1,0,0,0,0,0,0,"- ","- ",34.417000000000002,-119.7,"SANTA BARBARA","SANTA BARBARA",-119.69794999,34.416660020000002
8464990,2017,2017-10-19,4203,2017-10-02,0956,5206,,1,5,5,4203,0,0,0,,0,002,"STATE ST","CABRILLO BL",0.00,,Y,A,-,N,,,,,,,,,,N,3,0,1,1,C,-,18,,,N,-,A,A,A,-,-,A,A,0,,,,,Y,,-,"- ",0,1,0,0,0,0,0,0,0,"- ","- ",34.411999999999999,-119.68899999999999,"SANTA BARBARA","SANTA BARBARA",-119.6891899,34.41218009
8464994,2017,2017-11-13,4203,2017-10-07,1240,22857,,6,5,5,4203,0,0,0,,0,003,"STATE ST","ARLINGTON AV",3.00,N,N,A,-,N,,,,,,,,,,Y,3,0,4,5,A,-,01,23152,F,N,A,I,F,A,H,-,A,D,0,Y,,,,Y,,-,,0,2,2,0,4,0,0,0,0,"- ","- ",34.253,-119.4224,"SANTA BARBARA","SANTA BARBARA",-119.70635737000001,34.42473553
8465465,2017,2018-10-25,4204,2017-05-28,0014,90081,1,7,5,5,4204,0,0,0,,0,009,"DONOVAN RD","RAILROAD AV",0.00,,Y,A,-,N,,,,,,,,,,Y,1,1,3,2,A,-,01,23152,A,N,D,C,A,A,H,-,C,A,0,,,,,Y,Y,A,07,0,0,3,0,0,0,0,0,0,"- ","- ",34.967930000000003,-120.44425,"SANTA BARBARA","SANTA MARIA",-120.44445992,34.967750019999997
8465515,2017,2019-04-10,4204,2017-10-21,1702,22557,10,6,5,5,4204,0,0,0,,0,001,BROADWAY,"WILLIAMS ST",0.00,,Y,A,-,Y,SB,5,135,-,-,16.930,I,5,S,N,1,1,0,2,A,-,09,21801,A,F,D,G,A,A,H,-,B,A,0,,Y,,,Y,,A,01,0,0,0,0,0,1,0,0,0,"- ","- ",,,"SANTA BARBARA","SANTA MARIA",-120.43570962,34.969881819999998
8466605,2017,2017-10-13,4204,2017-09-28,0806,90276,92,4,5,5,4204,0,0,0,,0,B03,"SANTA MARIA WY","WALLER LN",13.00,S,N,A,-,N,,,,,,,,,,Y,4,0,1,2,A,-,08,22107,,N,B,C,A,A,H,-,A,D,0,,,,,Y,,A,07,0,0,1,0,0,0,0,0,0,"- ","- ",34.905819999999999,-120.43134999999999,"SANTA BARBARA","SANTA MARIA",-120.43115453,34.905551109999998
8466678,2017,2017-10-25,4204,2017-09-27,1458,22113,61,3,5,5,4204,0,0,0,,0,002,"MORRISON AV","THORNBURG ST",100.00,W,N,A,-,N,,,,,,,,,,N,4,0,2,2,A,-,09,21804,A,N,A,C,A,A,H,-,A,A,0,,,,,Y,,A,01,0,0,2,0,0,0,0,0,0,"- ","- ",34.943210000000001,-120.44005,"SANTA BARBARA","SANTA MARIA",-120.44058257,34.943159999999999
8466682,2017,2017-10-25,4204,2017-09-23,0001,90228,41,6,5,5,4204,0,0,0,,0,002,"DEPOT ST","COOK ST",0.00,,Y,A,-,N,,,,,,,,,,Y,4,0,2,2,A,-,12,22450,A,F,D,C,A,A,H,-,D,D,0,,,,,Y,,A,01,0,0,2,0,0,0,0,0,0,"- ","- ",34.950090000000003,-120.44378,"SANTA BARBARA","SANTA MARIA",-120.44369998000001,34.949910009999996
8466686,2017,2017-10-25,4204,2017-09-28,1945,90228,43,4,5,5,4204,0,0,0,,0,002,"COOK ST","THORNBURG ST",0.00,,Y,A,-,N,,,,,,,,,,Y,4,0,1,2,A,-,03,22350,,N,C,C,A,A,H,-,C,D,0,,,,,Y,,A,01,0,0,1,0,0,0,0,0,0,"- ","- ",34.950020000000002,-120.4405,"SANTA BARBARA","SANTA MARIA",-120.44039991,34.949870079999997
8466881,2017,2018-07-13,4203,2017-09-23,0913,7189,,6,5,5,4203,0,0,0,,0,005,"CALLE REAL","RT 154",0.00,,Y,A,-,Y,SB,5,154,-,R,32.250,I,6,E,Y,3,0,1,1,A,-,08,22107,,N,E,I,A,A,H,-,A,D,0,,,Y,,Y,,C,02,0,1,0,0,0,0,0,0,1,"- ","- ",,,"SANTA BARBARA","SANTA BARBARA",-119.75996834999999,34.442404410000002
8456319,2017,2017-09-26,4203,2017-09-04,1645,2661,,1,5,5,4203,0,0,0,,0,004,"STATE ST","HALEY ST",0.00,,Y,A,-,N,,,,,,,,,,N,3,0,1,2,A,-,08,22100,B,N,B,C,A,A,H,-,A,A,0,,,,,Y,,-,,0,1,0,0,0,0,0,0,0,"- ","- ",34.25056,-119.4144,"SANTA BARBARA","SANTA BARBARA",-119.69553994,34.416790020000001
8456580,2017,2017-10-16,4203,2017-08-31,1911,23093,,4,5,5,4203,0,0,0,,0,005,"STATE ST","LAS POSITAS RD",179.00,W,N,A,-,N,,,,,,,,,,N,3,0,1,1,D,-,00,,,N,-,A,A,A,H,-,A,D,0,,Y,,,Y,,-,"- ",0,1,0,0,0,0,1,0,0,"- ","- ",34.440219999999997,-119.73491,"SANTA BARBARA","SANTA BARBARA",-119.73483284,34.440377699999999