CASE_ID,ACCIDENT_YEAR,PROC_DATE,JURIS,COLLISION_DATE,COLLISION_TIME,OFFICER_ID,REPORTING_DISTRICT,DAY_OF_WEEK,CHP_SHIFT,POPULATION,CNTY_CITY_LOC,SPECIAL_COND,BEAT_TYPE,CHP_BEAT_TYPE,CITY_DIVISION_LAPD,CHP_BEAT_CLASS,BEAT_NUMBER,PRIMARY_RD,SECONDARY_RD,DISTANCE,DIRECTION,INTERSECTION,WEATHER_1,WEATHER_2,STATE_HWY_IND,CALTRANS_COUNTY,CALTRANS_DISTRICT,STATE_ROUTE,ROUTE_SUFFIX,POSTMILE_PREFIX,POSTMILE,LOCATION_TYPE,RAMP_INTERSECTION,SIDE_OF_HWY,TOW_AWAY,COLLISION_SEVERITY,NUMBER_KILLED,NUMBER_INJURED,PARTY_COUNT,PRIMARY_COLL_FACTOR,PCF_CODE_OF_VIOL,PCF_VIOL_CATEGORY,PCF_VIOLATION,PCF_VIOL_SUBSECTION,HIT_AND_RUN,TYPE_OF_COLLISION,MVIW,PED_ACTION,ROAD_SURFACE,ROAD_COND_1,ROAD_COND_2,LIGHTING,CONTROL_DEVICE,CHP_ROAD_TYPE,PEDESTRIAN_ACCIDENT,BICYCLE_ACCIDENT,MOTORCYCLE_ACCIDENT,TRUCK_ACCIDENT,NOT_PRIVATE_PROPERTY,ALCOHOL_INVOLVED,STWD_VEHTYPE_AT_FAULT,CHP_VEHTYPE_AT_FAULT,COUNT_SEVERE_INJ,COUNT_VISIBLE_INJ,COUNT_COMPLAINT_PAIN,COUNT_PED_KILLED,COUNT_PED_INJURED,COUNT_BICYCLIST_KILLED,COUNT_BICYCLIST_INJURED,COUNT_MC_KILLED,COUNT_MC_INJURED,PRIMARY_RAMP,SECONDARY_RAMP,LATITUDE,LONGITUDE,COUNTY,CITY,POINT_X,POINT_Y
8456592,2017,2017-10-16,4203,2017-09-06,1737,24078,14,3,5,5,4203,0,0,0,,0,002,"W MONTECITO ST","RANCHERIA ST",0.00,,Y,A,-,N,,,,,,,,,,N,4,0,1,2,D,-,00,,,F,D,C,A,A,H,-,A,A,0,,,,,Y,,-,"- ",0,0,1,0,0,0,0,0,0,"- ","- ",34.409680000000002,-119.69855,"SANTA BARBARA","SANTA BARBARA",-119.69854992,34.409660039999999
8456596,2017,2017-10-16,4203,2017-09-08,1436,6983,,5,5,5,4203,0,0,0,,0,003,"ANACAPA ST","COTA ST",36.00,S,N,A,-,N,,,,,,,,,,Y,4,0,1,2,A,-,08,22100,B,N,D,C,A,A,H,-,A,A,0,,,,,Y,,-,,0,0,1,0,0,0,0,0,0,"- ","- ",34.418750000000003,-119.69548,"SANTA BARBARA","SANTA BARBARA",-119.69552913,34.418795979999999
8456600,2017,2017-10-16,4203,2017-09-15,0913,0673,21,5,5,5,4203,0,0,0,,0,006,"W CARRILLO ST","CHINO ST",456.00,W,N,A,-,N,,,,,,,,,,Y,4,0,1,2,A,-,03,22350,,N,C,C,A,A,H,-,A,D,0,,,,,Y,,A,07,0,0,1,0,0,0,0,0,0,"- ","- ",34.244759999999999,-119.42516999999999,"SANTA BARBARA","SANTA BARBARA",-119.71394203,34.413672849999998
8456604,2017,2017-10-16,4203,2017-09-11,1617,2661,,1,5,5,4203,0,0,0,,0,004,"CARRILLO ST","CASTILLO ST",0.00,,Y,A,-,N,,,,,,,,,,Y,4,0,2,2,A,-,12,21453,A,N,D,C,A,A,G,-,A,A,0,,,,,Y,,-,,0,0,2,0,0,0,0,0,0,"- ","- ",34.252200000000002,-119.42231,"SANTA BARBARA","SANTA BARBARA",-119.70634998,34.417260079999998
8456608,2017,2017-10-16,4203,2017-09-10,1306,6983,,7,5,5,4203,0,0,0,,0,003,"SANTA BARBARA ST","ORTEGA ST",0.00,,Y,B,-,N,,,,,,,,,,N,4,0,1,2,A,-,08,22100,B,N,B,C,A,A,H,-,A,A,0,,,,,Y,,-,,0,0,1,0,0,0,0,0,0,"- ","- ",34.420789999999997,-119.69569,"SANTA BARBARA","SANTA BARBARA",-119.69577990000001,34.420810080000003
8483522,2017,2017-11-06,4203,2017-10-20,1702,24078,51,5,5,5,4203,0,0,0,,0,005,"ALAMAR AV","CALLE NOGUERA",0.00,,Y,G,-,N,,,,,,,,,,N,3,0,1,2,A,-,08,22107,,N,A,G,A,A,H,-,A,A,0,,Y,,,Y,,A,01,0,1,0,0,0,0,1,0,0,"- ","- ",34.442920000000001,-119.7248,"SANTA BARBARA","SANTA BARBARA",-119.7247299,34.442940059999998
8483530,2017,2017-11-06,4203,2017-10-26,1048,0673,25,4,5,5,4203,0,0,0,,0,006,"CLIFF DR","MEIGS RD",216.00,W,N,A,-,N,,,,,,,,,,Y,4,0,1,2,A,-,08,22107,,N,D,C,A,A,H,-,A,D,0,,,,,Y,,A,01,0,0,1,0,0,0,0,0,0,"- ","- ",34.241100000000003,-119.4328,"SANTA BARBARA","SANTA BARBARA",-119.72276377999999,34.401704979999998
8483534,2017,2017-11-06,4203,2017-10-27,1852,3849,36,5,5,5,4203,0,0,0,,0,005,"BATH ST","QUINTO ST",106.00,S,N,A,-,N,,,,,,,,,,Y,4,0,1,3,A,-,01,23152,A,N,B,E,A,A,H,-,C,A,0,,,,,Y,Y,-,,0,0,1,0,0,0,0,0,0,"- ","- ",34.432099999999998,-119.7242,"SANTA BARBARA","SANTA BARBARA",-119.72463999999999,34.432229999999997
8483538,2017,2017-11-06,4203,2017-10-25,1655,6136,,3,5,5,4203,0,0,0,,0,003,"STATE ST",ARRELLAGA,0.00,,Y,A,-,N,,,,,,,,,,Y,3,0,2,2,A,-,09,21801,A,N,D,C,A,A,H,-,A,A,0,,,,,Y,,-,,0,2,0,0,0,0,0,0,0,"- ","- ",34.427100000000003,-119.70950000000001,"SANTA BARBARA","SANTA BARBARA",-119.70958994,34.427100039999999
8466889,2017,2017-10-23,4203,2017-09-27,1013,4937,,3,5,5,4203,0,0,0,,0,001,"MOUNTAIN DR",FOOTHILL,528.00,E,N,A,-,N,,,,,,,,,,Y,4,0,1,1,A,-,03,22350,,N,A,I,A,A,H,-,A,D,0,,,,,Y,,A,01,0,0,1,0,0,0,0,0,0,"- ","- ",34.443899999999999,-119.6981,"SANTA BARBARA","SANTA BARBARA",-119.69848598,34.444164260000001
8466893,2017,2017-10-23,4203,2017-09-25,1612,6970,,1,5,5,4203,0,0,0,,0,004,"CHAPALA ST","VALERIO ST",110.00,S,N,A,-,N,,,,,,,,,,N,3,0,1,2,A,-,06,21750,A,N,B,G,A,A,H,-,A,D,0,,Y,,,Y,,-,,0,1,0,0,0,0,1,0,0,"- ","- ",34.253599999999999,-119.42416,"SANTA BARBARA","SANTA BARBARA",-119.71167423999999,34.426813299999999
8466950,2017,2017-10-12,4203,2017-09-26,0739,2520,4203,2,5,5,4203,0,0,0,,0,002,"CABRILLO BL","CORONA DEL MAR",0.00,,Y,A,-,N,,,,,,,,,,Y,3,0,3,2,A,-,03,22350,,N,C,C,A,A,H,-,A,A,0,,,,,Y,,-,,0,1,2,0,0,0,0,0,0,"- ","- ",34.2517,-119.383,"SANTA BARBARA","SANTA BARBARA",-119.67083986999999,34.417030080000004
8466954,2017,2018-06-01,4203,2017-09-26,0742,22857,,2,5,5,4203,0,0,0,,0,003,"GARDEN ST","RT 101",0.00,,Y,A,-,Y,SB,5,101,-,-,13.357,R,4,S,Y,4,0,1,2,A,-,09,21801,A,N,D,C,A,A,H,-,A,A,0,,,,,Y,,-,,0,0,1,0,0,0,0,0,0,"- ",NO,34.256999999999998,-119.41249999999999,"SANTA BARBARA","SANTA BARBARA",-119.6874827,34.419272149999998
8466956,2017,2017-10-12,4200,2017-09-09,2110,4512,14,6,5,4,4214,0,0,0,,0,060,"HOLLISTER AV","CORTONA DR",0.00,,Y,A,-,N,,,,,,,,,,Y,4,0,1,2,A,-,01,23152,A,M,D,C,A,A,D,-,C,C,0,,,,,Y,Y,A,01,0,0,1,0,0,0,0,0,0,"- ","- ",,,"SANTA BARBARA",GOLETA,-119.86806986000001,34.430210070000001
8466958,2017,2017-10-13,4203,2017-09-22,1013,4937,,5,5,5,4203,0,0,0,,0,003,"SANTA BARBARA ST","CANON PERDIDO",0.00,,Y,A,-,N,,,,,,,,,,Y,4,0,3,2,A,-,12,21453,A,N,D,C,A,A,H,-,A,A,0,,,,,Y,,A,01,0,0,3,0,0,0,0,0,0,"- ","- ",34.422600000000003,-119.6982,"SANTA BARBARA","SANTA BARBARA",-119.69829989,34.422650009999998
8466960,2017,2017-10-12,4200,2017-09-20,1642,4779,14,3,5,4,4214,0,0,0,,0,080,"GLENN ANNIE RD","CATHEDRAL OAKS RD",0.00,,Y,A,-,N,,,,,,,,,,Y,3,0,2,2,A,-,09,21801,A,N,D,C,A,A,H,-,A,A,0,,,,,Y,,A,01,0,1,1,0,0,0,0,0,0,"- ","- ",,,"SANTA BARBARA",GOLETA,-119.87452991000001,34.440840110000003
8467016,2017,2018-06-25,4202,2017-09-29,1232,274,,5,5,4,4202,0,0,0,,0,,"H ST","COLLEGE AV",500.00,N,N,A,-,Y,SB,5,1,-,-,21.210,H,-,N,Y,4,0,1,2,A,-,09,21801,A,N,D,C,A,A,-,-,A,D,0,,,,,Y,,A,01,0,0,1,0,0,0,0,0,0,"- ","- ",,,"SANTA BARBARA",LOMPOC,-120.45774088,34.648339
8468008,2017,2017-10-26,4204,2017-10-08,1241,90342,92,7,5,5,4204,0,0,0,,0,003,"SANTA MARIA WY","DAUPHIN ST",0.00,,Y,A,-,N,,,,,,,,,,Y,3,0,1,1,A,-,17,21658,B,N,E,I,A,A,H,-,A,D,0,,,,,Y,,A,01,0,1,0,0,0,0,0,0,0,"- ","- ",34.903370000000002,-120.42937000000001,"SANTA BARBARA","SANTA MARIA",-120.42907989,34.903300010000002
8468635,2017,2017-11-08,4204,2017-10-04,1903,90344,72,3,5,5,4204,0,0,0,,0,003,"BLOSSER RD","CARMEN LN",0.00,,Y,A,-,N,,,,,,,,,,Y,4,0,2,2,A,-,12,22450,A,N,D,C,A,A,H,-,C,D,0,,,,,Y,,A,01,0,0,2,0,0,0,0,0,0,"- ","- ",34.924300000000002,-120.4538,"SANTA BARBARA","SANTA MARIA",-120.45401995,34.924240040000001
8468941,2017,2018-06-25,4202,2017-09-09,1312,295,,6,5,4,4202,0,0,0,,0,,"RT 1","PINE AV",189.00,N,N,A,-,Y,SB,5,1,-,-,21.380,H,-,S,Y,4,0,1,2,A,-,09,21804,,N,A,C,A,A,H,-,A,D,0,,,,,Y,,A,01,0,0,1,0,0,0,0,0,0,"- ","- ",,,"SANTA BARBARA",LOMPOC,-120.45782416999999,34.650807620000002
8483542,2017,2017-11-06,4203,2017-10-26,0808,7189,,4,5,5,4203,0,0,0,,0,004,"W CARRILLO ST","BATH ST",152.00,E,N,A,-,N,,,,,,,,,,N,4,0,1,2,A,-,08,22107,,N,B,G,A,A,H,-,A,D,0,,Y,,,Y,,L,04,0,0,1,0,0,0,1,0,0,"- ","- ",34.41901,-119.70518,"SANTA BARBARA","SANTA BARBARA",-119.70490936,34.418627370000003
8483546,2017,2017-11-06,4203,2017-10-29,0645,1584,61,7,5,5,4203,0,0,0,,0,001,"MILPAS ST","ALPHONSE ST",39.00,N,N,E,-,N,,,,,,,,,,Y,3,0,1,1,A,-,08,22107,,N,E,I,A,A,H,-,B,A,0,,,,,Y,,-,,0,1,0,0,0,0,0,0,0,"- ","- ",34.254049999999999,-119.41144,"SANTA BARBARA","SANTA BARBARA",-119.68735837,34.427799440000001
8483550,2017,2017-11-06,4203,2017-10-28,1446,23768,,6,5,5,4203,0,0,0,,0,004,"W FIGUEROA ST","STATE ST",45.00,W,N,A,-,N,,,,,,,,,,N,4,0,2,2,A,-,03,22350,,N,C,C,A,A,H,-,A,A,0,,,,,Y,,A,01,0,0,2,0,0,0,0,0,0,"- ","- ",34.422170000000001,-119.70328000000001,"SANTA BARBARA","SANTA BARBARA",-119.7032696,34.422318060000002
8483554,2017,2017-11-06,4203,2017-10-28,2059,3434,,6,5,5,4203,0,0,0,,0,003,"SANTA BARBARA ST","MISSION ST",0.00,,Y,A,-,N,,,,,,,,,,,4,0,1,2,A,-,09,21800,C,N,D,C,A,A,H,-,C,A,0,,,,,Y,,-,,0,0,1,0,0,0,0,0,0,"- ","- ",34.255800000000001,-119.4243,"SANTA BARBARA","SANTA BARBARA",-119.71243988000001,34.432970009999998
8483562,2017,2017-11-06,4203,2017-10-13,0927,2720,,5,5,5,4203,0,0,0,,0,004,"W CARRILLO ST","CHAPALA ST",215.00,E,N,A,-,N,,,,,,,,,,N,4,0,1,2,A,-,03,22350,,N,C,C,A,A,H,-,A,D,0,,,,,Y,,-,,0,0,1,0,0,0,0,0,0,"- ","- ",34.420900000000003,-119.70247999999999,"SANTA BARBARA","SANTA BARBARA",-119.70252071,34.420908099999998
8484147,2017,2017-11-29,4204,2017-10-29,0013,90344,94,7,5,5,4204,0,0,0,,0,003,"UNION VALLEY PKWY","CALIFORNIA BL",0.00,,Y,B,-,N,,,,,,,,,,Y,4,0,1,3,A,-,09,21801,A,N,D,C,A,A,H,-,C,D,0,,,,,Y,,A,01,0,0,1,0,0,0,0,0,0,"- ","- ",34.879930000000002,-120.44568,"SANTA BARBARA","SANTA MARIA",-120.44567993,34.879840010000002
8484505,2017,2018-07-06,4202,2017-10-02,1917,20976,,1,5,4,4202,0,0,0,,0,,"H ST","CENTRAL AV",10.00,N,N,A,-,Y,SB,5,1,-,-,22.070,H,-,S,N,4,0,1,2,A,-,03,22350,,N,C,C,A,A,H,-,C,A,0,,,,,Y,,D,22,0,0,1,0,0,0,0,0,0,"- ","- ",,,"SANTA BARBARA",LOMPOC,-120.45777019000001,34.660836500000002
8484842,2017,2017-12-01,4202,2017-10-20,1510,295,4202,5,5,4,4202,0,0,0,,0,,"CHESTNUT AV","D ST",0.00,,Y,A,-,N,,,,,,,,,,Y,4,0,2,2,A,-,09,21802,,N,D,C,A,A,H,-,A,A,0,,,,,Y,,A,01,0,0,2,0,0,0,0,0,0,"- ","- ",,,"SANTA BARBARA",LOMPOC,-120.45277995000001,34.642190110000001
8484931,2017,2017-12-07,4203,2017-11-11,0158,23770,,6,5,5,4203,0,0,0,,0,006,"WEST MISSION ST","SAN ANDRES ST",195.00,W,N,A,-,N,,,,,,,,,,Y,3,0,1,2,A,-,01,23152,A,N,B,E,A,A,H,-,C,D,0,,,,,Y,Y,A,01,0,1,0,0,0,0,0,0,0,"- ","- ",34.422699999999999,-119.723,"SANTA BARBARA","SANTA BARBARA",-119.72290613,34.422957539999999
8485009,2017,2017-12-05,4202,2017-09-25,0733,22072,4202,1,5,4,4202,0,0,0,,0,,"NORTH AV","N I ST",104.00,W,N,A,-,N,,,,,,,,,,N,3,0,1,1,A,-,03,22350,,N,F,I,A,A,H,-,A,A,0,,,Y,,Y,,C,02,0,1,0,0,0,0,0,0,1,"- ","- ",,,"SANTA BARBARA",LOMPOC,-120.45944566,34.653404430000002
8485055,2017,2017-12-07,4204,2017-11-10,0641,90345,78,5,5,5,4204,0,0,0,,0,003,"MAHONEY RD","BETTERAVIA RD",5280.00,S,N,A,-,N,,,,,,,,,,N,4,0,1,2,A,-,08,22107,,N,C,C,A,A,H,-,B,D,0,,,,,Y,,A,01,0,0,1,0,0,0,0,0,0,"- ","- ",34.921210000000002,-120.47497,"SANTA BARBARA","SANTA MARIA",-120.48779234,34.910985920000002
8471912,2017,2018-07-13,4204,2017-10-04,0634,90269,4,3,5,5,4204,0,0,0,,0,001,BROADWAY,"TAYLOR ST",30.00,S,N,A,-,Y,SB,5,135,-,-,17.270,H,-,N,N,4,0,1,2,A,-,03,22350,,N,C,C,A,A,H,-,A,A,0,,,,,Y,,A,01,0,0,1,0,0,0,0,0,0,"- ","- ",34.974989999999998,-120.43567,"SANTA BARBARA","SANTA MARIA",-120.43551628,34.97481295
8471972,2017,2018-07-13,4204,2017-10-06,1126,90269,56,5,5,5,4204,0,0,0,,0,002,BROADWAY,"PARK AV",80.00,S,N,A,-,Y,SB,5,135,-,-,15.160,H,-,S,Y,4,0,2,2,A,-,03,22350,,N,C,C,A,A,H,-,A,A,0,,,,,Y,,A,07,0,0,2,0,0,0,0,0,0,"- ","- ",34.944499999999998,-120.43576,"SANTA BARBARA","SANTA MARIA",-120.43607215999999,34.944222230000001
8471974,2017,2018-06-01,4202,2017-09-10,1926,11804,LOMPO,7,5,4,4202,0,0,0,,0,,"RT 246","OCEAN AV",188.00,N,N,B,-,Y,SB,5,246,-,-,9.340,I,6,W,Y,4,0,1,2,A,-,09,21804,A,F,D,C,A,A,H,-,B,D,0,,,,,Y,,A,01,0,0,1,0,0,0,0,0,0,"- ","- ",,,"SANTA BARBARA",LOMPOC,-120.46294019,34.639080559999996
8472236,2017,2018-07-13,4203,2017-10-12,1426,7774,,4,5,5,4203,0,0,0,,0,002,"RT 101","MILPAS ST",105.00,E,N,A,-,Y,SB,5,101,-,-,12.859,R,4,S,N,4,0,1,2,A,-,07,21658,A,N,D,C,A,A,H,-,A,A,0,,,,,Y,,-,,0,0,1,0,0,0,0,0,0,SF,"- ",34.418950000000002,-119.67469,"SANTA BARBARA","SANTA BARBARA",-119.67900561,34.420157459999999
8472442,2017,2018-07-13,4204,2017-10-05,2025,90754,43,4,5,5,4204,0,0,0,,0,002,BROADWAY,"MAIN ST",100.00,S,N,A,-,Y,SB,5,135,-,-,15.750,H,-,N,Y,4,0,2,5,A,-,03,22350,,N,C,C,A,A,H,-,C,A,0,,,,,Y,,A,01,0,0,2,0,0,0,0,0,0,"- ","- ",34.953139999999998,-120.43584,"SANTA BARBARA","SANTA MARIA",-120.43580878,34.952758709999998
8472462,2017,2018-06-08,4204,2017-10-06,1335,90139,,5,5,5,4204,0,0,0,,0,,"UNION VALLEY PKWY","CALIFORNIA BL",0.00,,Y,A,-,N,,,,,,,,,,N,4,0,1,2,A,-,09,21802,A,N,D,C,A,A,H,-,A,A,0,,,,,Y,,A,01,0,0,1,0,0,0,0,0,0,"- ","- ",34.879930000000002,-120.44568,"SANTA BARBARA","SANTA MARIA",-120.44567993,34.879840010000002
8472764,2017,2017-11-03,4203,2017-10-10,1820,23136,SBSC,2,5,5,4203,0,0,0,,0,003,"GARDEN ST","HALEY ST",0.00,,N,A,-,N,,,,,,,,,,N,4,0,1,2,A,-,01,23152,,N,C,C,A,A,H,-,C,A,0,,,,,Y,Y,A,01,0,0,1,0,0,0,0,0,0,"- ","- ",34.251779999999997,-119.3955,"SANTA BARBARA","SANTA BARBARA",-119.69211994,34.420009999999998
8474058,2017,2018-06-08,4203,2017-10-17,1227,6700,62,2,5,5,4203,0,0,0,,0,,"MILPAS ST","CACIQUE ST",400.00,N,N,A,-,N,,,,,,,,,,Y,4,0,1,1,A,-,01,23152,A,N,E,I,A,A,H,-,A,D,0,,,,,Y,Y,A,07,0,0,1,0,0,0,0,0,0,"- ","- ",34.420520000000003,-119.67739,"SANTA BARBARA","SANTA BARBARA",-119.67708,34.420290000000001
8474946,2017,2017-11-15,4200,2017-10-25,2027,3993,,3,5,2,4206,0,0,0,,0,WEDNES,"COPENHAGEN DR","5TH ST",70.00,E,N,A,-,N,,,,,,,,,,Y,3,0,1,1,A,-,01,23152,A,N,E,I,A,A,H,-,D,D,0,,,,,Y,Y,A,01,0,1,0,0,0,0,0,0,0,"- ","- ",,,"SANTA BARBARA",SOLVANG,-120.14500756,34.595256560000003
8475211,2017,2017-12-09,4203,2017-10-21,1554,3849,18,6,5,5,4203,0,0,0,,0,006,"SHORELINE DR","SANTA CRUZ BL",0.00,,Y,A,-,N,,,,,,,,,,N,3,0,1,2,A,-,09,21801,A,N,D,G,A,A,H,-,A,A,0,,Y,,,Y,,-,,0,1,0,0,0,0,1,0,0,"- ","- ",34.396599999999999,-119.7139,"SANTA BARBARA","SANTA BARBARA",-119.71396993,34.396700029999998
8475836,2017,2017-12-04,4204,2017-10-31,1507,22557,10,2,5,5,4204,0,0,0,,0,001,"MILLER ST","DONOVAN RD",186.00,S,N,B,-,N,,,,,,,,,,N,4,0,2,2,A,-,08,22100,A,F,B,C,A,A,H,-,A,D,0,,,,,Y,,M,47,0,0,2,0,0,0,0,0,0,"- ","- ",34.967619999999997,-120.43097,"SANTA BARBARA","SANTA MARIA",-120.43121136000001,34.967179350000002
8486172,2017,2018-06-20,4204,2017-10-09,1246,90276,,1,5,5,4204,0,0,0,,0,002,"MAIN ST","COLLEGE DR",307.00,W,N,A,-,Y,SB,5,166,-,-,8.450,H,-,W,Y,4,0,1,2,A,-,09,21804,A,N,D,C,A,A,H,-,A,D,0,,,,,Y,,A,01,0,0,1,0,0,0,0,0,0,"- ","- ",34.952930000000002,-120.42484,"SANTA BARBARA","SANTA MARIA",-120.4257786,34.953189850000001
8486176,2017,2018-07-13,4200,2017-10-22,0913,4311,12,7,5,2,4206,0,0,0,,0,,"MISSION DR","4TH PL",0.00,,Y,A,-,Y,SB,5,246,-,-,29.360,I,5,E,Y,4,0,1,2,A,-,08,22107,,N,B,E,A,A,H,-,A,D,0,,,,,Y,,-,,0,0,1,0,0,0,0,0,0,"- ","- ",,,"SANTA BARBARA",SOLVANG,-120.14307956,34.596055509999999
8486284,2017,2018-07-13,4204,2017-10-20,0819,90753,57,5,5,5,4204,0,0,0,,0,002,BROADWAY,"MORRISON AV",0.00,,Y,A,-,Y,SB,5,135,-,-,15.080,I,5,N,N,4,0,1,2,A,-,03,22350,,N,C,C,A,A,H,-,A,A,0,,,,,Y,,A,08,0,0,1,0,0,0,0,0,0,"- ","- ",34.943089999999998,-120.4358,"SANTA BARBARA","SANTA MARIA",-120.43595740000001,34.943095
8486308,2017,2018-06-25,4204,2017-09-27,1610,90242,16,3,5,5,4204,0,0,0,,0,001,BROADWAY,"SUNSET AV",0.00,,Y,A,-,Y,SB,5,135,-,-,16.540,I,6,N,N,3,0,1,2,A,-,08,22100,A,N,C,C,A,A,H,-,A,D,0,,,,,Y,,A,01,0,1,0,0,0,0,0,0,0,"- ","- ",34.964579999999998,-120.43555000000001,"SANTA BARBARA","SANTA MARIA",-120.43566462,34.964103819999998
8486625,2017,2017-12-06,4204,2017-11-06,1805,90376,48,1,5,5,4204,0,0,0,,0,003,"BRADLEY RD","CYPRESS ST",400.00,S,N,A,-,N,,,,,,,,,,N,4,0,1,2,A,-,05,21202,A,F,H,G,A,A,H,-,C,D,0,,Y,,,Y,,L,04,0,0,1,0,0,0,1,0,0,"- ","- ",34.951099999999997,-120.4182,"SANTA BARBARA","SANTA MARIA",-120.41810624,34.949821419999999
8486644,2017,2018-01-06,4203,2017-10-31,1151,24079,,2,5,5,4203,0,0,0,,0,005,"STATE ST","N LA CUMBRE RD",38.00,E,N,B,-,N,,,,,,,,,,N,4,0,1,2,D,-,00,,,N,D,-,A,A,H,-,A,D,0,,,Y,Y,Y,,-,"- ",0,0,1,0,0,0,0,0,1,"- ","- ",,,"SANTA BARBARA","SANTA BARBARA",-119.75092406,34.4405
8486710,2017,2018-06-19,4204,2017-11-03,2115,90615,3,5,5,5,4204,0,0,0,,0,082,BROADWAY,"MCCOY LN",0.00,,Y,A,-,Y,SB,5,135,-,-,13.260,I,5,S,Y,4,0,1,2,A,-,12,21453,A,N,D,C,A,A,H,-,C,A,0,,,,,Y,,D,22,0,0,1,0,0,0,0,0,0,"- ","- ",34.916670000000003,-120.43615,"SANTA BARBARA","SANTA MARIA",-120.43610162,34.916664820000001
8486714,2017,2018-06-08,4204,2017-10-07,1413,90618,68,6,5,5,4204,0,0,0,,0,003,"MILLER ST","PLAZA DR",200.00,S,N,A,-,N,,,,,,,,,,Y,4,0,1,5,A,-,03,22350,,N,C,C,A,A,H,-,A,A,0,,,,Y,Y,,G,26,0,0,1,0,0,0,0,0,0,"- ","- ",34.937309999999997,-120.43162,"SANTA BARBARA","SANTA MARIA",-120.43160484000001,34.9368008
8486808,2017,2018-02-02,4204,2017-11-06,1406,22113,68,1,5,5,4204,0,0,0,,0,003,"MILLER ST","BATTLES RD",0.00,,Y,A,-,N,,,,,,,,,,Y,2,0,2,3,A,-,12,21453,A,N,A,C,F,A,H,-,A,A,0,Y,,,,Y,,A,01,1,0,1,0,1,0,0,0,0,"- ","- ",34.931330000000003,-120.4319,"SANTA BARBARA","SANTA MARIA",-120.4317799,34.931440070000001
8486820,2017,2017-12-14,4204,2017-11-07,1746,22113,76,2,5,5,4204,0,0,0,,0,003,"BETTERAVIA RD","BRADLEY RD W",15.00,E,N,A,-,N,,,,,,,,,,Y,4,0,1,4,A,-,03,22350,,N,C,C,A,A,H,-,C,A,0,,,,,Y,,A,01,0,0,1,0,0,0,0,0,0,"- ","- ",34.923380000000002,-120.42204,"SANTA BARBARA","SANTA MARIA",-120.42201998,34.923739320000003
8486828,2017,2018-01-17,4203,2017-11-08,2253,23133,,3,5,5,4203,0,0,0,,0,006,"LAS POSITAS RD","MODOC RD",0.00,,Y,A,-,N,,,,,,,,,,Y,3,0,2,1,A,-,"- ",,,N,E,I,A,A,H,-,C,A,0,,,,,Y,Y,-,,0,2,0,0,0,0,0,0,0,"- ","- ",34.253369999999997,-119.44525,"SANTA BARBARA","SANTA BARBARA",-119.73479994,34.426110020000003
8469206,2017,2018-07-13,4204,2017-10-02,1404,90276,27,1,5,5,4204,0,0,0,,0,B01,BROADWAY,"FESLER ST",34.00,N,N,A,-,Y,SB,5,135,-,-,16.010,H,-,S,N,4,0,1,2,A,-,03,22350,,N,C,C,A,A,H,-,A,A,0,,,,,Y,,A,01,0,0,1,0,0,0,0,0,0,"- ","- ",34.956479999999999,-120.43527,"SANTA BARBARA","SANTA MARIA",-120.43589424,34.956509480000001
8469282,2017,2018-06-19,4202,2017-11-18,1202,00080,4202,6,5,4,4202,0,0,0,,0,,"H ST","LAUREL AV",209.00,S,N,A,-,Y,SB,5,1,-,-,20.820,H,-,N,Y,4,0,2,2,A,-,04,21703,,N,C,C,A,A,H,-,A,A,0,,,,,Y,,A,01,0,0,2,0,0,0,0,0,0,"- ","- ",,,"SANTA BARBARA",LOMPOC,-120.45780057,34.643245309999998
8469333,2017,2018-01-09,4203,2017-12-16,1507,3599,,6,5,5,4203,0,0,0,,0,002,"SAN PASCUAL ST","COTA ST",0.00,N,N,B,-,N,,,,,,,,,,Y,3,0,2,3,A,-,09,21804,A,N,D,C,A,A,H,-,A,D,0,,,,,Y,,-,,0,2,0,0,0,0,0,0,0,"- ","- ",34.411790000000003,-119.70416,"SANTA BARBARA","SANTA BARBARA",-119.70349998,34.411450010000003
8469551,2017,2018-07-13,4200,2017-12-21,1613,3077,14,4,5,4,4214,0,0,0,,0,080,"GLENN ANNIE RD","RT 101",0.00,,Y,A,-,Y,SB,5,101,-,-,24.284,R,4,N,N,4,0,1,2,A,-,12,21453,A,N,H,G,A,A,H,-,A,A,0,,Y,,,Y,,L,04,0,0,1,0,0,0,1,0,0,"- ",NF,,,"SANTA BARBARA",GOLETA,-119.86268364999999,34.435966440000001
8469848,2017,2018-06-01,4200,2017-09-15,2157,5065,,5,5,4,4214,0,0,0,,0,060,"FAIRVIEW AV","RT 101",100.00,S,N,A,-,Y,SB,5,101,-,-,22.360,R,4,S,N,3,0,1,2,A,-,08,22107,,N,H,G,A,A,H,-,C,A,0,,Y,,,Y,,A,01,0,1,0,0,0,0,1,0,0,"- ",SO,,,"SANTA BARBARA",GOLETA,-119.82938962,34.43973433
8493354,2017,2018-07-13,4204,2017-10-20,0822,90364,16,5,5,5,4204,0,0,0,,0,B01,BROADWAY,"MCELHANEY AV N",0.00,,Y,B,-,Y,SB,5,135,-,-,16.410,I,5,S,Y,4,0,2,3,A,-,09,21802,A,N,D,C,A,B,H,-,A,A,0,,,,,Y,,A,01,0,0,2,0,0,0,0,0,0,"- ","- ",34.96246,-120.43565,"SANTA BARBARA","SANTA MARIA",-120.43578429999999,34.962351159999997
8493359,2017,2018-06-20,4201,2017-10-31,1505,0299,,2,5,2,4201,0,0,0,,0,,"WEST MAIN ST","OBISPO ST",135.00,E,N,A,-,Y,SB,5,166,-,-,0.210,H,-,W,Y,4,0,1,2,A,-,15,26453,,N,A,C,A,A,H,-,A,A,0,,,,,Y,,-,,0,0,1,0,0,0,0,0,0,"- ","- ",34.572600000000001,-120.349,"SANTA BARBARA",GUADALUPE,-120.57034784,34.957481739999999