CASE_ID,ACCIDENT_YEAR,PROC_DATE,JURIS,COLLISION_DATE,COLLISION_TIME,OFFICER_ID,REPORTING_DISTRICT,DAY_OF_WEEK,CHP_SHIFT,POPULATION,CNTY_CITY_LOC,SPECIAL_COND,BEAT_TYPE,CHP_BEAT_TYPE,CITY_DIVISION_LAPD,CHP_BEAT_CLASS,BEAT_NUMBER,PRIMARY_RD,SECONDARY_RD,DISTANCE,DIRECTION,INTERSECTION,WEATHER_1,WEATHER_2,STATE_HWY_IND,CALTRANS_COUNTY,CALTRANS_DISTRICT,STATE_ROUTE,ROUTE_SUFFIX,POSTMILE_PREFIX,POSTMILE,LOCATION_TYPE,RAMP_INTERSECTION,SIDE_OF_HWY,TOW_AWAY,COLLISION_SEVERITY,NUMBER_KILLED,NUMBER_INJURED,PARTY_COUNT,PRIMARY_COLL_FACTOR,PCF_CODE_OF_VIOL,PCF_VIOL_CATEGORY,PCF_VIOLATION,PCF_VIOL_SUBSECTION,HIT_AND_RUN,TYPE_OF_COLLISION,MVIW,PED_ACTION,ROAD_SURFACE,ROAD_COND_1,ROAD_COND_2,LIGHTING,CONTROL_DEVICE,CHP_ROAD_TYPE,PEDESTRIAN_ACCIDENT,BICYCLE_ACCIDENT,MOTORCYCLE_ACCIDENT,TRUCK_ACCIDENT,NOT_PRIVATE_PROPERTY,ALCOHOL_INVOLVED,STWD_VEHTYPE_AT_FAULT,CHP_VEHTYPE_AT_FAULT,COUNT_SEVERE_INJ,COUNT_VISIBLE_INJ,COUNT_COMPLAINT_PAIN,COUNT_PED_KILLED,COUNT_PED_INJURED,COUNT_BICYCLIST_KILLED,COUNT_BICYCLIST_INJURED,COUNT_MC_KILLED,COUNT_MC_INJURED,PRIMARY_RAMP,SECONDARY_RAMP,LATITUDE,LONGITUDE,COUNTY,CITY,POINT_X,POINT_Y
8494150,2017,2017-11-21,4204,2017-11-13,1712,90619,,1,5,5,4204,0,0,0,,0,003,"BATTLES RD","BLOSSER RD",0.00,,Y,A,-,N,,,,,,,,,,Y,4,0,1,2,A,-,12,21453,A,N,D,C,A,A,H,-,B,A,0,,,,,Y,,A,01,0,0,1,0,0,0,0,0,0,"- ","- ",34.931660000000001,-120.45347,"SANTA BARBARA","SANTA MARIA",-120.45396992000001,34.931590040000003
8494422,2017,2018-07-13,4202,2017-10-19,2029,273,,4,5,4,4202,0,0,0,,0,4202,"12TH ST","RT 246",48.00,N,N,A,-,Y,SB,5,1,-,-,19.251,I,6,N,Y,4,0,1,1,A,-,03,22350,,N,E,I,A,A,H,-,C,A,0,,,,,Y,,A,01,0,0,1,0,0,0,0,0,0,"- ","- ",,,"SANTA BARBARA",LOMPOC,-120.43595098,34.641251480000001
8495361,2017,2017-12-07,4204,2017-11-15,1100,90357,,3,5,5,4204,0,0,0,,0,,"MILLER ST","PLAZA DR",0.00,,Y,A,-,N,,,,,,,,,,N,4,0,1,2,A,-,08,22107,,N,D,C,A,A,H,-,A,D,0,,,,,Y,,A,01,0,0,1,0,0,0,0,0,0,"- ","- ",34.937309999999997,-120.43162,"SANTA BARBARA","SANTA MARIA",-120.43158988,34.937350080000002
8495772,2017,2017-12-06,4203,2017-11-13,1804,3510,,1,5,5,4203,0,0,0,,0,003,"GUTIERREZ ST","STATE ST",19.00,E,N,-,-,N,,,,,,,,,,N,4,0,1,2,A,-,03,22350,,N,C,C,A,A,H,-,C,A,0,,,,,Y,,-,,0,0,1,0,0,0,0,0,0,"- ","- ",34.245699999999999,-119.41370000000001,"SANTA BARBARA","SANTA BARBARA",-119.69422,34.415869999999998
8476041,2017,2017-10-26,4200,2017-10-10,1317,3683,14,2,5,4,4214,0,0,0,,0,050,"N FAIRVIEW AV","RT 101",253.00,S,N,A,-,N,,,,,,,,,,Y,3,0,1,2,A,-,08,22107,,N,D,C,A,A,H,-,A,D,0,,,,,Y,,A,07,0,1,0,0,0,0,0,0,0,"- ","- ",,,"SANTA BARBARA",GOLETA,-119.83269931,34.439171819999999
8476561,2017,2017-10-31,4203,2017-10-10,0826,4937,,2,5,5,4203,0,0,0,,0,001,"MILPAS ST","YANONALI ST",24.00,S,N,A,-,N,,,,,,,,,,N,4,0,1,2,A,-,03,22350,,N,C,C,A,A,H,-,A,D,0,,,,,Y,,A,01,0,0,1,0,0,0,0,0,0,"- ","- ",34.423400000000001,-119.68129999999999,"SANTA BARBARA","SANTA BARBARA",-119.68141848,34.423438249999997
8476573,2017,2017-10-27,4203,2017-10-13,1235,0673,60,5,5,5,4203,0,0,0,,0,001,"MONTECITO ST","QUARANTINA ST",0.00,,Y,A,-,N,,,,,,,,,,N,3,0,1,2,D,-,00,,,F,B,G,A,A,H,-,A,D,0,,Y,,,Y,,-,"- ",0,1,0,0,0,0,1,0,0,"- ","- ",34.2532,-119.4247,"SANTA BARBARA","SANTA BARBARA",-119.68502997,34.422340050000003
8477012,2017,2017-11-08,4203,2017-10-18,1857,0673,35,3,5,5,4203,0,0,0,,0,004,"STATE ST","MISSION ST",27.00,S,N,A,-,N,,,,,,,,,,Y,4,0,1,2,D,-,00,,,F,C,C,A,A,H,-,C,D,0,,,,,Y,,-,"- ",0,0,1,0,0,0,0,0,0,"- ","- ",34.253149999999998,-119.42252999999999,"SANTA BARBARA","SANTA BARBARA",-119.71464100999999,34.430782800000003
8477016,2017,2017-12-19,4203,2017-10-15,1812,4937,,7,5,5,4203,0,0,0,,0,005,"STATE ST","HITCHCOCK WY",0.00,,Y,A,-,N,,,,,,,,,,Y,4,0,1,2,A,-,12,21453,A,N,D,C,A,A,H,-,A,A,0,,,,,Y,,D,22,0,0,1,0,0,0,0,0,0,"- ","- ",34.262500000000003,-119.444,"SANTA BARBARA","SANTA BARBARA",-119.74444991,34.440480049999998
8477019,2017,2017-11-03,4200,2017-09-30,1354,3083,14,6,5,4,4214,0,0,0,,0,080,"HOLLISTER AV","ENTRANCE RD",98.00,W,N,A,-,N,,,,,,,,,,N,4,0,2,2,A,-,01,23152,A,M,C,C,A,A,D,-,A,A,0,,,,,Y,Y,A,07,0,0,2,0,0,0,0,0,0,"- ","- ",,,"SANTA BARBARA",GOLETA,-119.88645467000001,34.429853090000002
8477312,2017,2017-10-24,4203,2017-10-13,2120,23515,,5,5,5,4203,0,0,0,,0,006,"SAN RAFAEL AV","CLIFF DR",450.00,S,N,A,-,N,,,,,,,,,,N,3,0,1,2,A,-,08,22107,,N,B,E,A,A,H,-,D,D,0,,,,,Y,,A,01,0,1,0,0,0,0,0,0,0,"- ","- ",34.400680000000001,-119.71147999999999,"SANTA BARBARA","SANTA BARBARA",-119.71117898,34.40083894
8477316,2017,2017-10-24,4203,2017-10-12,1324,24079,,4,5,5,4203,0,0,0,,0,004,"BATH ST","JESMARY LN",0.00,,Y,A,-,N,,,,,,,,,,Y,3,0,1,2,A,-,09,21804,A,N,D,C,A,A,H,-,A,D,0,,,Y,,Y,,C,02,0,1,0,0,0,0,0,0,1,"- ","- ",34.2545,-119.4312,"SANTA BARBARA","SANTA BARBARA",-119.72097993,34.429820059999997
8477320,2017,2017-10-24,4203,2017-10-13,1206,3599,,5,5,5,4203,0,0,0,,0,004,"CASTILLO ST","W ARRELLAGA ST",15.00,N,N,A,-,N,,,,,,,,,,Y,4,0,3,3,C,-,18,,,N,C,C,A,A,H,-,A,D,0,,,,,Y,,-,"- ",0,0,3,0,0,0,0,0,0,"- ","- ",34.422930000000001,-119.71418,"SANTA BARBARA","SANTA BARBARA",-119.71408692999999,34.422927559999998
8477324,2017,2017-10-24,4203,2017-10-13,1358,22857,,5,5,5,4203,0,0,0,,0,003,"STATE ST","W PADRE ST",0.00,,Y,A,-,N,,,,,,,,,,Y,3,0,1,1,A,-,03,22350,,N,H,-,A,A,H,-,A,B,0,,,,,Y,,-,,0,1,0,0,0,0,0,0,0,"- ","- ",34.431739999999998,-119.71596,"SANTA BARBARA","SANTA BARBARA",-119.71602996,34.431770010000001
8477645,2017,2017-10-31,4203,2017-10-15,1212,6983,,7,5,5,4203,0,0,0,,0,003,"SANTA BARBARA ST","FIGUEROA ST",0.00,,Y,A,-,N,,,,,,,,,,Y,3,0,1,2,A,-,08,22100,B,F,B,C,A,A,H,-,A,A,0,,,,,Y,,-,,0,1,0,0,0,0,0,0,0,"- ","- ",34.252800000000001,-119.42400000000001,"SANTA BARBARA","SANTA BARBARA",-119.70093988000001,34.424590000000002
8477649,2017,2017-10-31,4203,2017-10-09,1909,23133,,1,5,5,4203,0,0,0,,0,004,"DE LA VINA ST","MISSION ST",0.00,,Y,A,-,N,,,,,,,,,,Y,4,0,1,2,A,-,12,21453,A,N,D,C,A,A,H,-,B,A,0,,,,,Y,Y,-,,0,0,1,0,0,0,0,0,0,"- ","- ",34.4283,-119.71693,"SANTA BARBARA","SANTA BARBARA",-119.71695988,34.428730020000003
8477653,2017,2017-10-31,4203,2017-10-17,0800,23765,4203,2,5,5,4203,0,0,0,,0,006,"MICHELTORENA ST","CHINO ST",50.00,W,N,A,-,N,,,,,,,,,,Y,4,0,1,3,A,-,21,22106,,N,D,C,A,A,H,-,A,D,0,,,,,Y,,-,,0,0,1,0,0,0,0,0,0,"- ","- ",34.252600000000001,-119.43340000000001,"SANTA BARBARA","SANTA BARBARA",-119.71734297,34.41763959
8477657,2017,2017-10-31,4203,2017-10-08,1401,22859,,7,5,5,4203,0,0,0,,0,003,"LOS OLIVOS ST","LAGUNA ST",0.00,,Y,A,-,N,,,,,,,,,,Y,3,0,3,2,A,-,09,21800,A,N,D,C,A,A,H,-,A,A,0,,,,,Y,,-,,0,3,0,0,0,0,0,0,0,"- ","- ",34.444000000000003,-119.70999999999999,"SANTA BARBARA","SANTA BARBARA",-119.71259986,34.437260039999998
8477677,2017,2017-10-31,4200,2017-10-04,1719,4983,,3,5,3,4205,0,0,0,,0,030,"CASITAS PASS RD","CAMEO RD",108.00,S,N,A,-,N,,,,,,,,,,Y,3,0,1,1,A,-,07,21658,A,N,F,J,A,A,D,E,A,D,0,,,,,Y,,A,01,0,1,0,0,0,0,0,0,0,"- ","- ",,,"SANTA BARBARA",CARPINTERIA,-119.51003396999999,34.397547969999998
8478673,2017,2017-11-14,4204,2017-09-30,2323,21338,089,6,5,5,4204,0,0,0,,0,003,"COLLEGE DR","BRADLEY RD S",250.00,S,N,A,-,N,,,,,,,,,,Y,2,0,1,1,A,-,01,23152,A,N,E,I,A,A,H,-,C,D,0,,,,,Y,Y,A,01,1,0,0,0,0,0,0,0,0,"- ","- ",34.911369999999998,-120.42401,"SANTA BARBARA","SANTA MARIA",-120.42386084,34.910704180000003
8478948,2017,2017-11-08,4204,2017-08-10,1144,21338,021,4,5,5,4204,0,0,0,,0,001,"ALVIN AV","STOKES  AV",0.00,,Y,A,-,N,,,,,,,,,,N,3,0,1,2,A,-,05,21202,A,N,D,C,A,A,H,-,A,A,0,,Y,,,Y,,L,04,0,1,0,0,0,0,1,0,0,"- ","- ",34.960340000000002,-120.41531999999999,"SANTA BARBARA","SANTA MARIA",-120.41550999,34.960260069999997
8478983,2017,2017-10-31,4200,2017-10-12,0701,3683,14,4,5,4,4214,0,0,0,,0,060,"FAIRVIEW AV","HOLLISTER AV",0.00,,Y,B,-,N,,,,,,,,,,Y,3,0,3,3,A,-,12,21453,A,N,D,C,A,A,H,-,A,A,0,,,,,Y,,A,07,0,2,1,0,0,0,0,0,0,"- ","- ",,,"SANTA BARBARA",GOLETA,-119.83064996,34.436110079999999
8478985,2017,2017-11-06,4203,2017-10-18,1922,24078,36,3,5,5,4203,0,0,0,,0,006,"SAN ANDRES ST","MICHELTORENA ST",45.00,N,N,A,-,N,,,,,,,,,,N,3,0,1,2,D,-,00,,,N,F,J,A,A,H,-,C,A,0,,,Y,,Y,,-,"- ",0,1,0,0,0,0,0,0,1,"- ","- ",34.418860000000002,-119.71631000000001,"SANTA BARBARA","SANTA BARBARA",-119.71629131,34.4188622
8478989,2017,2017-11-06,4203,2017-10-19,2111,24078,48,4,5,5,4203,0,0,0,,0,003,"LAGUNA ST","MONTGOMERY ST",93.00,S,N,A,-,N,,,,,,,,,,Y,4,0,1,1,A,-,01,23152,A,N,F,E,A,A,H,-,D,D,0,,,,,Y,Y,A,01,0,0,1,0,0,0,0,0,0,"- ","- ",34.434719999999999,-119.7094,"SANTA BARBARA","SANTA BARBARA",-119.70949534,34.43493556
8479115,2017,2017-10-31,4200,2017-09-29,1142,3077,14,5,5,4,4214,0,0,0,,0,050,"FAIRVIEW AV","ENCINA RD",147.00,N,N,A,-,N,,,,,,,,,,Y,4,0,1,2,A,-,03,22350,,N,C,C,A,A,H,-,A,D,0,,,,,Y,,A,01,0,0,1,0,0,0,0,0,0,"- ","- ",,,"SANTA BARBARA",GOLETA,-119.83068,34.443473650000001
8479119,2017,2017-10-31,4200,2017-09-24,0220,4512,14,7,5,4,4214,0,0,0,,0,050,"CALLE REAL","KINGSTON AV",835.00,W,N,A,-,N,,,,,,,,,,Y,4,0,1,1,A,-,01,23152,A,N,E,I,A,A,H,-,C,A,0,,,,,Y,Y,A,01,0,0,1,0,0,0,0,0,0,"- ","- ",,,"SANTA BARBARA",GOLETA,-119.82445207000001,34.441266499999998
8495776,2017,2017-12-06,4203,2017-11-13,1735,6693,46,1,5,5,4203,0,0,0,,0,001,"E SOLA ST","OLIVE ST",0.00,,Y,A,-,N,,,,,,,,,,N,4,0,1,2,D,-,00,,,N,D,C,A,A,H,-,C,A,0,,,Y,,Y,Y,-,"- ",0,0,1,0,0,0,0,0,1,"- ","- ",34.430500000000002,-119.7013,"SANTA BARBARA","SANTA BARBARA",-119.70132998,34.430550060000002
8495780,2017,2017-12-06,4203,2017-11-12,1830,1436,,7,5,5,4203,0,0,0,,0,004,"CHAPALA ST","ARRELLAGA ST",0.00,,Y,A,-,N,,,,,,,,,,N,3,0,1,2,D,-,00,,,F,D,D,A,A,H,-,C,A,0,,,,,Y,,-,"- ",0,1,0,0,0,0,0,0,0,"- ","- ",34.253399999999999,-119.42386999999999,"SANTA BARBARA","SANTA BARBARA",-119.71067987000001,34.426040030000003
8495784,2017,2018-06-19,4203,2017-11-14,1730,1584,4,2,5,5,4203,0,0,0,,0,004,"CARRILLO ST","RT 101",0.00,,Y,A,-,Y,SB,5,101,-,R,14.630,R,4,N,Y,4,0,1,2,A,-,01,23152,A,N,D,C,A,A,H,-,C,A,0,,,,,Y,Y,-,,0,0,1,0,0,0,0,0,0,"- ","- ",34.24597,-119.42251,"SANTA BARBARA","SANTA BARBARA",-119.70585512,34.415368600000001
8496214,2017,2018-01-06,4204,2017-11-06,1505,90276,61,1,5,5,4204,0,0,0,,0,B02,"MORRISON AV","SMITH ST",268.00,E,N,A,-,N,,,,,,,,,,Y,2,0,1,2,A,-,09,21804,A,N,D,C,A,A,H,-,A,A,0,,,,,Y,,A,01,1,0,0,0,0,0,0,0,0,"- ","- ",34.943330000000003,-120.44246,"SANTA BARBARA","SANTA MARIA",-120.44175633,34.943181289999998
8496222,2017,2017-12-07,4204,2017-11-14,0746,21338,037,2,5,5,4204,0,0,0,,0,002,"MAIN ST","CONCORD AV",98.00,E,N,A,-,N,,,,,,,,,,N,4,0,2,4,A,-,03,22350,,N,C,C,A,A,H,-,A,A,0,,,,Y,Y,,F,26,0,0,2,0,0,0,0,0,0,"- ","- ",34.95299,-120.4139,"SANTA BARBARA","SANTA MARIA",-120.41357307,34.9529
8496230,2017,2017-12-07,4204,2017-11-15,0503,90620,80,3,5,5,4204,0,0,0,,0,003,"BLOSSER RD","BETTERAVIA RD",0.00,,Y,A,-,N,,,,,,,,,,Y,4,0,3,3,A,-,12,21453,A,N,D,C,A,A,H,-,C,A,0,,,,,Y,,D,22,0,0,3,0,0,0,0,0,0,"- ","- ",34.92069,-120.45393,"SANTA BARBARA","SANTA MARIA",-120.45408988,34.920630109999998
8496238,2017,2017-12-07,4204,2017-11-18,0923,2328,4,6,5,5,4204,0,0,0,,0,001,"TAYLOR ST","RAILROAD AV",0.00,,Y,D,-,N,,,,,,,,,,Y,4,0,1,2,A,-,09,21802,A,N,D,C,A,A,H,-,A,A,0,,,,,Y,,A,01,0,0,1,0,0,0,0,0,0,"- ","- ",34.97484,-120.44459000000001,"SANTA BARBARA","SANTA MARIA",-120.44437988999999,34.975050060000001
8496248,2017,2017-12-07,4204,2017-11-13,1744,90376,59,1,5,5,4204,0,0,0,,0,002,"SIERRA MADRE AV","BRADLEY RD",0.00,,Y,A,-,N,,,,,,,,,,N,3,0,1,2,A,-,10,21950,A,N,G,B,B,A,H,-,C,D,0,Y,,,,Y,,A,01,0,1,0,0,1,0,0,0,0,"- ","- ",34.939979999999998,-120.41833,"SANTA BARBARA","SANTA MARIA",-120.41835995,34.940020050000001
8496252,2017,2017-12-07,4204,2017-11-17,1900,90272,51,5,5,5,4204,0,0,0,,0,002,"MAIN ST","MARY DR",0.00,,Y,A,-,N,,,166,,,,,,,Y,4,0,1,2,A,-,08,22107,,N,D,C,A,A,H,-,C,D,0,,,,,Y,,A,01,0,0,1,0,0,0,0,0,0,"- ","- ",34.953110000000002,-120.44837,"SANTA BARBARA","SANTA MARIA",-120.44837008,34.953199619999999
8496923,2017,2017-12-16,4201,2017-11-07,1730,6558,,2,5,2,4201,0,0,0,,0,051,"WEST MAIN ST","PACIFIC DUNES WY",0.00,,Y,A,-,N,,,,,,,,,,N,3,0,2,2,A,-,09,21802,A,N,B,C,A,A,H,-,C,D,0,,,,,Y,,A,07,0,2,0,0,0,0,0,0,0,"- ","- ",,,"SANTA BARBARA",GUADALUPE,-120.5852999,34.957630020000003
8498164,2017,2017-12-11,4203,2017-11-13,1816,6983,,1,5,5,4203,0,0,0,,0,004,"DE LA VINA ST","DE LA GUERRA ST",0.00,,Y,A,-,N,,,,,,,,,,N,3,0,1,2,A,-,09,21802,A,N,D,G,A,A,H,-,A,A,0,,Y,,,Y,,-,,0,1,0,0,0,0,1,0,0,"- ","- ",34.250279999999997,-119.42055999999999,"SANTA BARBARA","SANTA BARBARA",-119.70158988,34.417480089999998
8486856,2017,2017-12-14,4204,2017-11-05,2055,90614,59,7,5,5,4204,0,0,0,,0,003,"BRADLEY RD","STOWELL RD",250.00,S,N,A,-,N,,,,,,,,,,Y,4,0,2,2,A,-,01,23152,,N,A,C,A,A,H,-,C,B,0,,,,,Y,Y,A,01,0,0,2,0,0,0,0,0,0,"- ","- ",34.938299999999998,-120.19445,"SANTA BARBARA","SANTA MARIA",-120.41938881,34.93765381
8486864,2017,2017-12-14,4204,2017-11-01,1435,22113,65,3,5,5,4204,0,0,0,,0,003,"BLOSSER RD","BATTLES RD",410.00,S,N,A,-,N,,,,,,,,,,Y,4,0,1,3,A,-,03,22350,,F,C,C,A,A,H,-,A,A,0,,,,,Y,,A,01,0,0,1,0,0,0,0,0,0,"- ","- ",34.931660000000001,-120.45347,"SANTA BARBARA","SANTA MARIA",-120.45398129,34.930463889999999
8488175,2017,2017-11-20,4204,2017-11-03,1126,90269,36,5,5,5,4204,0,0,0,,0,002,"CHAPEL ST","COLLEGE DR",250.00,E,N,A,-,N,,,,,,,,,,Y,4,0,2,3,A,-,09,21804,A,N,D,C,A,A,H,-,A,D,0,,,,,Y,,A,01,0,0,2,0,0,0,0,0,0,"- ","- ",34.954099999999997,-120.42476000000001,"SANTA BARBARA","SANTA MARIA",-120.42397597999999,34.954259999999998
8488950,2017,2018-06-19,4204,2017-11-10,1004,90342,33,5,5,5,4204,0,0,0,,0,002,BROADWAY,"MAIN ST",152.00,N,N,A,-,Y,SB,5,135,-,-,15.800,H,-,S,N,3,0,1,2,D,-,00,,,F,H,G,A,A,H,-,A,D,0,,Y,,,Y,,-,"- ",0,1,0,0,0,0,1,0,0,"- ","- ",34.953139999999998,-120.43586000000001,"SANTA BARBARA","SANTA MARIA",-120.43595381,34.953483509999998
8488958,2017,2018-06-19,4204,2017-11-10,1955,90614,32,5,5,5,4204,0,0,0,,0,002,"BLOSSER RD","MAIN ST",0.00,,Y,A,-,Y,SB,5,166,-,-,6.870,I,5,E,Y,4,0,4,2,A,-,12,21453,A,N,D,C,A,A,H,-,C,A,0,,,,Y,Y,,F,77,0,0,4,0,0,0,0,0,0,"- ","- ",34.953209999999999,-120.45367,"SANTA BARBARA","SANTA MARIA",-120.45388143,34.953258329999997
8489074,2017,2017-12-06,4204,2017-10-31,0728,90276,28,2,5,5,4204,0,0,0,,0,B01,"SCHOOL ST","ALVIN AV",5.00,S,N,B,-,N,,,,,,,,,,N,4,0,1,2,A,-,10,21950,A,N,G,B,B,A,H,-,A,A,0,Y,,,,Y,,A,01,0,0,1,0,1,0,0,0,0,"- ","- ",34.960349999999998,-120.43002,"SANTA BARBARA","SANTA MARIA",-120.43000000000001,34.960426269999999
8489124,2017,2017-12-04,4203,2017-10-31,0850,6700,36,2,5,5,4203,0,0,0,,0,005,"BATH ST","PUEBLO ST",0.00,,Y,B,-,N,,,,,,,,,,N,4,0,1,2,A,-,10,21950,A,N,G,B,B,A,H,-,A,A,0,Y,,,,Y,,A,07,0,0,1,0,1,0,0,0,0,"- ","- ",34.430540000000001,-119.72207,"SANTA BARBARA","SANTA BARBARA",-119.72195992,34.430530099999999
8489493,2017,2018-06-13,4200,2017-11-03,1113,3934,11,5,5,2,4212,0,0,0,,0,,"RT 246","RT 101",157.00,W,N,A,-,N,,,,,,,,,,Y,2,0,1,2,A,-,08,22107,,N,A,C,A,A,H,-,A,A,0,,,,,Y,,A,08,1,0,0,0,0,0,0,0,0,"- ",SF,,,"SANTA BARBARA",BUELLTON,-120.19072542000001,34.612287209999998
8489505,2017,2018-06-19,4204,2017-11-04,1751,90619,43,6,5,5,4204,0,0,0,,0,002,BROADWAY,"COOK ST",45.00,N,N,A,-,Y,SB,5,135,-,-,15.560,H,-,S,N,4,0,1,2,A,-,01,23152,A,F,C,C,A,A,H,-,A,A,0,,,,,Y,Y,A,07,0,0,1,0,0,0,0,0,0,"- ","- ",34.9499,-120.43597,"SANTA BARBARA","SANTA MARIA",-120.43598796000001,34.94999146
8489963,2017,2018-01-03,4204,2017-10-25,1526,90269,75,3,5,5,4204,0,0,0,,0,003,"NEWLOVE DR","MCCLELLAND ST",0.00,,Y,A,-,N,,,,,,,,,,Y,2,0,3,2,A,-,09,21802,A,N,D,C,A,A,H,-,A,A,0,,,,,Y,,A,07,1,0,2,0,0,0,0,0,0,"- ","- ",34.929850000000002,-120.43512,"SANTA BARBARA","SANTA MARIA",-120.43491996,34.92986002
8490122,2017,2017-11-17,4203,2017-10-23,0730,6700,65,1,5,5,4203,0,0,0,,0,001,"COTA ST","ALISOS ST",0.00,,Y,A,-,N,,,,,,,,,,N,3,0,1,2,D,-,00,,,N,H,G,A,A,H,-,A,A,0,,Y,,,Y,,-,"- ",0,1,0,0,0,0,1,0,0,"- ","- ",34.428370000000001,-119.68548,"SANTA BARBARA","SANTA BARBARA",-119.68547992000001,34.428340009999999
8498168,2017,2017-12-11,4203,2017-11-22,1639,3849,,3,5,5,4203,0,0,0,,0,006,"LAS POSITAS RD","CLIFF DR",0.00,,Y,A,-,N,,,225,,,,,,,N,3,0,1,2,D,-,00,,,F,C,G,A,A,H,-,A,A,0,,Y,,,Y,,-,"- ",0,1,0,0,0,0,1,0,0,"- ","- ",34.405200000000001,-119.739,"SANTA BARBARA","SANTA BARBARA",-119.73900353000001,34.405108800000001
8498176,2017,2017-12-11,4203,2017-11-22,1717,3626,,3,5,5,4203,0,0,0,,0,001,"MILPAS ST","GUTIERREZ ST",0.00,,Y,A,-,N,,,,,,,,,,N,3,0,1,2,A,-,10,21950,A,N,G,B,B,A,H,-,C,A,0,Y,,,,Y,,-,,0,1,0,0,1,0,0,0,0,"- ","- ",34.4253,-119.684,"SANTA BARBARA","SANTA BARBARA",-119.68405991,34.425390020000002
8498239,2017,2017-12-11,4203,2017-11-23,0227,24081,4203,4,5,5,4203,0,0,0,,0,00A,"STATE ST","COTA ST",34.00,N,N,A,-,N,,,,,,,,,,Y,4,0,1,2,A,-,01,23152,,N,C,C,A,A,H,-,C,A,0,,,,,Y,,-,,0,0,1,0,0,0,0,0,0,"- ","- ",34.417900000000003,-119.6969,"SANTA BARBARA","SANTA BARBARA",-119.69687467,34.417791579999999
8498511,2017,2017-12-07,4204,2017-11-13,1521,22113,89,1,5,5,4204,0,0,0,,0,003,"MILLER ST","SAN YSIDRO ST",250.00,N,N,A,-,N,,,,,,,,,,Y,3,0,1,2,A,-,03,22350,,N,C,C,A,A,H,-,A,A,0,,,,,Y,,A,01,0,1,0,0,0,0,0,0,0,"- ","- ",34.912750000000003,-120.43187,"SANTA BARBARA","SANTA MARIA",-120.43156163,34.913476639999999
8498515,2017,2017-12-07,4204,2017-11-13,1240,22113,60,1,5,5,4204,0,0,0,,0,003,"RAILROAD AV","PERSHING ST",20.00,S,N,A,-,N,,,,,,,,,,N,4,0,1,2,A,-,11,21954,A,N,G,B,D,A,H,-,A,D,0,Y,,,,Y,,N,60,0,0,1,0,1,0,0,0,0,"- ","- ",34.941189999999999,-120.44540000000001,"SANTA BARBARA","SANTA MARIA",-120.4455353,34.940925200000002
8498711,2017,2017-12-14,4203,2017-11-14,1233,6700,18,2,5,5,4203,0,0,0,,0,006,"CLIFF DR","LIGHTHOUSE RD",0.00,,Y,A,-,N,,,225,,,,,,,Y,3,0,1,2,A,-,09,21802,A,N,D,C,A,A,H,-,A,A,0,,,Y,,Y,,D,22,0,1,0,0,0,0,0,0,1,"- ","- ",34.401319999999998,-119.72102,"SANTA BARBARA","SANTA BARBARA",-119.72101939,34.401322899999997
8498715,2017,2017-12-18,4203,2017-11-15,0809,6700,11,3,5,5,4203,0,0,0,,0,002,"MILPAS ST","INDIO MUERTO",125.00,N,N,B,-,N,,,,,,,,,,N,3,0,1,2,A,-,09,21801,A,N,H,G,A,A,H,-,A,D,0,,Y,,,Y,,D,22,0,1,0,0,0,0,1,0,0,"- ","- ",34.419029999999999,-119.67522,"SANTA BARBARA","SANTA BARBARA",-119.67542967999999,34.419077880000003
8499629,2017,2017-12-06,4204,2017-11-14,0800,90081,26,2,5,5,4204,0,0,0,,0,002,"FESLER ST","THORNBURG ST",80.00,E,N,A,-,N,,,,,,,,,,N,4,0,1,2,A,-,21,22106,,N,B,C,A,A,H,-,A,A,0,,,,,Y,,A,01,0,0,1,0,0,0,0,0,0,"- ","- ",34.956600000000002,-120.44023,"SANTA BARBARA","SANTA MARIA",-120.44004314,34.956506400000002
8499637,2017,2018-02-16,4204,2017-11-09,0548,19101,35,4,5,5,4204,0,0,0,,0,002,"MILLER ST","CHAPEL ST",37.00,N,N,A,-,N,,,,,,,,,,Y,1,1,0,1,A,-,08,22107,,N,E,I,A,A,H,-,B,D,0,,,,,Y,,D,22,0,0,0,0,0,0,0,0,0,"- ","- ",34.954230000000003,-120.43143000000001,"SANTA BARBARA","SANTA MARIA",-120.43146624000001,34.95437158
8499641,2017,2018-02-02,4204,2017-10-22,1505,90374,17,7,5,5,4204,0,0,0,,0,001,"ALVIN AV","BETH CT",0.00,,Y,A,-,N,,,,,,,,,,N,4,0,1,3,A,-,08,22100,B,N,B,C,A,A,H,-,A,D,0,,,,,Y,,D,22,0,0,1,0,0,0,0,0,0,"- ","- ",34.960299999999997,-120.42753,"SANTA BARBARA","SANTA MARIA",-120.42759991,34.96042001
8500357,2017,2017-12-05,4204,2017-10-25,1919,90268,3,3,5,5,4204,0,0,0,,0,082,"BETTERAVIA RD","MILLER ST",0.00,,Y,A,-,N,,,,,,,,,,N,4,0,2,2,A,-,03,22350,,N,C,C,A,A,H,-,A,A,0,,,,,Y,,A,01,0,0,2,0,0,0,0,0,0,"- ","- ",34.922350000000002,-120.43127,"SANTA BARBARA","SANTA MARIA",-120.43128989,34.922600070000001