CASE_ID,ACCIDENT_YEAR,PROC_DATE,JURIS,COLLISION_DATE,COLLISION_TIME,OFFICER_ID,REPORTING_DISTRICT,DAY_OF_WEEK,CHP_SHIFT,POPULATION,CNTY_CITY_LOC,SPECIAL_COND,BEAT_TYPE,CHP_BEAT_TYPE,CITY_DIVISION_LAPD,CHP_BEAT_CLASS,BEAT_NUMBER,PRIMARY_RD,SECONDARY_RD,DISTANCE,DIRECTION,INTERSECTION,WEATHER_1,WEATHER_2,STATE_HWY_IND,CALTRANS_COUNTY,CALTRANS_DISTRICT,STATE_ROUTE,ROUTE_SUFFIX,POSTMILE_PREFIX,POSTMILE,LOCATION_TYPE,RAMP_INTERSECTION,SIDE_OF_HWY,TOW_AWAY,COLLISION_SEVERITY,NUMBER_KILLED,NUMBER_INJURED,PARTY_COUNT,PRIMARY_COLL_FACTOR,PCF_CODE_OF_VIOL,PCF_VIOL_CATEGORY,PCF_VIOLATION,PCF_VIOL_SUBSECTION,HIT_AND_RUN,TYPE_OF_COLLISION,MVIW,PED_ACTION,ROAD_SURFACE,ROAD_COND_1,ROAD_COND_2,LIGHTING,CONTROL_DEVICE,CHP_ROAD_TYPE,PEDESTRIAN_ACCIDENT,BICYCLE_ACCIDENT,MOTORCYCLE_ACCIDENT,TRUCK_ACCIDENT,NOT_PRIVATE_PROPERTY,ALCOHOL_INVOLVED,STWD_VEHTYPE_AT_FAULT,CHP_VEHTYPE_AT_FAULT,COUNT_SEVERE_INJ,COUNT_VISIBLE_INJ,COUNT_COMPLAINT_PAIN,COUNT_PED_KILLED,COUNT_PED_INJURED,COUNT_BICYCLIST_KILLED,COUNT_BICYCLIST_INJURED,COUNT_MC_KILLED,COUNT_MC_INJURED,PRIMARY_RAMP,SECONDARY_RAMP,LATITUDE,LONGITUDE,COUNTY,CITY,POINT_X,POINT_Y
8479396,2017,2017-11-13,4202,2017-10-18,1643,238,,3,5,4,4202,0,0,0,,0,,"A ST","E CHESTNUT AV",57.00,S,N,B,-,N,,,,,,,,,,Y,4,0,1,3,A,-,08,22107,,N,C,E,A,A,H,-,A,D,0,,,,,Y,,A,07,0,0,1,0,0,0,0,0,0,"- ","- ",,,"SANTA BARBARA",LOMPOC,-120.44898000000001,34.641993429999999
8479400,2017,2017-11-09,4202,2017-10-06,1251,277,4202,5,5,4,4202,0,0,0,,0,,"4TH ST","COLLEGE AV",158.00,N,N,A,-,N,,,,,,,,,,N,4,0,1,2,A,-,11,21950,B,N,G,B,E,A,A,-,A,D,0,Y,,,Y,Y,,N,60,0,0,1,0,1,0,0,0,0,"- ","- ",,,"SANTA BARBARA",LOMPOC,-120.44384647,34.647333779999997
8479481,2017,2017-11-17,4200,2017-10-15,1331,4912,,7,5,2,4206,0,0,0,,0,,"ATTERDAG RD","ELM ST",0.00,,Y,A,-,N,,,,,,,,,,Y,4,0,1,2,A,-,09,21802,A,N,D,C,A,A,H,-,A,A,0,,,,,Y,,-,,0,0,1,0,0,0,0,0,0,"- ","- ",,,"SANTA BARBARA",SOLVANG,-120.14159986,34.597090100000003
8479973,2017,2017-11-02,4202,2017-09-27,1752,277,LOMPO,3,5,4,4202,0,0,0,,0,,"M ST","COLLEGE AVE",351.00,S,N,A,-,N,,,,,,,,,,N,4,0,1,2,A,-,11,21950,B,N,G,B,D,A,A,-,A,D,0,Y,,,,Y,,N,60,0,0,1,0,1,0,0,0,0,"- ","- ",,,"SANTA BARBARA",LOMPOC,-120.46416606,34.646115870000003
8480049,2017,2017-11-02,4202,2017-10-01,1910,11804,4202,7,5,4,4202,0,0,0,,0,,"COLLEGE AV","D ST",0.00,,Y,A,-,N,,,,,,,,,,N,4,0,1,2,A,-,12,22450,,N,C,C,A,A,H,-,C,A,0,,,,,Y,,A,01,0,0,1,0,0,0,0,0,0,"- ","- ",,,"SANTA BARBARA",LOMPOC,-120.45270986,34.64697005
8480053,2017,2017-11-02,4202,2017-10-20,1742,235,,5,5,4,4202,0,0,0,,0,,"NORTH AV","PALM DR",24.00,W,N,A,-,N,,,,,,,,,,N,3,0,1,2,A,-,09,21802,A,N,D,G,A,A,H,-,A,D,0,,Y,,,Y,,L,04,0,1,0,0,0,0,1,0,0,"- ","- ",,,"SANTA BARBARA",LOMPOC,-120.45524978,34.653359999999999
8480403,2017,2017-12-05,4204,2017-10-20,1803,90323,,5,5,5,4204,0,0,0,,0,001,"WILLIAMS ST","WESTERN AV",0.00,,Y,A,-,N,,,,,,,,,,Y,4,0,1,2,A,-,12,22450,A,N,D,C,A,A,H,-,B,A,0,,,,,Y,,A,07,0,0,1,0,0,0,0,0,0,"- ","- ",,,"SANTA BARBARA","SANTA MARIA",-120.44880988,34.970880110000003
8480411,2017,2017-12-05,4204,2017-10-23,1804,90376,32,1,5,5,4204,0,0,0,,0,002,"BLOSSER RD","MAIN ST",50.00,S,N,A,-,N,,,,,,,,,,N,3,0,2,2,A,-,03,22350,,N,C,C,A,A,H,-,A,A,0,,,,,Y,,D,22,0,1,1,0,0,0,0,0,0,"- ","- ",34.953209999999999,-120.45367,"SANTA BARBARA","SANTA MARIA",-120.45371416,34.953172709999997
8480478,2017,2018-07-13,4204,2017-10-19,1226,18261,88,4,5,5,4204,0,0,0,,0,003,BROADWAY,"MILLER ST",600.00,S,N,A,-,Y,SB,5,135,-,-,12.630,H,-,N,Y,4,0,1,3,A,-,03,22350,,N,C,C,A,A,H,-,A,A,0,,,,,Y,,D,22,0,0,1,0,0,0,0,0,0,"- ","- ",34.909170000000003,-120.43631999999999,"SANTA BARBARA","SANTA MARIA",-120.43586075,34.907528259999999
8480527,2017,2017-11-03,4204,2017-10-21,0026,90341,56,6,5,5,4204,0,0,0,,0,002,"MORRISON AV","THORNBURG ST",0.00,,Y,A,-,N,,,,,,,,,,N,4,0,1,2,A,-,08,22107,,N,D,C,A,A,H,-,C,A,0,,,,,Y,,A,01,0,0,1,0,0,0,0,0,0,"- ","- ",34.943210000000001,-120.44005,"SANTA BARBARA","SANTA MARIA",-120.44024994999999,34.943140079999999
8480531,2017,2017-11-03,4204,2017-10-20,2024,90228,33,5,5,5,4204,0,0,0,,0,002,"MAIN ST","PINE ST",100.00,W,N,A,-,N,,,166,,,,,,,N,3,0,1,2,A,-,08,22107,,F,G,B,E,A,H,-,C,A,0,Y,,,,Y,,A,01,0,1,0,0,1,0,0,0,0,"- ","- ",34.953200000000002,-120.4389,"SANTA BARBARA","SANTA MARIA",-120.43889925000001,34.953232710000002
8480535,2017,2018-07-13,4204,2017-10-19,1854,90323,5,4,5,5,4204,0,0,0,,0,001,"GRANT ST",BROADWAY,0.00,,Y,A,-,Y,SB,5,135,-,-,17.130,I,6,S,Y,4,0,2,2,A,-,12,21453,A,N,A,C,A,A,H,-,C,A,0,,,,,Y,,A,01,0,0,2,0,0,0,0,0,0,"- ","- ",34.972790000000003,-120.43577000000001,"SANTA BARBARA","SANTA MARIA",-120.43567462,34.972775820000003
8490223,2017,2017-12-11,4203,2017-11-01,0946,23768,,3,5,5,4203,0,0,0,,0,001,"CAMINO VIEJO","SANTECITO DR",20.00,N,N,B,-,N,,,,,,,,,,Y,2,0,1,2,A,-,03,22350,,N,C,C,A,A,H,-,A,D,0,,,Y,,Y,,C,03,1,0,0,0,0,0,0,0,1,"- ","- ",34.433959999999999,-119.65389999999999,"SANTA BARBARA","SANTA BARBARA",-119.65377549,34.433938429999998
8490745,2017,2017-11-29,4203,2017-10-16,1122,6700,42,1,5,5,4203,0,0,0,,0,003,"ANAPAMU ST","ANACAPA ST",0.00,,Y,A,-,N,,,,,,,,,,N,4,0,1,2,A,-,09,21804,A,N,H,G,A,A,H,-,A,A,0,,Y,,,Y,,L,04,0,0,1,0,0,0,1,0,0,"- ","- ",34.424340000000001,-119.70339,"SANTA BARBARA","SANTA BARBARA",-119.70327985999999,34.424470069999998
8491095,2017,2017-12-13,4203,2017-11-03,1634,3626,,5,5,5,4203,0,0,0,,0,001,"CANON PERDIDO ST","OLIVE ST",0.00,,Y,A,-,N,,,,,,,,,,N,3,0,1,2,A,-,10,21950,A,N,G,B,B,A,H,-,A,A,0,Y,,,,Y,,A,01,0,1,0,0,1,0,0,0,0,"- ","- ",34.425699999999999,-119.69499999999999,"SANTA BARBARA","SANTA BARBARA",-119.69487993,34.425890070000001
8491099,2017,2017-12-13,4203,2017-11-03,1359,23768,,5,5,5,4203,0,0,0,,0,001,"QUINIENTOS ST","N SOLEDAD ST",0.00,,Y,A,-,N,,,,,,,,,,Y,4,0,1,2,A,-,09,21802,A,N,D,C,A,A,H,-,A,A,0,,,,,Y,,A,01,0,0,1,0,0,0,0,0,0,"- ","- ",34.424700000000001,-119.6754,"SANTA BARBARA","SANTA BARBARA",-119.67555996999999,34.424800070000003
8491103,2017,2017-12-13,4203,2017-11-07,1328,6031,,2,5,5,4203,0,0,0,,0,004,"DE LA VINA ST","ORTEGA ST",0.00,,Y,A,-,N,,,,,,,,,,Y,4,0,1,2,A,-,12,22450,A,N,D,C,A,A,H,-,A,A,0,,,,,Y,,-,,0,0,1,0,0,0,0,0,0,"- ","- ",34.245899999999999,-119.42010000000001,"SANTA BARBARA","SANTA BARBARA",-119.70031996,34.416540009999999
8491107,2017,2017-12-13,4203,2017-11-08,1436,6970,,3,5,5,4203,0,0,0,,0,006,"HACIENDA DR","MODOC RD",0.00,,Y,A,-,N,,,,,,,,,,N,3,0,1,2,A,-,09,21804,A,N,D,G,A,A,H,-,A,A,0,,Y,,,Y,,L,04,0,1,0,0,0,0,1,0,0,"- ","- ",34.253239999999998,-119.44014,"SANTA BARBARA","SANTA BARBARA",-119.73366998,34.425660030000003
8491111,2017,2017-12-13,4203,2017-11-06,1128,6700,44,1,5,5,4203,0,0,0,,0,003,"ANACAPA ST","CANON PERDIDO ST",160.00,S,N,B,-,N,,,,,,,,,,Y,4,0,2,2,A,-,07,21658,A,N,D,C,A,A,H,-,A,D,0,,,,,Y,,A,01,0,0,2,0,0,0,0,0,0,"- ","- ",34.421280000000003,-119.69902,"SANTA BARBARA","SANTA BARBARA",-119.6989938,34.421348199999997
8491158,2017,2017-12-01,4203,2017-10-14,1257,7774,,6,5,5,4203,0,0,0,,0,002,"COAST VILLAGE RD","MIDDLE RD",150.00,W,N,A,-,N,,,,,,,,,,N,3,0,1,2,A,-,17,22517,,N,H,G,A,A,H,-,A,D,0,,Y,,,Y,,-,,0,1,0,0,0,0,1,0,0,"- ","- ",,,"SANTA BARBARA","SANTA BARBARA",-119.64516492,34.421157350000001
8491162,2017,2017-12-01,4203,2017-10-31,1504,23093,,2,5,5,4203,0,0,0,,0,005,"STATE ST","CALLE REAL",299.00,E,N,B,-,N,,,,,,,,,,Y,4,0,1,2,A,-,09,21804,A,N,D,C,A,A,H,-,A,A,0,,,,,Y,,A,01,0,0,1,0,0,0,0,0,0,"- ","- ",,,"SANTA BARBARA","SANTA BARBARA",-119.7531903,34.440450300000002
8491166,2017,2017-12-01,4203,2017-10-18,0958,5751,52,3,5,5,4203,0,0,0,,0,005,"N HOPE ST","SAN REMO DR",110.00,S,N,A,-,N,,,,,,,,,,Y,3,0,3,2,A,-,09,21804,A,N,D,C,A,A,H,-,A,D,0,,,,,Y,,A,01,0,1,2,0,0,0,0,0,0,"- ","- ",,,"SANTA BARBARA","SANTA BARBARA",-119.74666827999999,34.442368350000002
8492088,2017,2018-06-19,4204,2017-11-05,1810,90346,82,7,5,5,4204,0,0,0,,0,013,BROADWAY,"MCCOY LN",0.00,,Y,A,-,Y,SB,5,135,-,-,13.260,I,5,N,Y,4,0,1,1,A,-,01,23152,A,F,E,I,A,A,H,-,C,D,0,,,,,Y,Y,A,07,0,0,1,0,0,0,0,0,0,"- ","- ",34.916670000000003,-120.43615,"SANTA BARBARA","SANTA MARIA",-120.43591462000001,34.91667082
8500361,2017,2017-12-05,4204,2017-10-05,0754,90374,04,4,5,5,4204,0,0,0,,0,001,BROADWAY,"TAYLOR ST",362.00,N,N,A,-,N,,,135,,,,,,,N,4,0,1,2,A,-,03,22350,,N,C,C,A,A,H,-,A,A,0,,,,,Y,,A,01,0,0,1,0,0,0,0,0,0,"- ","- ",34.974989999999998,-120.43567,"SANTA BARBARA","SANTA MARIA",-120.43565716000001,34.974989790000002
8500491,2017,2017-12-26,4203,2017-11-13,1639,24077,,1,5,5,4203,0,0,0,,0,004,"DE LA VINA ST","DE LA GUERRA",0.00,,Y,A,-,N,,,,,,,,,,N,4,0,1,2,D,-,00,,,F,H,G,A,A,H,-,B,D,0,,Y,,,Y,,-,"- ",0,0,1,0,0,0,1,0,0,"- ","- ",34.417000000000002,-119.70099999999999,"SANTA BARBARA","SANTA BARBARA",-119.70158988,34.417480089999998
8500590,2017,2017-12-07,4204,2017-11-27,1131,22113,29,1,5,5,4204,0,0,0,,0,001,"COLLEGE DR","ARMSTRONG AV",20.00,S,N,A,-,N,,,,,,,,,,N,3,0,1,1,A,-,21,22106,,N,G,J,A,A,H,-,A,D,0,,,,,Y,,D,22,0,1,0,0,0,0,0,0,0,"- ","- ",34.957999999999998,-120.42505,"SANTA BARBARA","SANTA MARIA",-120.42496074,34.958095069999999
8501215,2017,2017-12-08,4203,2017-11-14,1409,6510,18,2,5,5,4203,0,0,0,,0,006,"SHORELINE DR","SALIDA DEL SOL",189.00,E,N,A,-,N,,,,,,,,,,Y,3,0,2,2,A,-,21,22106,,N,D,C,A,A,H,-,A,D,0,,,,,Y,,A,01,0,2,0,0,0,0,0,0,0,"- ","- ",34.396900000000002,-119.71850000000001,"SANTA BARBARA","SANTA BARBARA",-119.71883413,34.396929999999998
8501585,2017,2017-12-28,4204,2017-12-06,1752,90789,13,3,5,5,4204,0,0,0,,0,001,"BLOSSER RD","BUNNY AV",50.00,N,N,A,-,N,,,,,,,,,,N,4,0,1,2,A,-,03,22350,,N,C,C,A,A,H,-,C,D,0,,,,,Y,,A,01,0,0,1,0,0,0,0,0,0,"- ","- ",34.964210000000001,-120.45335,"SANTA BARBARA","SANTA MARIA",-120.45344872,34.964327330000003
8501589,2017,2017-12-22,4204,2017-12-04,1511,22113,32,1,5,5,4204,0,0,0,,0,002,"BLOSSER RD","MAIN ST",200.00,S,N,A,-,N,,,,,,,,,,Y,4,0,1,3,A,-,03,22350,,N,C,C,A,A,H,-,A,A,0,,,,,Y,,A,01,0,0,1,0,0,0,0,0,0,"- ","- ",34.953209999999999,-120.45367,"SANTA BARBARA","SANTA MARIA",-120.45372664,34.952760830000003
8501622,2017,2017-12-18,4204,2017-11-30,1745,90276,60,4,5,5,4204,0,0,0,,0,B03,"WESTERN AV","STOWELL RD",71.00,N,N,A,-,N,,,,,,,,,,N,4,0,1,2,A,-,03,22350,,N,C,C,A,A,H,-,D,A,0,,,,,Y,,D,22,0,0,1,0,0,0,0,0,0,"- ","- ",34.939010000000003,-120.44945,"SANTA BARBARA","SANTA MARIA",-120.44957746999999,34.938915000000001
8501978,2017,2017-12-18,4204,2017-11-30,1738,22113,59,4,5,5,4204,0,0,0,,0,002,"STOWELL RD","COLLEGE DR",150.00,E,N,A,-,N,,,,,,,,,,Y,4,0,1,2,A,-,03,22350,,N,C,C,A,A,H,-,C,A,0,,,,,Y,,A,01,0,0,1,0,0,0,0,0,0,"- ","- ",34.938470000000002,-120.42487,"SANTA BARBARA","SANTA MARIA",-120.4243798,34.938381219999997
8501982,2017,2017-12-18,4204,2017-11-25,1314,90619,73,6,5,5,4204,0,0,0,,0,003,"ALDER LN","RIDDERING LN",84.00,N,N,A,-,N,,,,,,,,,,N,3,0,1,2,A,-,11,21954,A,N,G,G,A,A,H,-,A,D,0,,Y,,,Y,,L,04,0,1,0,0,0,0,1,0,0,"- ","- ",34.918219999999998,-120.42588000000001,"SANTA BARBARA","SANTA MARIA",-120.42679,34.918500719999997
8501986,2017,2017-12-18,4204,2017-11-23,0344,20894,14,4,5,5,4204,0,0,0,,0,001,"BUNNY AV","LINCOLN ST",200.00,W,N,A,-,N,,,,,,,,,,Y,3,0,1,3,A,-,01,23152,A,M,A,C,A,A,H,-,C,D,0,,,,,Y,Y,A,01,0,1,0,0,0,0,0,0,0,"- ","- ",34.963329999999999,-120.43716000000001,"SANTA BARBARA","SANTA MARIA",-120.43789296,34.96329532
8502349,2017,2017-12-14,4203,2017-11-30,1839,7897,50,4,5,5,4203,0,0,0,,0,005,"MISSION CANYON RD","LAS ENCINAS RD",12.00,S,N,A,-,N,,,,,,,,,,Y,3,0,3,2,D,-,00,,,N,D,C,A,A,H,-,D,A,0,,,,,Y,,-,"- ",0,2,1,0,0,0,0,0,0,"- ","- ",34.442279999999997,-119.71344000000001,"SANTA BARBARA","SANTA BARBARA",-119.7134441,34.44224723
8480539,2017,2017-11-03,4204,2017-10-05,1604,90364,60,4,5,5,4204,0,0,0,,0,B03,"BLOSSER RD","STOWELL RD",200.00,N,N,A,-,N,,,,,,,,,,N,4,0,1,2,A,-,07,21658,A,N,C,C,A,A,H,-,A,D,0,,,,,Y,,I,11,0,0,1,0,0,0,0,0,0,"- ","- ",34.939079999999997,-120.45375,"SANTA BARBARA","SANTA MARIA",-120.45389590000001,34.939329299999997
8480998,2017,2017-12-04,4204,2017-10-30,0735,22113,92,1,5,5,4204,0,0,0,,0,003,"COLLEGE DR","BLUE RIDGE DR",85.00,S,N,B,E,N,,,,,,,,,,Y,4,0,2,4,A,-,03,22350,,N,C,C,A,B,H,-,A,D,0,,,,,Y,,A,01,0,0,2,0,0,0,0,0,0,"- ","- ",34.907150000000001,-120.42348,"SANTA BARBARA","SANTA MARIA",-120.42325821999999,34.906865459999999
8481222,2017,2017-11-17,4204,2017-10-24,0710,90269,80,2,5,5,4204,0,0,0,,0,003,"BETTERAVIA RD","BLOSSER RD",1000.00,E,N,A,-,N,,,,,,,,,,Y,4,0,1,2,A,-,09,21801,A,N,A,C,A,A,H,-,A,D,0,,,,,Y,,A,01,0,0,1,0,0,0,0,0,0,"- ","- ",34.92069,-120.45932999999999,"SANTA BARBARA","SANTA MARIA",-120.45075550999999,34.920615599999998
8481226,2017,2017-11-17,4204,2017-10-19,1513,18261,80,4,5,5,4204,0,0,0,,0,003,"MCCOY LN","OAKLEY AV",0.00,,Y,A,-,N,,,,,,,,,,Y,4,0,1,2,A,-,06,21755,A,N,D,C,A,A,H,-,A,A,0,,,,,Y,,A,01,0,0,1,0,0,0,0,0,0,"- ","- ",34.91666,-120.44745,"SANTA BARBARA","SANTA MARIA",-120.44743988,34.916750039999997
8481230,2017,2017-11-17,4204,2017-10-23,0721,18261,80,1,5,5,4204,0,0,0,,0,003,"SKYWAY DR","INDUSTRIAL PKWY",1000.00,S,N,A,-,N,,,,,,,,,,Y,4,0,1,2,A,-,09,21804,,N,D,C,A,A,H,-,A,A,0,,,,,Y,,A,07,0,0,1,0,0,0,0,0,0,"- ","- ",34.901609999999998,-120.44797,"SANTA BARBARA","SANTA MARIA",-120.44566946,34.89958644
8481723,2017,2018-06-25,4202,2017-09-20,1921,239,LOMPO,3,5,4,4202,0,0,0,,0,004,"RT 1","NORTH AV",295.00,N,N,A,-,Y,SB,5,1,-,-,21.620,H,-,S,Y,4,0,1,1,A,-,08,22107,,N,E,I,A,A,H,-,C,D,0,,,,,Y,,A,01,0,0,1,0,0,0,0,0,0,"- ","- ",,,"SANTA BARBARA",LOMPOC,-120.45777007,34.654297700000001
8481776,2017,2018-07-06,4202,2017-10-20,1216,235,,5,5,4,4202,0,0,0,,0,,"RT 1","CENTRAL AV",393.00,N,N,A,-,Y,SB,5,1,-,-,22.140,H,-,S,Y,4,0,1,2,A,-,09,21804,A,M,D,C,A,A,H,-,A,D,0,,,,,Y,Y,A,01,0,0,1,0,0,0,0,0,0,"- ","- ",,,"SANTA BARBARA",LOMPOC,-120.45778276999999,34.661846320000002
8481820,2017,2018-07-13,4200,2017-10-05,1230,3116,14,4,5,4,4214,0,0,0,,0,050,"FAIRVIEW AV","RT 101",235.00,W,N,A,-,Y,SB,5,101,-,-,22.480,R,4,N,N,4,0,1,2,A,-,03,22350,,M,C,C,A,A,H,-,A,D,0,,,,,Y,,A,01,0,0,1,0,0,0,0,0,0,"- ",NO,,,"SANTA BARBARA",GOLETA,-119.83150654000001,34.439671349999998
8481861,2017,2018-01-05,4204,2017-10-22,0949,90618,60,7,5,5,4204,0,0,0,,0,003,"MORRISON AV","RUSSELL AV",500.00,E,N,A,-,N,,,,,,,,,,Y,3,0,3,2,A,-,03,22350,,F,D,C,A,A,H,-,A,A,0,,,,,Y,,A,01,0,2,1,0,0,0,0,0,0,"- ","- ",34.943150000000003,-120.45283000000001,"SANTA BARBARA","SANTA MARIA",-120.45083237999999,34.943267769999999
8517842,2017,2017-12-20,4203,2017-12-04,1930,24317,,1,5,5,4203,0,0,0,,0,004,"CASTILLO ST","WEST HALEY ST",0.00,,Y,A,-,N,,,,,,,,,,Y,4,0,1,2,A,-,01,23152,A,N,A,C,A,A,H,-,C,A,0,,,,,Y,Y,A,01,0,0,1,0,0,0,0,0,0,"- ","- ",34.244500000000002,-119.42,"SANTA BARBARA","SANTA BARBARA",-119.69985997000001,34.412750109999998
8517846,2017,2017-12-20,4203,2017-12-02,0905,9480,,6,5,5,4203,0,0,0,,0,005,"STATE ST","CALLE LAURELES",100.00,E,N,A,-,N,,,,,,,,,,N,4,0,1,2,A,-,08,22107,,N,-,G,A,A,H,-,A,A,0,,Y,,,Y,,-,,0,0,1,0,0,0,1,0,0,"- ","- ",34.2624,-119.43389999999999,"SANTA BARBARA","SANTA BARBARA",-119.72781859,34.440370000000001
8492092,2017,2018-06-08,4204,2017-10-31,1246,90269,53,2,5,5,4204,0,0,0,,0,002,"COOK ST","MILLER ST",150.00,W,N,A,-,N,,,,,,,,,,Y,4,0,2,2,A,-,01,23152,A,N,C,C,A,A,H,-,A,A,0,,,,,Y,Y,A,01,0,0,2,0,0,0,0,0,0,"- ","- ",34.949800000000003,-120.4316,"SANTA BARBARA","SANTA MARIA",-120.43197037,34.949886429999999
8492139,2017,2018-06-25,4204,2017-09-03,1653,90718,4204,7,5,5,4204,0,0,0,,0,003,BROADWAY,"CARMEN LN",0.00,,Y,C,-,Y,SB,5,135,-,-,13.810,I,5,S,Y,3,0,2,2,A,-,12,21453,A,F,B,C,A,B,H,-,A,A,0,,,,,Y,,A,01,0,1,1,0,0,0,0,0,0,"- ","- ",34.924819999999997,-120.43604999999999,"SANTA BARBARA","SANTA MARIA",-120.43615162,34.924815819999999
8493215,2017,2018-06-19,4203,2017-11-07,1214,6983,,2,5,5,4203,0,0,0,,0,004,"CARRILLO ST","RT 101",0.00,,Y,A,-,Y,SB,5,101,-,R,14.630,R,4,N,Y,4,0,1,2,A,-,12,21453,A,N,D,C,A,A,H,-,A,A,0,,,,,Y,,-,,0,0,1,0,0,0,0,0,0,"- ",NF,34.24597,-119.42252999999999,"SANTA BARBARA","SANTA BARBARA",-119.70585512,34.415368600000001
8506363,2017,2018-06-19,4204,2017-11-20,1928,90790,27,1,5,5,4204,0,0,0,,0,001,BROADWAY,"FESLER ST",141.00,N,N,A,-,Y,SB,5,135,-,-,16.030,H,-,S,Y,4,0,2,3,A,-,03,22350,,F,C,C,A,A,H,-,C,A,0,,,,,Y,,A,01,0,0,2,0,0,0,0,0,0,"- ","- ",34.956479999999999,-120.43573000000001,"SANTA BARBARA","SANTA MARIA",-120.43588676,34.956795579999998
8506558,2017,2018-06-14,4204,2017-11-08,1717,23656,35,3,5,5,4204,0,0,0,,0,002,"MAIN ST","MILLER ST",0.00,,Y,A,-,Y,SB,5,166,-,-,8.130,I,5,E,N,4,0,1,2,D,-,00,,,N,G,B,B,A,H,-,C,A,0,Y,,,,Y,,-,"- ",0,0,1,0,1,0,0,0,0,"- ","- ",34.95308,-120.43145,"SANTA BARBARA","SANTA MARIA",-120.43135287,34.953097380000003
8506767,2017,2018-06-14,4204,2017-11-24,2010,90614,16,5,5,5,4204,0,0,0,,0,001,BROADWAY,"MCELHANY AV",0.00,,Y,A,-,Y,SB,5,135,-,-,16.410,I,5,S,Y,3,0,1,2,A,-,09,21804,A,F,D,C,A,A,H,-,C,D,0,,,Y,,Y,,A,01,0,1,0,0,0,0,0,0,1,"- ","- ",34.96246,-120.43565,"SANTA BARBARA","SANTA MARIA",-120.43578429999999,34.962351159999997
8506860,2017,2017-12-06,4204,2017-11-25,2152,90376,32,6,5,5,4204,0,0,0,,0,001,"OAKLEY AV","FESLER ST",625.00,S,N,A,-,N,,,,,,,,,,Y,3,0,1,1,A,-,01,23152,A,N,E,I,A,A,H,-,D,D,0,,,,,Y,Y,A,01,0,1,0,0,0,0,0,0,0,"- ","- ",34.956760000000003,-120.44703,"SANTA BARBARA","SANTA MARIA",-120.44686772,34.955173600000002
8506996,2017,2017-12-08,4204,2017-09-19,0745,90081,17,2,5,5,4204,0,0,0,,0,001,"DONOVAN RD","COLLEGE DR",0.00,,Y,A,-,N,,,,,,,,,,N,4,0,1,2,D,-,00,,,N,C,C,A,A,H,-,A,A,0,,,,,Y,,-,"- ",0,0,1,0,0,0,0,0,0,"- ","- ",34.967509999999997,-120.42543999999999,"SANTA BARBARA","SANTA MARIA",-120.42564985999999,34.967670069999997
8507887,2017,2018-06-19,4204,2017-11-24,2032,90343,32,5,5,5,4204,0,0,0,,0,002,"BLOSSER RD","MAIN ST",0.00,,Y,A,-,Y,SB,5,166,-,-,6.870,I,5,E,Y,4,0,2,2,A,-,12,21453,A,N,D,C,A,A,H,-,C,A,0,,,,,Y,,A,01,0,0,2,0,0,0,0,0,0,"- ","- ",34.953209999999999,-120.45367,"SANTA BARBARA","SANTA MARIA",-120.45388143,34.953258329999997
8508035,2017,2017-12-15,4204,2017-11-23,1453,90276,15,4,5,5,4204,0,0,0,,0,B01,"THORNBURG ST","MCELHANY AV",28.00,S,N,A,-,N,,,,,,,,,,Y,3,0,1,2,A,-,11,21950,B,N,G,B,D,A,H,-,A,A,0,Y,,,,Y,,N,60,0,1,0,0,1,0,0,0,0,"- ","- ",34.962530000000001,-120.44009,"SANTA BARBARA","SANTA MARIA",-120.44016129000001,34.9623031
8508039,2017,2017-12-13,4204,2017-11-17,1716,90685,93,5,5,5,4204,0,0,0,,0,003,"BLACK RD","MAHONEY RD",0.00,,Y,A,-,N,,,,,,,,,,Y,3,0,1,2,A,-,03,22350,,N,F,C,A,A,H,-,D,A,0,,,,,Y,,A,01,0,1,0,0,0,0,0,0,0,"- ","- ",34.909799999999997,-120.48966,"SANTA BARBARA","SANTA MARIA",-120.48958996,34.909160110000002
8502761,2017,2017-12-20,4204,2017-12-01,2153,90270,13,5,5,5,4204,0,0,0,,0,001,"WESTERN AV","ALVIN AV",0.00,,Y,A,-,N,,,,,,,,,,Y,4,0,3,4,A,-,03,22350,,N,C,E,A,A,H,-,C,D,0,,,,,Y,,A,01,0,0,3,0,0,0,0,0,0,"- ","- ",34.960479999999997,-120.44933,"SANTA BARBARA","SANTA MARIA",-120.44923987999999,34.960550009999999
8503462,2017,2017-12-18,4203,2017-11-16,1629,23766,,4,5,5,4203,0,0,0,,0,004,"CHAPALA ST","VALERIO ST",0.00,,Y,B,-,N,,,,,,,,,,N,4,0,1,2,A,-,09,21800,,N,D,C,A,B,H,-,B,A,0,,,,,Y,,A,01,0,0,1,0,0,0,0,0,0,"- ","- ",,,"SANTA BARBARA","SANTA BARBARA",-119.71193986,34.427020110000001
8503470,2017,2017-12-18,4203,2017-11-15,1725,6577,4203,3,5,5,4203,0,0,0,,0,004,"BATH ST","ORTEGA ST",110.00,N,N,A,-,N,,,,,,,,,,N,3,0,1,2,A,-,08,22107,,N,B,G,A,A,H,-,C,D,0,,Y,,,Y,,A,01,0,1,0,0,0,0,1,0,0,"- ","- ",34.41574,-119.70175,"SANTA BARBARA","SANTA BARBARA",-119.70165641,34.415716840000002