CASE_ID,ACCIDENT_YEAR,PROC_DATE,JURIS,COLLISION_DATE,COLLISION_TIME,OFFICER_ID,REPORTING_DISTRICT,DAY_OF_WEEK,CHP_SHIFT,POPULATION,CNTY_CITY_LOC,SPECIAL_COND,BEAT_TYPE,CHP_BEAT_TYPE,CITY_DIVISION_LAPD,CHP_BEAT_CLASS,BEAT_NUMBER,PRIMARY_RD,SECONDARY_RD,DISTANCE,DIRECTION,INTERSECTION,WEATHER_1,WEATHER_2,STATE_HWY_IND,CALTRANS_COUNTY,CALTRANS_DISTRICT,STATE_ROUTE,ROUTE_SUFFIX,POSTMILE_PREFIX,POSTMILE,LOCATION_TYPE,RAMP_INTERSECTION,SIDE_OF_HWY,TOW_AWAY,COLLISION_SEVERITY,NUMBER_KILLED,NUMBER_INJURED,PARTY_COUNT,PRIMARY_COLL_FACTOR,PCF_CODE_OF_VIOL,PCF_VIOL_CATEGORY,PCF_VIOLATION,PCF_VIOL_SUBSECTION,HIT_AND_RUN,TYPE_OF_COLLISION,MVIW,PED_ACTION,ROAD_SURFACE,ROAD_COND_1,ROAD_COND_2,LIGHTING,CONTROL_DEVICE,CHP_ROAD_TYPE,PEDESTRIAN_ACCIDENT,BICYCLE_ACCIDENT,MOTORCYCLE_ACCIDENT,TRUCK_ACCIDENT,NOT_PRIVATE_PROPERTY,ALCOHOL_INVOLVED,STWD_VEHTYPE_AT_FAULT,CHP_VEHTYPE_AT_FAULT,COUNT_SEVERE_INJ,COUNT_VISIBLE_INJ,COUNT_COMPLAINT_PAIN,COUNT_PED_KILLED,COUNT_PED_INJURED,COUNT_BICYCLIST_KILLED,COUNT_BICYCLIST_INJURED,COUNT_MC_KILLED,COUNT_MC_INJURED,PRIMARY_RAMP,SECONDARY_RAMP,LATITUDE,LONGITUDE,COUNTY,CITY,POINT_X,POINT_Y
8503474,2017,2017-12-18,4203,2017-11-12,1442,2520,4203,7,5,5,4203,0,0,0,,0,002,"CHANNEL DR","CABRILLO BL",0.00,,Y,A,-,N,,,,,,,,,,N,4,0,1,2,A,-,03,22350,,N,C,C,A,A,H,-,A,D,0,,,,,Y,,-,,0,0,1,0,0,0,0,0,0,"- ","- ",,,"SANTA BARBARA","SANTA BARBARA",-119.65636997999999,34.421400050000003
8503477,2017,2017-12-18,4203,2017-11-18,0212,23767,,6,5,5,4203,0,0,0,,0,005,"CALLE REAL","WYE RD",438.00,E,N,A,-,N,,,,,,,,,,Y,3,0,1,1,A,-,01,23152,A,N,F,I,A,A,H,-,C,A,0,,,,,Y,Y,A,01,0,1,0,0,0,0,0,0,0,"- ","- ",34.440899999999999,-119.7556,"SANTA BARBARA","SANTA BARBARA",-119.75529758,34.440902459999997
8503478,2017,2017-12-18,4203,2017-11-03,1706,23765,,5,5,5,4203,0,0,0,,0,004,"DE LA VINA ST","COTA ST",0.00,,Y,A,-,N,,,,,,,,,,N,2,0,1,2,A,-,12,22450,A,N,D,G,A,A,H,-,C,A,0,,Y,,,Y,,L,04,1,0,0,0,0,0,1,0,0,"- ","- ",34.253100000000003,-119.42359999999999,"SANTA BARBARA","SANTA BARBARA",-119.6990699,34.415620109999999
8503574,2017,2018-06-25,4202,2017-08-13,0045,23211,,7,5,4,4202,0,0,0,,0,,"H ST","CENTRAL AV",2.00,N,N,A,-,Y,SB,5,1,-,-,22.070,H,-,N,Y,4,0,1,1,A,-,01,23152,B,N,C,C,A,A,H,-,D,D,0,,,,,Y,Y,A,01,0,0,1,0,0,0,0,0,0,"- ","- ",,,"SANTA BARBARA",LOMPOC,-120.45762473000001,34.660835730000002
8503800,2017,2018-06-14,4202,2017-11-03,1650,1804,4202,5,5,4,4202,0,0,0,,0,,"RT 1","CHESTNUT AV",0.00,,Y,A,-,Y,SB,5,1,-,-,20.750,I,5,S,Y,4,0,1,2,A,-,12,21453,A,N,D,C,A,A,H,-,A,A,0,,,,,Y,,A,01,0,0,1,0,0,0,0,0,0,"- ","- ",,,"SANTA BARBARA",LOMPOC,-120.45792888,34.642231819999999
8503840,2017,2018-07-13,4200,2017-10-02,1439,3683,14,1,5,4,4214,0,0,0,,0,050,"N FAIRVIEW AV","RT 101",0.00,,Y,A,-,Y,SB,5,101,-,-,22.480,R,4,N,Y,3,0,3,4,A,-,12,21453,A,N,D,C,A,A,H,-,A,A,0,,,,,Y,,A,01,0,1,2,0,0,0,0,0,0,"- ",TO,,,"SANTA BARBARA",GOLETA,-119.83150654000001,34.439671349999998
8503879,2017,2018-07-13,4203,2017-12-17,1906,23767,21,7,5,5,4203,0,0,0,,0,006,"W CARRILLO ST","RT 101",0.00,,Y,A,-,Y,SB,5,101,-,R,14.340,R,4,S,N,4,0,3,2,A,-,03,22350,,N,C,C,A,A,H,-,C,A,0,,,,,Y,,A,01,0,0,3,0,0,0,0,0,0,"- ","- ",34.245899999999999,-119.42263,"SANTA BARBARA","SANTA BARBARA",-119.70202696,34.412495569999997
8503970,2017,2018-07-13,4204,2017-12-13,1727,90239,05,3,5,5,4204,0,0,0,,0,001,BROADWAY,"PREISKER LN",0.00,,Y,A,-,Y,SB,5,135,-,-,17.530,I,5,N,Y,4,0,1,4,A,-,09,21802,A,N,D,C,A,A,H,-,D,D,0,,,,,Y,,A,01,0,0,1,0,0,0,0,0,0,"- ","- ",34.978870000000001,-120.14346999999999,"SANTA BARBARA","SANTA MARIA",-120.43467362,34.978831820000003
8518253,2017,2017-12-18,4204,2017-12-06,1204,23028,17,3,5,5,4204,0,0,0,,0,001,"DONOVAN RD","COLLEGE DR",45.00,E,N,A,-,N,,,,,,,,,,Y,4,0,2,2,A,-,03,22350,A,N,C,C,A,A,H,-,A,A,0,,,,,Y,,A,01,0,0,2,0,0,0,0,0,0,"- ","- ",34.967509999999997,-120.42543999999999,"SANTA BARBARA","SANTA MARIA",-120.42549991999999,34.967673849999997
8519288,2017,2018-07-13,4204,2017-12-05,1002,90766,4204,2,5,5,4204,0,0,0,,0,003,"BETTERAVIA RD",BROADWAY,0.00,,Y,A,-,Y,SB,5,135,-,-,13.540,I,6,S,Y,4,0,2,4,A,-,21,22106,,F,C,C,A,A,H,-,A,A,0,,,,Y,Y,,-,,0,0,2,0,0,0,0,0,0,"- ","- ",34.92089,-120.43613000000001,"SANTA BARBARA","SANTA MARIA",-120.43612017,34.920818019999999
8519292,2017,2018-01-02,4204,2017-12-08,1157,90269,97,5,5,5,4204,0,0,0,,0,033,"BETTERAVIA RD","MAHONEY RD",0.00,,Y,A,-,N,,,,,,,,,,Y,4,0,1,2,A,-,09,21801,B,N,D,C,A,A,H,-,A,D,0,,,,,Y,,D,22,0,0,1,0,0,0,0,0,0,"- ","- ",34.921210000000002,-120.47497,"SANTA BARBARA","SANTA MARIA",-120.47485998000001,34.920660060000003
8519889,2017,2018-01-04,4204,2017-12-16,1318,90342,61,6,5,5,4204,0,0,0,,0,002,"DEPOT DR",MORRISON,0.00,,Y,A,-,N,,,,,,,,,,N,4,0,1,2,D,-,00,,,N,C,C,A,A,H,-,A,A,0,,,,,Y,,-,"- ",0,0,1,0,0,0,0,0,0,"- ","- ",,,"SANTA BARBARA","SANTA MARIA",-120.44379995,34.943200019999999
8521458,2017,2018-01-08,4203,2017-12-12,1945,23133,,2,5,5,4203,0,0,0,,0,008,"HOLLISTER AV","ROBIN HILL RD",0.00,,Y,A,-,N,,,,,,,,,,Y,2,0,1,2,A,-,09,21802,A,N,D,C,A,A,H,-,C,A,0,,,Y,,Y,,C,02,1,0,0,0,0,0,0,0,1,"- ","- ",34.432839999999999,-119.84143,"SANTA BARBARA","SANTA BARBARA",-119.84473993,34.432010099999999
8522429,2017,2018-01-08,4203,2017-12-18,1230,3599,,1,5,5,4203,0,0,0,,0,001,"GUTIERREZ ST","MILPAS ST",44.00,E,N,A,-,N,,,,,,,,,,Y,3,0,1,1,A,-,03,22350,,M,E,I,A,A,-,-,A,A,0,,,,,Y,,-,,0,1,0,0,0,0,0,0,0,"- ","- ",34.425490000000003,-119.68388,"SANTA BARBARA","SANTA BARBARA",-119.68396402,34.425480929999999
8522433,2017,2018-01-08,4203,2017-12-13,1903,24078,18,3,5,5,4203,0,0,0,,0,006,"MEIGS RD","RED ROSE WY",0.00,,Y,A,-,N,,,,,,,,,,Y,4,0,1,2,A,-,09,21801,A,N,D,C,A,A,H,-,C,A,0,,,,,Y,,A,01,0,0,1,0,0,0,0,0,0,"- ","- ",34.402479999999997,-119.72103,"SANTA BARBARA","SANTA BARBARA",-119.7216899,34.402430010000003
8522441,2017,2018-01-08,4203,2017-12-18,1528,23768,,1,5,5,4203,0,0,0,,0,005,"STATE ST","CALLE PALO COLORADO",0.00,,Y,A,-,N,,,,,,,,,,Y,4,0,1,2,A,-,09,21802,A,N,D,C,A,A,H,-,A,A,0,,,,,Y,,A,07,0,0,1,0,0,0,0,0,0,"- ","- ",34.440399999999997,-119.73103,"SANTA BARBARA","SANTA BARBARA",-119.73100986,34.440380019999999
8522445,2017,2018-01-08,4203,2017-12-20,1045,24321,5EMC,3,5,5,4203,0,0,0,,0,005,"SANTA BARBARA ST","JUNIPERO ST",256.00,N,N,A,-,N,,,,,,,,,,N,4,0,1,2,A,-,06,21750,,N,D,C,A,A,H,-,A,D,0,,,,,Y,,A,01,0,0,1,0,0,0,0,0,0,"- ","- ",34.437190000000001,-119.71818,"SANTA BARBARA","SANTA BARBARA",-119.71808366,34.437167369999997
8522449,2017,2018-01-08,4203,2017-12-14,1313,7568,,4,5,5,4203,0,0,0,,0,004,"CHAPALA ST","ISLAY ST",0.00,,Y,A,-,N,,,,,,,,,,Y,4,0,1,3,A,-,09,21802,A,N,D,C,A,A,H,-,A,A,0,,,,,Y,,-,,0,0,1,0,0,0,0,0,0,"- ","- ",34.427799999999998,-119.7133,"SANTA BARBARA","SANTA BARBARA",-119.71324998999999,34.427950039999999
8522464,2017,2018-06-08,4203,2017-12-01,0651,5751,19,5,5,5,4203,0,0,0,,0,006,"CLIFF DR","COOPER RD",110.00,E,N,A,-,N,,,225,,,,,,,Y,3,0,1,3,A,-,08,22107,,N,H,E,A,A,H,-,A,D,0,,,,,Y,,A,01,0,1,0,0,0,0,0,0,0,"- ","- ",34.403210000000001,-119.72911000000001,"SANTA BARBARA","SANTA BARBARA",-119.72908975999999,34.403284990000003
8508311,2017,2018-01-20,4204,2017-11-26,2332,90363,32,7,5,5,4204,0,0,0,,0,002,"FESLER ST","RAILROAD AV",0.00,,Y,C,-,N,,,,,,,,,,N,4,0,1,2,A,-,01,23152,A,N,C,C,A,B,H,-,C,A,0,,,,,Y,Y,A,01,0,0,1,0,0,0,0,0,0,"- ","- ",34.95722,-120.44452,"SANTA BARBARA","SANTA MARIA",-120.4446599,34.956870029999997
8508319,2017,2018-01-26,4204,2017-11-07,0757,90685,58,2,5,5,4204,0,0,0,,0,002,"PARK AV","ELIZABETH ST",0.00,,Y,A,-,N,,,,,,,,,,Y,3,0,1,2,A,-,09,21801,B,N,B,C,A,A,H,-,A,A,0,,,,,Y,,A,01,0,1,0,0,0,0,0,0,0,"- ","- ",34.944389999999999,-120.42794000000001,"SANTA BARBARA","SANTA MARIA",-120.42813992000001,34.94454004
8508426,2017,2017-12-13,4203,2017-11-30,1720,23515,,4,5,5,4203,0,0,0,,0,003,"STATE ST","PEDREGOSA ST",0.00,,Y,A,-,N,,,,,,,,,,Y,4,0,1,2,A,-,09,21804,A,N,D,D,A,A,H,-,B,A,0,,,,,Y,,A,01,0,0,1,0,0,0,0,0,0,"- ","- ",34.254869999999997,-119.42478,"SANTA BARBARA","SANTA BARBARA",-119.71342992,34.429920090000003
8508430,2017,2017-12-13,4203,2017-11-30,1730,24078,35,4,5,5,4203,0,0,0,,0,004,"CHAPALA ST","W LOS OLIVOS ST",0.00,,Y,A,-,N,,,,,,,,,,Y,4,0,2,2,A,-,09,21800,A,N,D,C,A,A,H,-,C,A,0,,,,,Y,,A,01,0,0,2,0,0,0,0,0,0,"- ","- ",34.431649999999998,-119.71836999999999,"SANTA BARBARA","SANTA BARBARA",-119.71836999,34.431650019999999
8508434,2017,2017-12-13,4203,2017-11-30,2128,23094,,4,5,5,4203,0,0,0,,0,002,"OLIVE MILL RD","COAST VILLAGE RD",42.00,N,N,A,-,N,,,,,,,,,,Y,4,0,1,2,D,-,00,,,N,D,D,A,A,H,-,C,A,0,,,,,Y,,-,"- ",0,0,1,0,0,0,0,0,0,"- ","- ",34.421500000000002,-119.6399,"SANTA BARBARA","SANTA BARBARA",-119.63995153,34.421765260000001
8508438,2017,2017-12-13,4203,2017-11-14,1638,2520,4203,2,5,5,4203,0,0,0,,0,006,"CARRILLO ST","KENWOOD RD",0.00,,Y,A,-,N,,,,,,,,,,N,4,0,1,3,D,-,00,,,N,C,C,A,A,H,-,A,D,0,,,,,Y,,-,"- ",0,0,1,0,0,0,0,0,0,"- ","- ",,,"SANTA BARBARA","SANTA BARBARA",-119.7203299,34.409100080000002
8508442,2017,2017-12-13,4203,2017-11-22,1245,9480,,3,5,5,4203,0,0,0,,0,005,"STATE ST","CONSTANCE ST",540.00,N,N,A,-,N,,,,,,,,,,Y,4,0,2,2,A,-,08,22103,,N,A,C,A,A,H,-,A,D,0,,,,,Y,,-,,0,0,2,0,0,0,0,0,0,"- ","- ",,,"SANTA BARBARA","SANTA BARBARA",-119.723625,34.437421180000001
8508446,2017,2017-12-13,4203,2017-11-26,1353,3510,,7,5,5,4203,0,0,0,,0,006,"W MISSION ST","GILLESPIE ST",102.00,W,N,A,-,N,,,,,,,,,,N,3,0,1,2,A,-,06,21751,,N,D,G,A,A,H,-,A,D,0,,Y,,,Y,,L,04,0,1,0,0,0,0,1,0,0,"- ","- ",34.2515,-119.4331,"SANTA BARBARA","SANTA BARBARA",-119.72491395999999,34.421100260000003
8508450,2017,2017-12-13,4203,2017-11-14,1038,6700,25,2,5,5,4203,0,0,0,,0,006,"FELLOWSHIP RD","KENWOOD RD",0.00,,Y,A,-,N,,,,,,,,,,N,4,0,1,2,A,-,03,22350,,N,D,C,A,A,H,-,A,D,0,,,,,Y,,A,07,0,0,1,0,0,0,0,0,0,"- ","- ",34.410209999999999,-119.72280000000001,"SANTA BARBARA","SANTA BARBARA",-119.72279998,34.41025011
8508454,2017,2017-12-13,4203,2017-11-26,1359,2520,4203,7,5,5,4203,0,0,0,,0,002,"MILPAS ST","CALLE PUERTO VALLARTA",243.00,N,N,A,-,N,,,,,,,,,,N,3,0,1,2,A,-,01,21200,5,N,D,G,A,A,H,-,A,D,0,,Y,,,Y,Y,L,04,0,1,0,0,0,0,1,0,0,"- ","- ",,,"SANTA BARBARA","SANTA BARBARA",-119.67442441,34.418330570000002
8508745,2017,2018-02-28,4203,2017-11-30,0830,6973,,4,5,5,4203,0,0,0,,0,001,"N MILPAS ST","E COTA ST",144.00,N,N,A,-,N,,,,,,,,,,N,4,0,1,2,D,-,00,,,M,C,C,A,A,H,-,A,D,0,,,,,Y,Y,-,"- ",0,0,1,0,0,0,0,0,0,"- ","- ",34.427,-119.68600000000001,"SANTA BARBARA","SANTA BARBARA",-119.68696512,34.42751406
8504008,2017,2018-07-13,4200,2017-12-12,1300,3116,14,2,5,4,4214,0,0,0,,0,060,"FAIRVIEW AV","RT 101",0.00,,Y,A,-,Y,SB,5,101,-,-,22.360,R,4,S,Y,3,0,1,2,A,-,12,21453,A,F,D,C,A,A,H,-,A,A,0,,,,,Y,,A,01,0,1,0,0,0,0,0,0,0,"- ",SO,,,"SANTA BARBARA",GOLETA,-119.82938962,34.43973433
8504016,2017,2018-07-13,4200,2017-12-19,1851,4472,14,2,5,4,4214,0,0,0,,0,050,"GLENN ANNIE RD","CALLE REAL",40.00,S,N,A,-,Y,SB,5,101,-,-,24.743,R,4,N,Y,4,0,2,2,A,-,03,22350,,N,C,C,A,A,H,-,C,A,0,,,,,Y,,A,07,0,0,2,0,0,0,0,0,0,"- ","- ",,,"SANTA BARBARA",GOLETA,-119.87052559,34.434615749999999
8504024,2017,2018-06-14,4200,2017-11-13,0730,3683,14,1,5,4,4214,0,0,0,,0,080,"CALLE REAL","STORKE RD",12.00,W,N,A,-,Y,SB,5,101,-,-,24.284,R,4,N,N,3,0,1,2,A,-,05,21650,1,N,H,G,A,A,H,-,A,A,0,,Y,,,Y,,L,04,0,1,0,0,0,0,1,0,0,"- ","- ",,,"SANTA BARBARA",GOLETA,-119.86268364999999,34.435966440000001
8504093,2017,2018-07-13,4203,2017-12-14,0901,6700,24,4,5,5,4203,0,0,0,,0,006,"MISSION ST","RT 101",0.00,,Y,A,F,Y,SB,5,101,-,R,15.900,R,4,S,Y,4,0,1,2,A,-,12,21453,A,N,D,C,A,A,H,-,A,A,0,,,,,Y,,-,"- ",0,0,1,0,0,0,0,0,0,"- ",SF,34.425150000000002,-119.72069,"SANTA BARBARA","SANTA BARBARA",-119.72295155,34.426058830000002
8504292,2017,2018-07-13,4204,2017-12-23,1738,90720,4202,6,5,5,4204,0,0,0,,0,003,BROADWAY,"SANTA MARIA WY",0.00,,Y,C,-,Y,SB,5,135,-,-,13.000,I,5,S,N,4,0,1,2,A,-,04,21703,,N,C,-,A,B,H,-,C,A,0,,,,,Y,,A,01,0,0,1,0,0,0,0,0,0,"- ","- ",34.912939999999999,-120.43621,"SANTA BARBARA","SANTA MARIA",-120.43603761999999,34.912940820000003
8504296,2017,2018-07-13,4204,2017-12-29,1530,90081,55,5,5,5,4204,0,0,0,,0,002,BROADWAY,"STOWELL RD",0.00,,Y,A,-,Y,SB,5,135,-,-,14.780,I,5,S,N,4,0,1,2,A,-,03,22350,,N,C,D,A,A,H,-,A,A,0,,,,,Y,,A,01,0,0,1,0,0,0,0,0,0,"- ","- ",34.938499999999998,-120.43595999999999,"SANTA BARBARA","SANTA MARIA",-120.43610289999999,34.93850321
8504343,2017,2018-06-13,4200,2017-11-12,1730,4624,14,7,5,4,4214,0,0,0,,0,080,"STORKE AV","HOLLISTER AV",0.00,,Y,A,-,N,,,,,,,,,,N,3,0,1,2,A,-,03,22350,,N,C,C,A,A,H,-,C,A,0,,,,,Y,,A,01,0,1,0,0,0,0,0,0,0,"- ","- ",,,"SANTA BARBARA",GOLETA,-119.86974995,34.430100090000003
8504350,2017,2018-06-19,4200,2017-11-22,0750,4608,11,3,5,4,4214,0,0,0,,0,,"RT 246","RT 101",0.00,,Y,A,-,Y,SB,5,246,-,-,26.240,H,-,E,Y,3,0,2,2,A,-,01,23152,A,N,C,C,A,A,H,-,A,A,0,,,,,Y,Y,A,07,0,1,1,0,0,0,0,0,0,"- ",SO,,,"SANTA BARBARA",GOLETA,-120.19082813999999,34.612344909999997
8504618,2017,2018-07-13,4204,2017-12-27,1510,90081,52,3,5,5,4204,0,0,0,,0,002,BROADWAY,"BOONE ST",19.00,N,N,A,-,Y,SB,5,135,-,-,15.360,H,-,S,N,4,0,1,2,A,-,03,22350,,N,C,C,A,A,H,-,A,D,0,,,,,Y,,A,01,0,0,1,0,0,0,0,0,0,"- ","- ",34.947180000000003,-120.43616,"SANTA BARBARA","SANTA MARIA",-120.43603862000001,34.947153819999997
8505262,2017,2018-06-19,4204,2017-11-19,2058,23341,16,7,5,5,4204,0,0,0,,0,001,BROADWAY,"DONOVAN RD",0.00,,Y,A,-,Y,SB,5,135,-,-,16.760,H,-,N,Y,3,0,1,2,A,-,01,23152,A,N,C,C,A,A,H,-,C,A,0,,,,,Y,Y,A,01,0,1,0,0,0,0,0,0,0,"- ","- ",34.967759999999998,-120.43544,"SANTA BARBARA","SANTA MARIA",-120.43561504,34.967458090000001
8505603,2017,2018-06-07,4203,2017-11-25,0525,6972,BARBA,6,5,5,4203,0,0,0,,0,006,"CLIFF DR","SEA LEDGE LN",400.00,W,N,A,-,N,,,,,,,,,,Y,3,0,1,1,A,-,01,23152,A,N,E,I,A,A,H,-,D,D,0,,,,,Y,Y,A,01,0,1,0,0,0,0,0,0,0,"- ","- ",34.024250000000002,-119.04515000000001,"SANTA BARBARA","SANTA BARBARA",-119.75474678,34.40706994
8522555,2017,2018-01-03,4204,2017-11-17,0820,90081,1,5,5,5,4204,0,0,0,,0,001,"PREISKER LN","CEDAR RD",0.00,,Y,A,-,N,,,,,,,,,,N,4,0,2,3,D,-,00,,,N,G,B,B,A,H,-,A,D,0,Y,,,,Y,,-,"- ",0,0,2,0,2,0,0,0,0,"- ","- ",34.98115,-120.43521,"SANTA BARBARA","SANTA MARIA",-120.43525999000001,34.981100009999999
8522556,2017,2018-01-03,4202,2017-11-30,0756,295,,4,5,4,4202,0,0,0,,0,,"PINE AV","RT 1",278.00,W,N,A,-,N,,,,,,,,,,N,4,0,1,2,A,-,10,21952,,N,G,B,F,A,H,-,A,A,0,Y,,,,Y,,A,01,0,0,1,0,1,0,0,0,0,"- ","- ",,,"SANTA BARBARA",LOMPOC,-120.44852392999999,34.650120000000001
8522560,2017,2018-01-03,4202,2017-11-29,1140,274,,3,5,4,4202,0,0,0,,0,,"COLLEGE AV","I ST",12.00,S,N,A,-,N,,,,,,,,,,N,4,0,1,2,A,-,04,21703,,N,C,A,A,A,H,-,A,A,0,,,,,Y,,A,01,0,0,1,0,0,0,0,0,0,"- ","- ",,,"SANTA BARBARA",LOMPOC,-120.45910000000001,34.647039999999997
8523023,2017,2018-01-13,4203,2017-12-20,0745,24321,SBMC,3,5,5,4203,0,0,0,,0,004,"STATE ST","VALERIO ST",0.00,,Y,A,-,N,,,,,,,,,,Y,4,0,1,2,A,-,08,22107,,N,A,C,A,A,H,-,A,A,0,,,,,Y,,-,,0,0,1,0,0,0,0,0,0,"- ","- ",34.428040000000003,-119.71082,"SANTA BARBARA","SANTA BARBARA",-119.71084992,34.428030049999997
8523027,2017,2018-01-12,4203,2017-12-23,1800,5075,,6,5,5,4203,0,0,0,,0,005,STATE,"CONSTANCE AV",15.00,N,N,A,-,N,,,,,,,,,,Y,4,0,1,2,A,-,01,23153,A,N,C,C,A,A,H,-,C,A,0,,,,,Y,Y,-,,0,0,1,0,0,0,0,0,0,"- ","- ",34.436509999999998,-119.72256,"SANTA BARBARA","SANTA BARBARA",-119.72236685,34.436427639999998
8523031,2017,2018-01-12,4203,2017-12-23,1914,5086,,6,5,5,4203,0,0,0,,0,003,"E COTA ST","STATE ST",245.00,E,N,A,-,N,,,,,,,,,,N,2,0,1,2,A,-,11,21954,A,N,B,B,D,A,H,-,E,D,0,Y,,,,Y,,N,60,1,0,0,0,1,0,0,0,0,"- ","- ",,,"SANTA BARBARA","SANTA BARBARA",-119.69626622,34.4182439
8523035,2017,2018-01-12,4203,2017-12-23,2200,23093,,6,5,5,4203,0,0,0,,0,005,"STATE ST","ONTARE ST",210.00,E,N,A,-,N,,,,,,,,,,Y,3,0,1,1,A,-,08,22107,,N,A,I,A,A,H,-,C,D,0,,,,,Y,,A,01,0,1,0,0,0,0,0,0,0,"- ","- ",34.440359999999998,-119.73918999999999,"SANTA BARBARA","SANTA BARBARA",-119.73939418000001,34.44041
8523039,2017,2018-01-12,4203,2017-12-24,1353,2661,,7,5,5,4203,0,0,0,,0,002,"SAN PASCUAL ST","DE LA GUERRA ST",0.00,,Y,A,-,N,,,,,,,,,,N,3,0,2,2,A,-,01,23152,A,F,C,C,A,A,H,-,A,A,0,,,,,Y,Y,A,01,0,1,1,0,0,0,0,0,0,"- ","- ",34.24427,-119.42216000000001,"SANTA BARBARA","SANTA BARBARA",-119.70603991999999,34.413290080000003
8523370,2017,2018-01-11,4200,2017-11-22,0724,3116,14,3,5,4,4214,0,0,0,,0,080,"ELLWOOD BEACH DR","STREHLE LN",416.00,N,N,A,-,N,,,,,,,,,,Y,4,0,1,2,A,-,09,21804,A,N,D,C,A,A,H,-,A,D,0,,,,,Y,,A,01,0,0,1,0,0,0,0,0,0,"- ","- ",,,"SANTA BARBARA",GOLETA,-119.88564309,34.426512330000001
8523382,2017,2018-01-09,4200,2017-10-31,1850,3683,14,2,5,4,4214,0,0,0,,0,080,"EVERGREEN DR","SPRUCE DR",57.00,E,N,A,-,N,,,,,,,,,,Y,3,0,1,2,A,-,01,23152,F,N,C,E,A,A,H,-,C,D,0,,,,,Y,,A,01,0,1,0,0,0,0,0,0,0,"- ","- ",,,"SANTA BARBARA",GOLETA,-119.89064451,34.438430320000002
8523386,2017,2018-01-09,4200,2017-10-23,1433,3077,14,1,5,4,4214,0,0,0,,0,080,"HOLLISTER AV","SOUTH GLENN ANNIE RD",200.00,S,N,A,-,N,,,,,,,,,,Y,3,0,2,2,A,-,01,23152,A,M,C,C,A,A,H,-,A,D,0,,,,,Y,Y,D,22,0,1,1,0,0,0,0,0,0,"- ","- ",,,"SANTA BARBARA",GOLETA,-119.87177,34.430199999999999
8523398,2017,2018-01-09,4200,2017-10-23,1436,3077,14,1,5,4,4214,0,0,0,,0,080,"HOLLISTER AV","PACIFIC OAKS RD",175.00,W,N,A,-,N,,,,,,,,,,Y,4,0,1,2,A,-,01,23152,A,N,C,C,A,A,H,-,A,D,0,,,,,Y,Y,D,22,0,0,1,0,0,0,0,0,0,"- ","- ",,,"SANTA BARBARA",GOLETA,-119.8782495,34.430081000000001
8529263,2017,2018-01-10,4203,2017-12-29,2121,3597,,5,5,5,4203,0,0,0,,0,001,"S ALISOS ST","CACIQUE ST",130.00,S,N,A,-,N,,,,,,,,,,N,3,0,1,1,C,-,18,,,N,F,A,A,A,H,-,C,D,0,,,,,Y,,-,"- ",0,1,0,0,0,0,0,0,0,"- ","- ",34.251399999999997,-119.40300000000001,"SANTA BARBARA","SANTA BARBARA",-119.67488195,34.420539310000002
8529482,2017,2018-01-12,4204,2017-12-17,0136,90621,15,7,5,5,4204,0,0,0,,0,001,"ALVIN AV","RAILROAD AV",0.00,,Y,A,-,N,,,,,,,,,,N,3,0,1,2,A,-,11,21954,A,F,G,B,E,A,H,-,C,A,0,Y,,,,Y,Y,-,,0,1,0,0,1,0,0,0,0,"- ","- ",34.96069,-120.44454,"SANTA BARBARA","SANTA MARIA",-120.4445899,34.960509999999999
8529486,2017,2018-01-12,4204,2017-12-30,1520,90271,4204,6,5,5,4204,0,0,0,,0,002,"COLLEGE DR","CHAPEL ST",0.00,,Y,A,-,N,,,,,,,,,,Y,4,0,1,2,A,-,01,23152,A,N,B,C,A,A,H,-,A,D,0,,,,,Y,Y,A,01,0,0,1,0,0,0,0,0,0,"- ","- ",34.954099999999997,-120.42476000000001,"SANTA BARBARA","SANTA MARIA",-120.42480996,34.954260089999998
8529818,2017,2018-01-17,4202,2017-11-10,1037,274,,5,5,4,4202,0,0,0,,0,,"PINE AV","F ST",5.00,E,N,-,-,N,,,,,,,,,,Y,4,0,2,2,A,-,09,21801,A,N,D,C,A,A,H,-,A,D,0,,,,,Y,,A,07,0,0,2,0,0,0,0,0,0,"- ","- ",,,"SANTA BARBARA",LOMPOC,-120.45517338000001,34.650169740000003
8529822,2017,2018-01-17,4202,2017-11-28,1510,232,4202,2,5,4,4202,0,0,0,,0,,"O ST","BARTON AV",39.00,N,N,A,-,N,,,,,,,,,,Y,3,0,2,2,A,-,03,22350,,N,C,C,A,A,H,-,A,D,0,,,,,Y,,A,01,0,2,0,0,0,0,0,0,0,"- ","- ",,,"SANTA BARBARA",LOMPOC,-120.46644857,34.657547119999997
8529826,2017,2018-01-17,4202,2017-11-09,0800,295,4202,4,5,4,4202,0,0,0,,0,,"MAPLE AV","I ST",0.00,,Y,A,-,N,,,,,,,,,,N,4,0,1,2,A,-,10,21950,,N,G,B,B,A,H,-,A,A,0,Y,,,,Y,,N,60,0,0,1,0,1,0,0,0,0,"- ","- ",,,"SANTA BARBARA",LOMPOC,-120.45913992,34.645440110000003
8529990,2017,2018-01-17,4203,2017-12-25,2500,2520,4203,1,5,5,4203,0,0,0,,0,002,"EAST CABRILLO BL","NINOS DR",2200.00,W,N,A,-,N,,,,,,,,,,Y,3,0,1,1,A,-,03,22350,,M,F,A,A,A,G,-,A,D,0,,,,,Y,,-,,0,1,0,0,0,0,0,0,0,"- ","- ",,,"SANTA BARBARA","SANTA BARBARA",-119.67456255,34.416323490000003