CASE_ID,ACCIDENT_YEAR,PROC_DATE,JURIS,COLLISION_DATE,COLLISION_TIME,OFFICER_ID,REPORTING_DISTRICT,DAY_OF_WEEK,CHP_SHIFT,POPULATION,CNTY_CITY_LOC,SPECIAL_COND,BEAT_TYPE,CHP_BEAT_TYPE,CITY_DIVISION_LAPD,CHP_BEAT_CLASS,BEAT_NUMBER,PRIMARY_RD,SECONDARY_RD,DISTANCE,DIRECTION,INTERSECTION,WEATHER_1,WEATHER_2,STATE_HWY_IND,CALTRANS_COUNTY,CALTRANS_DISTRICT,STATE_ROUTE,ROUTE_SUFFIX,POSTMILE_PREFIX,POSTMILE,LOCATION_TYPE,RAMP_INTERSECTION,SIDE_OF_HWY,TOW_AWAY,COLLISION_SEVERITY,NUMBER_KILLED,NUMBER_INJURED,PARTY_COUNT,PRIMARY_COLL_FACTOR,PCF_CODE_OF_VIOL,PCF_VIOL_CATEGORY,PCF_VIOLATION,PCF_VIOL_SUBSECTION,HIT_AND_RUN,TYPE_OF_COLLISION,MVIW,PED_ACTION,ROAD_SURFACE,ROAD_COND_1,ROAD_COND_2,LIGHTING,CONTROL_DEVICE,CHP_ROAD_TYPE,PEDESTRIAN_ACCIDENT,BICYCLE_ACCIDENT,MOTORCYCLE_ACCIDENT,TRUCK_ACCIDENT,NOT_PRIVATE_PROPERTY,ALCOHOL_INVOLVED,STWD_VEHTYPE_AT_FAULT,CHP_VEHTYPE_AT_FAULT,COUNT_SEVERE_INJ,COUNT_VISIBLE_INJ,COUNT_COMPLAINT_PAIN,COUNT_PED_KILLED,COUNT_PED_INJURED,COUNT_BICYCLIST_KILLED,COUNT_BICYCLIST_INJURED,COUNT_MC_KILLED,COUNT_MC_INJURED,PRIMARY_RAMP,SECONDARY_RAMP,LATITUDE,LONGITUDE,COUNTY,CITY,POINT_X,POINT_Y
8530318,2017,2018-01-22,4204,2017-12-23,1939,90343,82,6,5,5,4204,0,0,0,,0,003,"BETTERAVIA RD","COLLEGE DR",385.00,W,N,A,-,N,,,,,,,,,,Y,4,0,4,3,A,-,03,22350,,N,C,C,A,A,H,-,C,D,0,,,,,Y,,D,22,0,0,4,0,0,0,0,0,0,"- ","- ",34.923499999999997,-120.42565,"SANTA BARBARA","SANTA MARIA",-120.42692379,34.923745510000003
8530462,2017,2018-01-19,4204,2017-12-28,1253,90276,07,4,5,5,4204,0,0,0,,0,B03,"BETTERAVIA RD","BERRY LN",1268.00,W,N,A,-,N,,,,,,,,,,N,4,0,1,2,A,-,04,21703,,N,C,C,A,A,H,-,A,A,0,,,,,Y,,A,01,0,0,1,0,0,0,0,0,0,"- ","- ",34.920879999999997,-120.46567,"SANTA BARBARA","SANTA MARIA",-120.46992803000001,34.920810000000003
8530466,2017,2018-01-19,4204,2017-12-27,0856,90276,65,3,5,5,4204,0,0,0,,0,B03,"BATTLES RD","BLOSSER RD",125.00,E,N,A,-,N,,,,,,,,,,N,3,0,1,2,A,-,07,21658,A,N,H,G,A,A,H,-,A,A,0,,Y,,,Y,,L,04,0,1,0,0,0,0,1,0,0,"- ","- ",34.931660000000001,-120.45347,"SANTA BARBARA","SANTA MARIA",-120.45355311,34.931588159999997
8530992,2017,2018-01-22,4200,2017-12-01,2343,5106,14,5,5,4,4214,0,0,0,,0,060,"ALONDRA AV","NECTARINE AV",0.00,,Y,A,-,N,,,,,,,,,,Y,3,0,1,3,A,-,08,22107,,M,D,E,A,A,H,-,C,D,0,,,,,Y,,A,01,0,1,0,0,0,0,0,0,0,"- ","- ",,,"SANTA BARBARA",GOLETA,-119.8266399,34.438800110000003
8531284,2017,2018-01-13,4203,2017-12-30,1247,7562,,6,5,5,4203,0,0,0,,0,006,"SAN ANDRES ST","MICHELTORENA ST",0.00,,Y,A,-,N,,,,,,,,,,N,4,0,1,2,A,-,04,21703,,N,C,C,A,A,H,-,A,A,0,,,,,Y,,-,,0,0,1,0,0,0,0,0,0,"- ","- ",34.418700000000001,-119.7161,"SANTA BARBARA","SANTA BARBARA",-119.71617997,34.418780060000003
8523421,2017,2018-01-09,4200,2017-10-29,2019,4512,14,7,5,4,4214,0,0,0,,0,080,"CALLE REAL","JENNA DR",140.00,W,N,A,-,N,,,,,,,,,,Y,2,0,1,5,A,-,05,21650,,N,B,E,A,A,H,-,C,D,0,,,,,Y,,A,01,1,0,0,0,0,0,0,0,0,"- ","- ",,,"SANTA BARBARA",GOLETA,-119.89855385,34.43657022
8523437,2017,2018-01-16,4200,2017-10-26,1107,3116,14,4,5,4,4214,0,0,0,,0,080,"STORKE RD","HOLLISTER AV",260.00,N,N,A,-,N,,,,,,,,,,N,4,0,2,3,A,-,03,22350,,N,C,C,A,A,H,-,A,D,0,,,,,Y,,D,22,0,0,2,0,0,0,0,0,0,"- ","- ",,,"SANTA BARBARA",GOLETA,-119.86971,34.430812719999999
8523632,2017,2018-01-03,4200,2017-10-31,1347,3683,14,2,5,4,4214,0,0,0,,0,080,"HOLLISTER AV","S GLENN ANNIE RD",0.00,,Y,A,-,N,,,,,,,,,,Y,3,0,2,2,A,-,12,21453,A,N,D,C,A,A,H,-,A,A,0,,,,,Y,,A,07,0,2,0,0,0,0,0,0,0,"- ","- ",,,"SANTA BARBARA",GOLETA,-119.87176986999999,34.430200030000002
8523668,2017,2018-06-14,4200,2017-11-07,1655,2880,,2,5,3,4205,0,0,0,,0,040,"CARPINTERIA AV","RT 101",100.00,S,N,A,-,Y,SB,5,101,-,-,4.340,R,1,S,N,3,0,1,2,A,-,09,21804,A,N,E,G,A,A,H,-,B,D,0,,Y,,,Y,Y,L,04,0,1,0,0,0,0,1,0,0,"- ","- ",34.404400000000003,-119.5354,"SANTA BARBARA",CARPINTERIA,-119.53818793000001,34.40538926
8523672,2017,2018-01-02,4200,2017-11-07,1713,3116,14,2,5,4,4214,0,0,0,,0,060,"SOUTH FAIRVIEW AV","NORTH FAIRVIEW AV",0.00,,Y,A,-,N,,,,,,,,,,N,3,0,1,2,A,-,09,21802,A,N,D,G,A,A,H,-,C,A,0,,Y,,,Y,,A,01,0,1,0,0,0,0,1,0,0,"- ","- ",,,"SANTA BARBARA",GOLETA,-119.83235996000001,34.439190060000001
8523676,2017,2018-01-02,4200,2017-11-02,1949,4983,,4,5,3,4205,0,0,0,,0,060,"7TH ST","HOLLY AV",0.00,,Y,A,-,N,,,,,,,,,,N,4,0,1,2,A,-,03,22350,,F,C,G,A,A,H,-,C,A,0,,Y,,,Y,,A,01,0,0,1,0,0,0,1,0,0,"- ","- ",,,"SANTA BARBARA",CARPINTERIA,-119.52283989,34.39874004
8523889,2017,2018-01-02,4200,2017-12-04,1302,3634,,1,5,3,4205,0,0,0,,0,040,"VIA REAL","CRAMER CIR",179.00,W,N,A,-,N,,,,,,,,,,Y,3,0,1,1,A,-,01,23152,E,N,A,I,A,A,H,-,A,D,0,,,,,Y,,A,07,0,1,0,0,0,0,0,0,0,"- ","- ",,,"SANTA BARBARA",CARPINTERIA,-119.52875545000001,34.404737590000003
8523892,2017,2018-01-10,4204,2017-12-25,1337,90790,16,1,5,5,4204,0,0,0,,0,001,"E ORCHARD","MILLER ST",250.00,W,N,A,-,N,,,,,,,,,,Y,4,0,1,2,A,-,09,21804,A,F,D,C,A,A,H,-,A,D,0,,,,,Y,,A,01,0,0,1,0,0,0,0,0,0,"- ","- ",,,"SANTA BARBARA","SANTA MARIA",-120.43203409,34.965847840000002
8524100,2017,2018-01-12,4204,2017-12-20,2124,90228,56,3,5,5,4204,0,0,0,,0,002,BROADWAY,"PARK AV",0.00,,Y,A,-,N,,,135,,,,,,,N,4,0,1,2,A,-,11,21955,,N,G,B,-,A,H,-,C,D,0,Y,,,,Y,,N,60,0,0,1,0,1,0,0,0,0,"- ","- ",34.944499999999998,-120.43576,"SANTA BARBARA","SANTA MARIA",-120.43592671,34.944503730000001
8524151,2017,2018-07-13,4204,2017-12-22,0944,90269,57,5,5,5,4204,0,0,0,,0,002,BROADWAY,"PARK AV",20.00,N,N,A,-,Y,SB,5,135,-,-,15.190,H,-,N,Y,4,0,1,2,A,-,03,22350,,N,C,C,A,A,H,-,A,D,0,,,,,Y,,-,"- ",0,0,1,0,0,0,0,0,0,"- ","- ",34.944499999999998,-120.43576,"SANTA BARBARA","SANTA MARIA",-120.43592554999999,34.944643929999998
8524159,2017,2018-01-10,4204,2017-11-29,1419,90081,51,3,5,5,4204,0,0,0,,0,002,"ORANGE ST","SMITH ST",0.00,,Y,A,-,N,,,,,,,,,,N,4,0,1,2,A,-,09,21800,B,N,D,C,A,A,H,-,A,D,0,,,,,Y,,A,01,0,0,1,0,0,0,0,0,0,"- ","- ",34.948999999999998,-120.44276000000001,"SANTA BARBARA","SANTA MARIA",-120.44257998,34.948820040000001
8524253,2017,2018-01-10,4204,2017-11-28,1526,90081,1,2,5,5,4204,0,0,0,,0,001,"HIDDEN PINES WY","BALDWIN WY",0.00,,Y,A,-,N,,,,,,,,,,N,4,0,1,2,D,-,00,,,F,G,B,B,A,H,-,A,D,0,Y,,,,Y,,-,"- ",0,0,1,0,1,0,0,0,0,"- ","- ",34.985810000000001,-120.44692999999999,"SANTA BARBARA","SANTA MARIA",-120.44701992,34.985930009999997
8524345,2017,2018-01-11,4204,2017-12-21,0908,90139,4204,4,5,5,4204,0,0,0,,0,003,"BETTERAVIA RD","MILLER ST",0.00,,Y,A,-,N,,,,,,,,,,Y,4,0,2,2,A,-,12,21453,A,N,D,C,A,A,H,-,A,A,0,,,,,Y,,A,01,0,0,2,0,0,0,0,0,0,"- ","- ",34.922350000000002,-120.43127,"SANTA BARBARA","SANTA MARIA",-120.43128989,34.922600070000001
8524349,2017,2018-03-03,4204,2017-12-23,1403,90684,27,6,5,5,4204,0,0,0,,0,001,BROADWAY,"FESLER ST",0.00,,Y,A,-,N,,,135,,,,,,,Y,4,0,1,2,A,-,12,21453,A,N,D,C,A,A,H,-,A,A,0,,,,,Y,,A,01,0,0,1,0,0,0,0,0,0,"- ","- ",34.956479999999999,-120.43527,"SANTA BARBARA","SANTA MARIA",-120.43576572000001,34.956477649999997
8525361,2017,2018-01-17,4203,2017-12-28,1432,24321,53MC,4,5,5,4203,0,0,0,,0,004,"BATH ST","CARRILLO ST",0.00,,Y,A,-,N,,,,,,,,,,N,4,0,1,2,A,-,04,21703,,N,C,C,A,A,H,-,A,A,0,,,,,Y,,A,01,0,0,1,0,0,0,0,0,0,"- ","- ",34.418219999999998,-119.70524,"SANTA BARBARA","SANTA BARBARA",-119.70524995,34.418320020000003
8525365,2017,2018-01-17,4203,2017-12-30,1205,24078,43,6,5,5,4203,0,0,0,,0,003,"E HALEY ST","GARDEN ST",181.00,W,-,A,-,N,,,,,,,,,,N,3,0,1,2,D,-,00,,,N,A,G,A,A,H,-,A,D,0,,Y,,,Y,,-,"- ",0,1,0,0,0,0,1,0,0,"- ","- ",34.41957,-119.69253999999999,"SANTA BARBARA","SANTA BARBARA",-119.69251435,34.419635650000004
8525438,2017,2018-01-17,4203,2017-12-27,1151,9480,,3,5,5,4203,0,0,0,,0,005,"S LA CUMBRE RD","STATE ST",117.00,S,N,A,-,N,,,,,,,,,,N,3,0,1,2,A,-,09,21804,A,N,G,B,F,A,H,-,A,D,0,Y,,,,Y,,-,,0,1,0,0,1,0,0,0,0,"- ","- ",34.262419999999999,-119.45128,"SANTA BARBARA","SANTA BARBARA",-119.75105945,34.440108840000001
8525630,2017,2018-01-12,4203,2017-12-13,0645,5751,56,3,5,5,4203,0,0,0,,0,005,"SAN REMO DR","N HOPE AV",425.00,E,N,A,-,N,,,,,,,,,,Y,3,0,1,3,A,-,08,22107,,N,E,I,A,A,H,-,A,D,0,,,,,Y,,A,01,0,1,0,0,0,0,0,0,0,"- ","- ",34.442439999999998,-119.74523000000001,"SANTA BARBARA","SANTA BARBARA",-119.74524183,34.442652019999997
8526753,2017,2018-01-09,4200,2017-10-04,1855,3077,14,3,5,4,4214,0,0,0,,0,050,"CALLE REAL","KINGSTON AV",918.00,W,N,A,-,N,,,,,,,,,,Y,3,0,1,6,A,-,03,22350,,N,D,C,A,A,H,-,C,D,0,,,,,Y,,A,01,0,1,0,0,0,0,0,0,0,"- ","- ",,,"SANTA BARBARA",GOLETA,-119.82472635000001,34.441283949999999
8527076,2017,2018-01-10,4200,2017-11-11,2222,3083,14,6,5,4,4214,0,0,0,,0,060,"HOLLISTER AV","LOS CARNEROS RD",0.00,,Y,A,-,N,,,,,,,,,,N,4,0,1,2,A,-,12,21453,A,N,D,C,A,A,H,-,C,A,0,,,,,Y,,A,01,0,0,1,0,0,0,0,0,0,"- ","- ",,,"SANTA BARBARA",GOLETA,-119.85974985999999,34.430420060000003
8527080,2017,2018-01-10,4200,2017-11-16,2007,3083,14,4,5,4,4214,0,0,0,,0,060,"HOLLISTER AV","NECTARINE AV",229.00,W,N,A,-,N,,,,,,,,,,Y,2,0,1,2,A,-,21,22106,,N,D,C,A,A,H,-,C,D,0,,,Y,,Y,,A,08,1,0,0,0,0,0,0,0,1,"- ","- ",,,"SANTA BARBARA",GOLETA,-119.82741661999999,34.435896659999997
8527084,2017,2018-01-10,4200,2017-11-17,1045,3116,14,5,5,4,4214,0,0,0,,0,080,"STORKE RD","HOLLISTER AV",406.00,E,N,A,-,N,,,,,,,,,,N,4,0,1,2,A,-,11,21966,,N,G,B,E,A,H,-,A,D,0,Y,,,,Y,,N,60,0,0,1,0,1,0,0,0,0,"- ","- ",,,"SANTA BARBARA",GOLETA,-119.86975,34.430100000000003
8527088,2017,2018-01-10,4200,2017-11-21,1215,3683,14,2,5,4,4214,0,0,0,,0,050,"VALDEZ AV","CALLE REAL",0.00,,Y,A,-,N,,,,,,,,,,N,3,0,1,2,A,-,09,21802,A,N,D,C,A,A,D,-,A,A,0,,,,,Y,,A,01,0,1,0,0,0,0,0,0,0,"- ","- ",,,"SANTA BARBARA",GOLETA,-119.83768999999999,34.439300070000002
8527894,2017,2018-01-16,4203,2017-10-31,1905,5751,52,2,5,5,4203,0,0,0,,0,005,"SAN ROQUE RD","CALLE ROSALES",110.00,S,N,A,-,N,,,,,,,,,,Y,4,0,2,2,A,-,21,22106,,N,C,C,A,A,H,-,C,D,0,,,,,Y,,A,07,0,0,2,0,0,0,0,0,0,"- ","- ",34.443060000000003,-119.73399999999999,"SANTA BARBARA","SANTA BARBARA",-119.73393052999999,34.443279029999999
8528086,2017,2018-01-16,4200,2017-12-06,1049,3116,14,3,5,4,4214,0,0,0,,0,060,"HOLLISTER AV","KELLOGG AV",43.00,E,N,A,-,N,,,,,,,,,,Y,4,0,1,2,A,-,03,22350,,N,C,C,A,A,H,-,A,A,0,,,,,Y,,D,22,0,0,1,0,0,0,0,0,0,"- ","- ",,,"SANTA BARBARA",GOLETA,-119.82040766999999,34.435804189999999
8528094,2017,2018-01-10,4200,2017-11-14,1327,3634,,2,5,3,4205,0,0,0,,0,030,"CASITAS PASS RD","CAMEO RD",0.00,,Y,A,-,N,,,,,,,,,,Y,3,0,1,2,A,-,09,21802,A,N,D,C,A,A,H,-,A,D,0,,,,,Y,,D,22,0,1,0,0,0,0,0,0,0,"- ","- ",,,"SANTA BARBARA",CARPINTERIA,-119.50971995,34.397690050000001
8528098,2017,2018-01-10,4200,2017-11-11,1722,3083,14,6,5,4,4214,0,0,0,,0,060,"HOLLISTER AV","S KELLOGG AV",0.00,,Y,A,-,N,,,,,,,,,,N,2,0,1,2,A,-,11,21456,,N,G,B,B,A,H,-,E,A,0,Y,,,,Y,,N,60,1,0,0,0,1,0,0,0,0,"- ","- ",,,"SANTA BARBARA",GOLETA,-119.82055998,34.435690059999999
8528106,2017,2018-01-13,4200,2017-11-21,1232,3683,14,2,5,4,4214,0,0,0,,0,080,"HOLLISTER AV","PACIFIC OAKS RD",250.00,E,N,A,-,N,,,,,,,,,,Y,4,0,1,3,A,-,03,22350,,N,C,C,A,A,D,-,A,A,0,,,,,Y,,A,07,0,0,1,0,0,0,0,0,0,"- ","- ",,,"SANTA BARBARA",GOLETA,-119.87684154,34.430107270000001
8528138,2017,2018-01-10,4200,2017-11-13,1749,3077,14,1,5,4,4214,0,0,0,,0,080,"CALAVERAS AV","CALLE REAL",131.00,N,N,A,-,N,,,,,,,,,,Y,4,0,1,2,A,-,08,22107,,N,C,E,A,A,H,-,D,D,0,,,,,Y,,A,01,0,0,1,0,0,0,0,0,0,"- ","- ",,,"SANTA BARBARA",GOLETA,-119.87802945,34.433348899999999
8528162,2017,2018-01-11,4200,2017-12-18,1139,3683,14,1,5,4,4214,0,0,0,,0,050,"ENCINA RD","N FAIRVIEW AV",0.00,,Y,A,-,N,,,,,,,,,,Y,3,0,1,1,A,-,08,22107,,N,E,I,A,A,H,-,A,D,0,,,,,Y,,A,07,0,1,0,0,0,0,0,0,0,"- ","- ",,,"SANTA BARBARA",GOLETA,-119.83067993,34.443070030000001
8528225,2017,2018-01-12,4200,2017-12-02,1253,3822,14,6,5,4,4214,0,0,0,,0,060,"HOLLISTER AV","RUTHERFORD ST",266.00,E,N,A,-,N,,,,,,,,,,N,3,0,2,2,A,-,09,21804,A,N,D,C,A,A,H,-,A,A,0,,,,,Y,,A,01,0,2,0,0,0,0,0,0,0,"- ","- ",,,"SANTA BARBARA",GOLETA,-119.82436151,34.43569918
8528229,2017,2018-01-12,4200,2017-12-05,1825,5052,12,2,5,3,4205,0,0,0,,0,030,"CARPINTERIA AV","CASITAS PASS RD",0.00,,Y,A,-,N,,,,,,,,,,N,4,0,1,2,A,-,10,21950,A,N,G,B,C,A,H,-,C,A,0,Y,,,,Y,,A,01,0,0,1,0,1,0,0,0,0,"- ","- ",,,"SANTA BARBARA",CARPINTERIA,-119.51431995999999,34.395520050000002
8528233,2017,2018-01-12,4200,2017-12-22,1209,3116,14,5,5,4,4214,0,0,0,,0,080,"HOLLISTER AV","SANTA FELICIA DR",42.00,E,N,A,-,N,,,,,,,,,,Y,4,0,1,3,A,-,03,22350,,N,C,C,A,A,H,-,A,D,0,,,,,Y,,A,01,0,0,1,0,0,0,0,0,0,"- ","- ",,,"SANTA BARBARA",GOLETA,-119.87576084,34.430122490000002
8528237,2017,2018-01-12,4200,2017-12-22,1403,3116,14,5,5,4,4214,0,0,0,,0,050,"FAIRVIEW AV","SHIRRELL WY",0.00,,Y,A,-,N,,,,,,,,,,Y,2,0,1,2,A,-,09,21802,A,N,D,C,A,A,H,-,A,A,0,,,Y,,Y,,A,07,1,0,0,0,0,0,0,0,1,"- ","- ",,,"SANTA BARBARA",GOLETA,-119.83065997,34.444080059999997
8508807,2017,2017-12-13,4203,2017-12-01,1033,7668,,5,5,5,4203,0,0,0,,0,006,"RED ROSE WY","CAMINO CALMA",162.00,W,N,A,-,N,,,,,,,,,,N,4,0,1,2,A,-,03,22350,,N,C,C,A,A,H,-,A,D,0,,,,,Y,,-,,0,0,1,0,0,0,0,0,0,"- ","- ",34.403500000000001,-119.7247,"SANTA BARBARA","SANTA BARBARA",-119.72456407999999,34.403478739999997
8513009,2017,2018-01-12,4200,2017-09-29,2123,5065,14,5,5,4,4214,0,0,0,,0,050,"LA GOLETA RD","N FAIRVIEW AV",71.00,W,N,A,-,N,,,,,,,,,,Y,3,0,1,1,A,-,03,22350,,N,E,I,A,A,H,-,D,D,0,,,,,Y,,A,01,0,1,0,0,0,0,0,0,0,"- ","- ",,,"SANTA BARBARA",GOLETA,-119.83080502,34.453730370000002
8513538,2017,2018-02-06,4203,2017-12-14,1254,5751,50,4,5,5,4203,0,0,0,,0,005,"ANACAPA ST","E CONSTANCE AV",0.00,,Y,A,-,N,,,,,,,,,,Y,4,0,1,2,A,-,09,21801,A,N,D,C,A,A,H,-,A,D,0,,,,,Y,,A,07,0,0,1,0,0,0,0,0,0,"- ","- ",34.437440000000002,-119.72111,"SANTA BARBARA","SANTA BARBARA",-119.72114987,34.437500020000002
8515081,2017,2018-06-19,4204,2017-11-17,0741,90081,49,5,5,5,4204,0,0,0,,0,002,"MAIN ST","NICHOLSON AV",150.00,E,N,B,C,Y,SB,5,101,-,-,88.780,R,4,N,Y,4,0,2,2,A,-,04,21703,,N,C,C,A,B,H,-,A,A,0,,,,,Y,,A,01,0,0,2,0,0,0,0,0,0,"- ","- ",34.95308,-120.41633,"SANTA BARBARA","SANTA MARIA",-120.4171954,34.955400529999999
8515110,2017,2018-06-20,4204,2017-12-07,1309,22113,36,4,5,5,4204,0,0,0,,0,002,"CONCEPCION AV","MAIN ST",15.00,N,N,A,-,Y,SB,5,166,-,-,8.640,H,-,W,Y,4,0,1,2,A,-,09,21801,A,N,D,C,A,A,H,-,A,A,0,,,,,Y,,A,01,0,0,1,0,0,0,0,0,0,"- ","- ",34.952849999999998,-120.42267,"SANTA BARBARA","SANTA MARIA",-120.42246651000001,34.953136890000003
8516052,2017,2018-06-20,4203,2017-12-09,1120,75681,,6,5,5,4203,0,0,0,,0,005,"FOOTHILL RD","ONTARE RD",0.00,,Y,E,-,Y,SB,5,192,-,-,1.640,I,5,W,Y,4,0,1,2,A,-,12,21453,A,N,D,C,A,A,H,-,A,A,0,,,,,Y,,-,,0,0,1,0,0,0,0,0,0,"- ","- ",34.450499999999998,-119.73779999999999,"SANTA BARBARA","SANTA BARBARA",-119.73785277,34.450477210000003
8516175,2017,2018-07-13,4204,2017-12-10,0930,90342,16,7,5,5,4204,0,0,0,,0,001,BROADWAY,"DONOVAN RD",0.00,,Y,A,-,Y,SB,5,135,-,-,16.770,I,5,N,Y,4,0,1,2,A,-,12,21453,A,N,D,C,A,A,H,-,A,A,0,,,,,Y,,A,01,0,0,1,0,0,0,0,0,0,"- ","- ",34.967759999999998,-120.43544,"SANTA BARBARA","SANTA MARIA",-120.43561164,34.967600990000001
8516836,2017,2018-01-11,4200,2017-11-29,1630,5108,14,3,5,4,4214,0,0,0,,0,080,"STORKE AV","WILLOWGROVE DR",50.00,N,N,A,-,N,,,,,,,,,,N,3,0,1,2,A,-,07,21658,A,N,H,G,A,A,H,-,A,D,0,,Y,,,Y,,L,04,0,1,0,0,0,0,1,0,0,"- ","- ",,,"SANTA BARBARA",GOLETA,-119.86968887,34.420077300000003
8543388,2017,2018-02-02,4201,2017-05-21,1130,3317,,7,5,2,4201,0,0,0,,0,051,"HERNANDEZ DR","MILLS  LN",0.00,,-,A,-,N,,,,,,,,,,Y,4,0,2,2,A,-,00,23123,5,N,B,C,A,A,H,-,A,-,0,,,,,Y,,-,,0,0,2,0,0,0,0,0,0,"- ","- ",,,"SANTA BARBARA",GUADALUPE,-120.57859994,34.959000039999999
8543841,2017,2018-07-13,4200,2017-12-30,2139,3077,14,6,5,4,4214,0,0,0,,0,060,"PATTERSON AV","RT 101",0.00,,Y,A,-,Y,SB,5,101,-,-,20.850,R,4,S,Y,3,0,2,2,A,-,09,21453,C,N,D,C,A,A,H,-,C,A,0,,,,,Y,,A,07,0,2,0,0,0,0,0,0,0,"- ","- ",34.441470000000002,-119.80840999999999,"SANTA BARBARA",GOLETA,-119.80318621000001,34.4414552
8544766,2017,2018-02-07,4204,2017-12-22,1824,90614,26,5,5,5,4204,0,0,0,,0,001,"FESLER ST","LINCOLN ST",0.00,,Y,A,-,N,,,,,,,,,,Y,4,0,1,2,A,-,09,21802,A,N,D,C,A,A,H,-,C,D,0,,,,,Y,,A,01,0,0,1,0,0,0,0,0,0,"- ","- ",34.956519999999998,-120.43725999999999,"SANTA BARBARA","SANTA MARIA",-120.43730987000001,34.9564801
8531297,2017,2018-07-13,4202,2017-10-30,1216,295,4202,1,5,4,4202,0,0,0,,0,,"RT 246","A ST",12.00,E,N,A,-,Y,SB,5,1,-,-,20.060,H,-,N,Y,4,0,1,3,A,-,03,22350,,N,C,C,A,A,H,-,A,A,0,,,,,Y,,A,01,0,0,1,0,0,0,0,0,0,"- ","- ",,,"SANTA BARBARA",LOMPOC,-120.44931888000001,34.638943150000003
8533735,2017,2018-01-19,4204,2017-12-22,1934,90719,4204,5,5,5,4204,0,0,0,,0,002,"MAIN ST","ELIZABETH ST E",0.00,,Y,A,-,N,,,166,,,,,,,Y,2,0,1,2,A,-,03,22350,,N,G,B,B,A,H,-,C,D,0,Y,,,,Y,,A,01,1,0,0,0,1,0,0,0,0,"- ","- ",34.95299,-120.42838999999999,"SANTA BARBARA","SANTA MARIA",-120.42839221,34.953103239999997
8536234,2017,2018-01-16,4200,2017-10-28,0720,4057,14,6,5,4,4214,0,0,0,,0,080,"GLENN ANNIE RD","CATHEDRAL OAKS RD",0.00,,Y,A,-,N,,,,,,,,,,N,3,0,1,2,A,-,09,21801,A,N,A,C,A,A,H,-,A,A,0,,,,,Y,Y,A,01,0,1,0,0,0,0,0,0,0,"- ","- ",,,"SANTA BARBARA",GOLETA,-119.87452991000001,34.440840110000003
8538234,2017,2018-02-15,4203,2017-11-22,1130,5751,15,3,5,5,4203,0,0,0,,0,002,"CLIFF DR","LOMA ALTA DR",0.00,,Y,A,-,N,,,225,,,,,,,N,3,0,1,2,A,-,11,21456,B,N,G,B,B,A,H,-,A,A,0,Y,,,,Y,,N,60,0,1,0,0,1,0,0,0,0,"- ","- ",34.406419999999997,-119.70141,"SANTA BARBARA","SANTA BARBARA",-119.70145997,34.406518470000002
8538647,2017,2018-01-31,4200,2017-01-16,1607,5107,7,1,5,3,4205,0,0,0,,0,030,"CARPINTERIA AV","ARBOL VERDE ST",50.00,E,N,A,-,N,,,,,,,,,,Y,3,0,1,2,A,-,03,22350,,N,C,C,A,A,B,-,A,D,0,,,,,Y,,A,01,0,1,0,0,0,0,0,0,0,"- ","- ",,,"SANTA BARBARA",CARPINTERIA,-119.51144554,34.393110810000003
8538731,2017,2018-06-19,4200,2017-12-22,1649,3077,14,5,5,4,4214,0,0,0,,0,060,"PATTERSON AV","RT 101",270.00,S,N,A,-,N,,,,,,,,,,Y,4,0,2,3,A,-,03,22350,,N,C,C,A,A,H,-,A,D,0,,,,,Y,,D,22,0,0,2,0,0,0,0,0,0,"- ",SO,,,"SANTA BARBARA",GOLETA,-119.80853358,34.441071350000001
8538848,2017,2018-01-31,4200,2017-12-31,1558,4796,14,7,5,4,4214,0,0,0,,0,060,"HOLLISTER AV","LOS CARNEROS RD",0.00,,Y,A,-,N,,,,,,,,,,Y,3,0,2,3,A,-,12,21453,A,N,D,C,A,A,H,-,A,A,0,,,,,Y,,A,01,0,1,1,0,0,0,0,0,0,"- ","- ",,,"SANTA BARBARA",GOLETA,-119.85974985999999,34.430420060000003
8538852,2017,2018-01-31,4200,2017-12-22,1722,3083,14,5,5,4,4214,0,0,0,,0,050,"CATHEDRAL OAKS RD","N FAIRVIEW AV",0.00,,Y,A,-,N,,,,,,,,,,N,4,0,2,2,A,-,21,22106,,N,C,C,A,A,H,-,C,A,0,,,,,Y,,A,07,0,0,2,0,0,0,0,0,0,"- ","- ",,,"SANTA BARBARA",GOLETA,-119.83070993,34.451380059999998
8554099,2017,2018-07-13,4202,2017-12-15,1720,23211,4202,5,5,4,4202,0,0,0,,0,,"V ST","RT 246",25.00,N,N,A,-,Y,SB,5,246,-,-,8.560,H,-,W,N,4,0,1,2,A,-,05,21650,1,N,A,G,A,A,H,-,C,A,0,,Y,,,Y,,L,04,0,0,1,0,0,0,1,0,0,"- ","- ",,,"SANTA BARBARA",LOMPOC,-120.47541624,34.639141330000001
8559761,2017,2018-02-26,4202,2017-12-20,0616,23211,4202,3,5,4,4202,0,0,0,,0,,"A ST","CHESTNUT AV",15.00,E,N,A,-,N,,,,,,,,,,Y,4,0,3,2,A,-,12,22450,,N,D,C,A,A,H,-,B,A,0,,,,,Y,,A,01,0,0,3,0,0,0,0,0,0,"- ","- ",,,"SANTA BARBARA",LOMPOC,-120.44898000000001,34.642150000000001
8559781,2017,2018-02-26,4202,2017-09-14,1437,274,,4,5,4,4202,0,0,0,,0,,"A ST","BARTON AV",12.00,S,N,A,B,N,,,,,,,,,,N,4,0,1,2,A,-,03,22350,,F,C,C,A,A,H,-,A,A,0,,,,,Y,,A,07,0,0,1,0,0,0,0,0,0,"- ","- ",,,"SANTA BARBARA",LOMPOC,-120.44889046,34.657037039999999