CASE_ID,ACCIDENT_YEAR,PROC_DATE,JURIS,COLLISION_DATE,COLLISION_TIME,OFFICER_ID,REPORTING_DISTRICT,DAY_OF_WEEK,CHP_SHIFT,POPULATION,CNTY_CITY_LOC,SPECIAL_COND,BEAT_TYPE,CHP_BEAT_TYPE,CITY_DIVISION_LAPD,CHP_BEAT_CLASS,BEAT_NUMBER,PRIMARY_RD,SECONDARY_RD,DISTANCE,DIRECTION,INTERSECTION,WEATHER_1,WEATHER_2,STATE_HWY_IND,CALTRANS_COUNTY,CALTRANS_DISTRICT,STATE_ROUTE,ROUTE_SUFFIX,POSTMILE_PREFIX,POSTMILE,LOCATION_TYPE,RAMP_INTERSECTION,SIDE_OF_HWY,TOW_AWAY,COLLISION_SEVERITY,NUMBER_KILLED,NUMBER_INJURED,PARTY_COUNT,PRIMARY_COLL_FACTOR,PCF_CODE_OF_VIOL,PCF_VIOL_CATEGORY,PCF_VIOLATION,PCF_VIOL_SUBSECTION,HIT_AND_RUN,TYPE_OF_COLLISION,MVIW,PED_ACTION,ROAD_SURFACE,ROAD_COND_1,ROAD_COND_2,LIGHTING,CONTROL_DEVICE,CHP_ROAD_TYPE,PEDESTRIAN_ACCIDENT,BICYCLE_ACCIDENT,MOTORCYCLE_ACCIDENT,TRUCK_ACCIDENT,NOT_PRIVATE_PROPERTY,ALCOHOL_INVOLVED,STWD_VEHTYPE_AT_FAULT,CHP_VEHTYPE_AT_FAULT,COUNT_SEVERE_INJ,COUNT_VISIBLE_INJ,COUNT_COMPLAINT_PAIN,COUNT_PED_KILLED,COUNT_PED_INJURED,COUNT_BICYCLIST_KILLED,COUNT_BICYCLIST_INJURED,COUNT_MC_KILLED,COUNT_MC_INJURED,PRIMARY_RAMP,SECONDARY_RAMP,LATITUDE,LONGITUDE,COUNTY,CITY,POINT_X,POINT_Y
90373441,2017,2017-01-20,9760,2017-01-06,1744,020804,,5,2,9,4200,0,1,2,,2,020,"US-101 N/B","LAS POSITAS RD",400.00,N,N,A,-,Y,,,101,,,,,,N,N,4,0,1,2,A,-,03,22350,,F,C,C,A,A,H,-,C,D,0,,,,,Y,,A,01,0,0,1,0,0,0,0,0,0,"- ","- ",34.429029999999997,-119.73965,"SANTA BARBARA",UNINCORPORATED,-119.73964724,34.429038439999999
90373446,2017,2017-01-20,9760,2017-01-08,1400,015669,,7,2,9,4200,0,1,2,,2,010,"US-101 N/B","SHEFFIELD DRIVE",1056.00,S,N,B,-,Y,,,101,,,,,,N,Y,4,0,1,1,A,-,08,22107,,N,E,I,A,A,H,-,A,D,0,,,,,Y,,A,01,0,0,1,0,0,0,0,0,0,"- ","- ",34.421570000000003,-119.61077,"SANTA BARBARA",UNINCORPORATED,-119.61078218,34.42149182
90373898,2017,2017-01-20,9750,2017-01-19,1747,017910,,4,2,9,4200,0,3,5,,2,020,"HARRIS GRADE RD",SR-135,10032.00,S,N,B,-,N,,,,,,,,,,Y,3,0,1,1,A,-,08,22107,,N,E,I,A,B,H,-,D,D,0,,,,,Y,,A,01,0,1,0,0,0,0,0,0,0,"- ","- ",34.744630000000001,-120.43817,"SANTA BARBARA",UNINCORPORATED,-120.43721745000001,34.745267949999999
90374002,2017,2017-03-22,9755,2017-01-18,1735,017255,,3,2,9,4200,0,1,2,,2,004,"US-101 N/B",SR-1,2640.00,S,N,C,-,Y,,,101,,,,,,N,Y,4,0,1,1,A,-,03,22350,,N,E,I,A,B,H,-,D,D,0,,,,,Y,,D,22,0,0,1,0,0,0,0,0,0,"- ","- ",34.50506,-120.22636,"SANTA BARBARA",UNINCORPORATED,-120.22629000000001,34.50505896
90374163,2017,2017-01-20,9755,2017-01-19,1240,015281,,4,1,9,4200,0,3,5,,2,050,"SANTA ROSA ROAD","AVENUE OF FLAGS",26400.00,W,N,B,C,N,,,,,,,,,,Y,4,0,1,1,A,-,08,22107,,N,F,A,A,B,H,-,A,D,0,,,,,Y,,D,22,0,0,1,0,0,0,0,0,0,"- ","- ",34.595320000000001,-120.25548999999999,"SANTA BARBARA",UNINCORPORATED,-120.19305,34.603070000000002
90374242,2017,2017-01-23,9760,2017-01-10,1228,015669,,2,1,9,4200,0,3,5,,2,005,"PARDALL ROAD","EMBARCADERO DEL NORTE",0.00,,Y,B,-,N,,,,,,,,,,N,4,0,2,2,D,-,00,,,N,D,G,A,A,H,-,A,A,0,,Y,,,Y,,-,"- ",0,0,2,0,0,0,2,0,0,"- ","- ",34.4131,-119.8554,"SANTA BARBARA",UNINCORPORATED,-119.85538993999999,34.413090050000001
90374306,2017,2017-01-23,9760,2017-01-11,1920,021476,,3,2,9,4200,0,1,2,,1,040,"US-101 S/B","REFUGIO RD",4700.00,S,N,C,-,Y,,,101,,,,,,S,Y,3,0,1,1,A,-,08,22107,,N,E,I,A,B,H,-,D,D,0,,,,,Y,,A,01,0,1,0,0,0,0,0,0,0,"- ","- ",34.462339999999998,-120.0538,"SANTA BARBARA",UNINCORPORATED,-120.05380171,34.46235514
90374775,2017,2017-01-23,9755,2017-01-17,0545,013618,,2,3,9,4200,0,1,3,,1,055,"RT 1","FIREFIGHTER ROAD",80.00,N,N,A,-,Y,,,1,,,,,,,Y,4,0,1,2,A,-,08,22107,,N,B,C,A,A,H,-,D,D,0,,,,,Y,,A,01,0,0,1,0,0,0,0,0,0,"- ","- ",34.767609999999998,-120.51197999999999,"SANTA BARBARA",UNINCORPORATED,-120.51202188000001,34.767618110000001
90375084,2017,2017-01-23,9750,2017-01-19,1750,017379,,4,2,9,4200,0,3,5,,2,020,"HILLVIEW RD.","FRANCINE LN.",18.00,N,N,B,-,N,,,,,,,,,,Y,4,0,1,2,A,-,08,22107,,N,C,E,A,A,H,-,D,D,0,,,,,Y,,A,01,0,0,1,0,0,0,0,0,0,"- ","- ",34.892620000000001,-120.42529,"SANTA BARBARA",UNINCORPORATED,-120.42520069,34.892569440000003
90403563,2017,2017-03-01,9750,2017-02-28,1020,015915,,2,1,9,4200,0,3,5,,2,030,"FOXEN CANYON ROAD","ALISOS CANYON ROAD",3696.00,N,N,A,-,N,,,,,,,,,,Y,4,0,1,1,A,-,08,22107,,N,E,I,A,A,H,-,A,D,0,,,,,Y,,A,07,0,0,1,0,0,0,0,0,0,"- ","- ",34.783549999999998,-120.16508,"SANTA BARBARA",UNINCORPORATED,-120.1654693,34.783648849999999
90403973,2017,2017-03-01,9760,2017-01-15,1550,020964,,7,2,9,4200,0,3,5,,2,005,"CAMINO CORTO","TRIGO ROAD",13.00,N,N,B,-,N,,,,,,,,,,Y,3,0,1,2,A,-,01,23152,A,F,H,G,A,A,H,-,A,D,0,,Y,,,Y,Y,A,01,0,1,0,0,0,0,1,0,0,"- ","- ",34.411239999999999,-119.86646,"SANTA BARBARA",UNINCORPORATED,-119.86642999999999,34.411185699999997
90404722,2017,2017-03-02,9755,2017-03-01,1640,016058,,3,2,9,4200,0,1,3,,1,053,SR-246,"CEBADA CANYON RD",3168.00,E,N,A,-,Y,,,246,,,,,,,Y,4,0,1,2,A,-,03,22350,,N,C,C,A,A,H,-,A,D,0,,,,,Y,,A,07,0,0,1,0,0,0,0,0,0,"- ","- ",34.664749999999998,-120.38879,"SANTA BARBARA",UNINCORPORATED,-120.38879022,34.664694330000003
90405023,2017,2017-03-03,9760,2017-02-19,1810,020908,,7,2,9,4200,0,3,5,,2,005,"CAMINO PESCADERO","PICASSO ROAD",0.00,,Y,C,-,N,,,,,,,,,,N,3,0,1,2,A,-,12,22450,A,N,H,G,A,B,H,-,C,A,0,,Y,,,Y,,L,04,0,1,0,0,0,0,1,0,0,"- ","- ",34.415190000000003,-119.85871,"SANTA BARBARA",UNINCORPORATED,-119.85868992,34.41520002
90405035,2017,2017-03-03,9760,2017-02-19,1102,020029,,7,1,9,4200,0,3,5,,2,002,"GIBRALTOR RD","E. CAMINO CIELO",4000.00,S,N,A,-,N,,,,,,,,,,N,3,0,1,2,A,-,03,22350,,N,H,G,A,A,D,G,A,D,0,,Y,,,Y,,L,04,0,1,0,0,0,0,1,0,0,"- ","- ",34.481110000000001,-119.68454,"SANTA BARBARA",UNINCORPORATED,-119.68903856,34.490197139999999
90405039,2017,2017-03-03,9760,2017-02-19,2115,021476,,7,2,4,4214,0,1,2,,2,020,"US-101 S/B","PATTERSON AVE",4020.00,N,N,B,C,Y,,,101,,,,,,S,Y,3,0,1,2,A,-,03,22350,,N,G,B,E,B,H,-,D,D,0,Y,,,,Y,,A,07,0,1,0,0,1,0,0,0,0,"- ","- ",34.440339999999999,-119.82192000000001,"SANTA BARBARA",GOLETA,-119.82192585999999,34.440412209999998
90405675,2017,2017-03-06,9760,2017-02-21,1445,018418,,2,2,3,4205,0,1,2,,2,010,"U.S. 101 N/B","BAILARD AVE",1500.00,N,N,B,-,Y,,,,,,,,,,Y,4,0,1,1,A,-,03,22350,,N,F,A,A,B,H,-,A,D,0,,,,,Y,,E,22,0,0,1,0,0,0,0,0,0,"- ","- ",34.391170000000002,-119.5061,"SANTA BARBARA",CARPINTERIA,-119.50255238,34.389926060000001
90405678,2017,2017-03-06,9760,2017-02-21,1210,015669,,2,1,9,4200,0,3,5,,2,002,"TURNPIKE ROAD","SAN GORDIANO AVENUE",0.00,,Y,B,C,N,,,,,,,,,,Y,3,0,4,2,A,-,12,21453,A,N,D,C,A,B,H,-,A,A,0,,,,,Y,,-,"- ",0,3,1,0,0,0,0,0,0,"- ","- ",34.439100000000003,-119.7895,"SANTA BARBARA",UNINCORPORATED,-119.78943988,34.439130059999997
90406630,2017,2017-03-06,9750,2017-03-02,0840,014358,,4,1,9,4200,0,3,5,,2,020,"REDWILLOW DR","CRESCENT AVE",130.00,S,N,A,-,N,,,,,,,,,,Y,4,0,1,3,A,-,08,22107,,N,B,E,A,A,H,-,A,D,0,,,,,Y,,A,01,0,0,1,0,0,0,0,0,0,"- ","- ",34.861280000000001,-120.43335999999999,"SANTA BARBARA",UNINCORPORATED,-120.43337165,34.861533880000003
90406899,2017,2017-03-07,9760,2017-02-23,0140,021431,,4,3,9,4200,0,1,2,,1,040,"US-101 N/B","EL CAPITAN STATE BEACH RD",2112.00,N,N,A,-,Y,,,101,,,,,,N,Y,3,0,1,1,A,-,08,22107,,N,E,I,A,A,H,-,D,D,0,,,,,Y,,A,01,0,1,0,0,0,0,0,0,0,"- ","- ",34.463740000000001,-120.02818000000001,"SANTA BARBARA",UNINCORPORATED,-120.02818218,34.463680019999998
90406913,2017,2017-03-07,9760,2017-02-23,0825,019831,,4,1,9,4200,0,1,2,,2,010,"US-101 NORTHBOUND (EL CAMINO REAL)","SANTA CLAUS LANE",5.00,S,N,A,-,Y,,,101,,,,,,N,Y,4,0,1,1,A,-,08,22107,,N,E,I,A,A,H,-,A,D,0,,,,,Y,,A,01,0,0,1,0,0,0,0,0,0,"- ","- ",34.410769999999999,-119.55314,"SANTA BARBARA",UNINCORPORATED,-119.55302446,34.410931239999996
90386584,2017,2017-02-06,9760,2017-01-31,1520,021018,,2,2,5,4203,0,1,2,,2,011,"US-101 N/B","CABRILLO BLVD",1800.00,S,N,A,-,Y,,,101,,,,,,N,Y,3,0,2,2,A,-,03,22350,,N,C,C,A,A,H,-,A,D,0,,,,,Y,,D,22,0,1,1,0,0,0,0,0,0,"- ","- ",34.42107,-119.64915999999999,"SANTA BARBARA","SANTA BARBARA",-119.64916636,34.421045059999997
90386940,2017,2017-02-06,9760,2017-01-25,1000,020765,,3,1,5,4203,0,1,2,,2,011,"US-101 NORTHBOUND","GARDEN ST",100.00,N,N,A,-,Y,,,101,,,,,,N,N,4,0,1,2,A,-,03,22350,,N,C,C,A,A,H,-,A,D,0,,,,,Y,,A,07,0,0,1,0,0,0,0,0,0,"- ","- ",34.418039999999998,-119.69011,"SANTA BARBARA","SANTA BARBARA",-119.69012883000001,34.418059970000002
90388057,2017,2017-02-07,9750,2017-02-03,1744,018616,,5,2,9,4200,0,1,3,,1,011,SR-166,"BONITA SCHOOL RD",3696.00,W,N,C,-,Y,,,166,,,,,,,Y,3,0,1,3,A,-,01,23152,A,N,B,C,A,B,H,-,D,D,0,,,,,Y,Y,A,01,0,1,0,0,0,0,0,0,0,"- ","- ",34.959330000000001,-120.53026,"SANTA BARBARA",UNINCORPORATED,-120.53025952,34.959334370000001
90388291,2017,2017-02-08,9760,2017-01-29,1822,020965,,7,2,5,4203,0,1,2,,2,011,"US-101 N/B TO CARRILLO ST","CARRILLO ST",365.00,S,N,A,-,Y,,,101,,,,R,,N,Y,2,0,1,2,A,-,11,21954,A,N,G,B,E,A,H,-,D,D,0,Y,,,,Y,,N,60,1,0,0,0,1,0,0,0,0,"- ","- ",34.415849999999999,-119.70602,"SANTA BARBARA","SANTA BARBARA",-119.70602,34.415849999999999
90388609,2017,2017-02-08,9755,2017-02-07,1515,012436,,2,2,9,4200,0,1,2,,2,004,"US-101 N/B","GAVIOTA STATE BEACH RD",3168.00,N,N,B,C,Y,,,101,,,,,,N,N,4,0,1,2,A,-,17,21658,,N,B,C,A,B,H,-,A,D,0,,,,,Y,,A,01,0,0,1,0,0,0,0,0,0,"- ","- ",34.486260000000001,-120.22779,"SANTA BARBARA",UNINCORPORATED,-120.22781651,34.486292949999999
90389506,2017,2017-02-09,9750,2017-02-03,1050,013267,,5,1,9,4200,0,3,5,,2,020,"HARRIS GRADE ROAD","RT 135",7920.00,S,N,B,-,N,,,,,,,,,,Y,4,0,3,2,A,-,08,22107,,N,A,C,A,B,H,-,A,D,0,,,,,Y,,A,07,0,0,3,0,0,0,0,0,0,"- ","- ",34.750790000000002,-120.43487,"SANTA BARBARA",UNINCORPORATED,-120.43486249,34.750686049999999
90389937,2017,2017-02-09,9750,2017-02-03,1035,019656,,5,1,9,4200,0,1,3,,1,011,"SR-166 E/B","HANSON WAY",1584.00,W,N,C,-,Y,,,166,,,,,,E,Y,3,0,1,1,A,-,08,22107,,N,E,I,A,B,H,-,A,D,0,,,,,Y,,A,01,0,1,0,0,0,0,0,0,0,"- ","- ",34.953299999999999,-120.46196999999999,"SANTA BARBARA",UNINCORPORATED,-120.46196843,34.953370450000001
90390050,2017,2017-02-10,9760,2017-01-31,0156,021531,,2,3,9,4200,0,1,2,,2,020,"US-101 N/B","EL SUENO RD",260.00,N,N,A,-,Y,,,101,,,,,,N,Y,3,0,2,1,A,-,08,22107,,N,E,I,A,A,H,-,D,D,0,,,,,Y,,A,01,0,1,1,0,0,0,0,0,0,"- ","- ",34.441009999999999,-119.7702,"SANTA BARBARA",UNINCORPORATED,-119.77019267999999,34.441078249999997
90390076,2017,2017-02-10,9760,2017-01-30,2205,021531,,1,3,9,4200,0,3,5,,2,005,"CAMINO CORTO","EL COLEGIO RD",0.00,,Y,A,-,N,,,,,,,,,,N,3,0,1,2,A,-,12,21453,A,N,H,G,A,A,D,-,C,A,0,,Y,,,Y,,L,04,0,1,0,0,0,0,1,0,0,"- ","- ",34.417529999999999,-119.86655,"SANTA BARBARA",UNINCORPORATED,-119.86655992999999,34.417450109999997
90391331,2017,2017-02-13,9760,2017-02-01,1145,019831,,3,1,9,4200,0,1,3,,1,014,SR-192,"SAN YSIDRO",248.00,W,N,A,-,Y,,,192,,,,,,,N,4,0,1,2,A,-,09,21804,A,N,D,C,A,A,H,-,A,D,0,,,,,Y,,A,01,0,0,1,0,0,0,0,0,0,"- ","- ",34.43703,-119.63297,"SANTA BARBARA",UNINCORPORATED,-119.63296988,34.437022429999999
90391842,2017,2017-02-13,9755,2017-02-10,0850,016999,,5,1,9,4200,0,1,2,,2,004,"US-101 S/B",SR-1,3960.00,N,N,B,C,Y,,,101,,,,,,S,Y,4,0,1,1,A,-,03,22350,,N,E,I,A,B,H,-,A,D,0,,,,,Y,,A,01,0,0,1,0,0,0,0,0,0,"- ","- ",34.51726,-120.21753,"SANTA BARBARA",UNINCORPORATED,-120.21777298000001,34.517397039999999
90375557,2017,2017-01-23,9750,2017-01-20,1407,017910,,5,2,9,4200,0,2,4,,1,024,"CLARK AVENUE","PACIFIC ST",0.00,,Y,B,-,N,,,,,,,,,,N,4,0,1,2,A,-,09,21802,A,N,D,C,A,B,H,-,A,A,0,,,,,Y,,A,07,0,0,1,0,0,0,0,0,0,"- ","- ",34.865189999999998,-120.44462,"SANTA BARBARA",UNINCORPORATED,-120.44468994,34.865150030000002
90376062,2017,2017-01-24,9760,2017-01-12,0744,020804,,4,1,9,4200,0,1,3,,1,022,"SR-154 W/B","STAGECOACH RD.",528.00,E,N,C,-,Y,,,,,,,,,,Y,4,0,1,2,A,-,07,21658,A,N,B,C,A,B,H,-,A,D,0,,,,,Y,,A,01,0,0,1,0,0,0,0,0,0,"- ","- ",34.263199999999998,-119.4949,"SANTA BARBARA",UNINCORPORATED,-119.86729532,34.541813300000001
90376100,2017,2017-03-31,9760,2017-01-13,1220,019464,,5,1,9,4200,0,1,3,,1,022,"SR-154 WESTBOUND","E. CAMINO CIELO",3696.00,W,N,A,-,Y,,,154,,,,,,W,Y,3,0,2,1,A,-,03,22350,,N,E,I,A,A,H,-,A,D,0,,,,,Y,,A,01,0,2,0,0,0,0,0,0,0,"- ","- ",34.518639999999998,-119.82908,"SANTA BARBARA",UNINCORPORATED,-119.82919826,34.518641430000002
90376155,2017,2017-01-24,9760,2017-01-13,1955,021476,,5,2,9,4200,0,1,2,,2,020,"US-101 S/B","TURNPIKE RD.",3100.00,N,N,A,-,Y,,,101,,,,,,S,Y,4,0,1,2,A,-,03,22350,,N,C,C,A,A,H,-,D,D,0,,,,,Y,,D,22,0,0,1,0,0,0,0,0,0,"- ","- ",34.441470000000002,-119.79984,"SANTA BARBARA",UNINCORPORATED,-119.79984167000001,34.441521590000001
90376313,2017,2017-03-31,9760,2017-01-16,1414,017314,,1,2,9,4200,0,1,2,,1,040,"US-101 S/B","EL CAPITAN STATE BEACH RD",1025.00,S,N,A,-,Y,,,101,,,,,,S,N,3,0,1,2,A,-,03,22350,,N,C,G,A,A,H,-,A,D,0,,Y,,,Y,,A,07,0,1,0,0,0,0,1,0,0,"- ","- ",34.462519999999998,-120.01799,"SANTA BARBARA",UNINCORPORATED,-120.01797866,34.462608580000001
90376618,2017,2017-01-24,9755,2017-01-19,1855,012436,,4,2,9,4200,0,1,3,,1,055,"SR-1 S/B","SANTA LUCIA CANYON ROAD",0.00,,Y,B,-,Y,,,1,,,,,,S,Y,4,0,3,2,A,-,09,21802,,N,D,C,A,A,H,-,D,A,0,,,,,Y,,A,01,0,0,3,0,0,0,0,0,0,"- ","- ",34.71313,-120.48916,"SANTA BARBARA",UNINCORPORATED,-120.48916831,34.713127569999997
90377431,2017,2017-01-25,9750,2017-01-22,1410,014358,,7,2,9,4200,0,3,5,,2,020,"FAIR OAKS DRIVE","WILLOWGLEN DRIVE",1056.00,E,N,B,-,N,,,,,,,,,,N,3,0,1,2,A,-,21,22106,,N,E,I,A,A,H,-,A,D,0,,,,,Y,,D,22,0,1,0,0,0,0,0,0,0,"- ","- ",34.540230000000001,-120.25458999999999,"SANTA BARBARA",UNINCORPORATED,-120.4283621,34.900207889999997
90377454,2017,2017-01-25,9760,2017-01-13,1745,021476,,5,2,9,4200,0,1,2,,2,020,"US-101 S/B","TURNPIKE RD.",470.00,N,N,A,-,Y,,,101,,,,,,S,Y,4,0,1,4,A,-,03,22350,,N,C,C,A,A,H,-,C,D,0,,,,,Y,,A,01,0,0,1,0,0,0,0,0,0,"- ","- ",34.442129999999999,-119.79103000000001,"SANTA BARBARA",UNINCORPORATED,-119.79102548,34.442095649999999
90378480,2017,2017-01-26,9750,2017-01-24,1546,015916,,2,2,9,4200,0,1,3,,1,012,"SR-1 (CABRILLO HIGHWAY)","BROWN ROAD",0.00,,Y,A,-,Y,,,1,,,,,,,Y,4,0,1,2,A,-,09,21802,A,N,D,C,A,A,H,-,A,A,0,,,,,Y,,A,08,0,0,1,0,0,0,0,0,0,"- ","- ",34.93253,-120.56838999999999,"SANTA BARBARA",UNINCORPORATED,-120.56838032,34.93253576
90378838,2017,2017-01-26,9760,2017-01-15,0820,020804,,7,1,9,4200,0,3,5,,2,002,TURNPIKE,"CALLE REAL",0.00,,Y,A,-,N,,,,,,,,,,N,3,0,1,2,A,-,12,21453,A,N,H,G,A,A,H,-,A,A,0,,Y,,,Y,,L,04,0,1,0,0,0,0,1,0,0,"- ","- ",34.2637,-119.4722,"SANTA BARBARA",UNINCORPORATED,-119.78937992,34.443860100000002
90380044,2017,2017-01-27,9755,2017-01-23,0545,013618,,1,3,9,4200,0,1,3,,1,055,"RT 1","SANTA LUCIA CYN",0.00,,N,C,F,Y,,,1,,,,,,,Y,3,0,1,1,C,-,18,,,N,E,I,A,D,G,-,D,D,0,,,,,Y,,-,"- ",0,1,0,0,0,0,0,0,0,"- ","- ",34.720120000000001,-120.49124,"SANTA BARBARA",UNINCORPORATED,-120.49129662999999,34.720066660000001
90392122,2017,2017-02-13,9750,2017-02-06,1547,017616,,1,2,9,4200,0,2,4,,1,024,"BRADLEY RD","PATTERSON RD",0.00,,Y,B,-,N,,,,,,,,,,Y,3,0,2,2,A,-,12,21453,A,N,D,C,A,A,H,-,A,A,0,,,,,Y,,A,01,0,1,1,0,0,0,0,0,0,"- ","- ",34.868450000000003,-120.41889,"SANTA BARBARA",UNINCORPORATED,-120.41879987,34.86857011
90392456,2017,2017-02-14,9755,2017-02-10,2000,019292,,5,2,9,4200,0,1,2,,2,004,"US-101 S/B",SR-1,4224.00,N,N,C,-,Y,,,101,,,,,,S,Y,3,0,1,1,A,-,03,22350,,N,E,I,A,B,H,-,D,D,0,,,,,Y,,A,01,0,1,0,0,0,0,0,0,0,"- ","- ",34.518169999999998,-120.21731,"SANTA BARBARA",UNINCORPORATED,-120.21725798,34.51812657
90392490,2017,2017-02-14,9760,2017-02-03,1150,16739,,5,1,9,4200,0,3,5,,2,005,"EL EMBARCADERO RD","EL NIDO LN",43.00,N,N,B,C,N,,,,,,,,,,N,4,0,1,2,A,-,09,21804,A,N,H,G,A,B,H,-,A,D,0,,Y,,,Y,,A,07,0,0,1,0,0,0,1,0,0,"- ","- ",34.409869999999998,-119.85617000000001,"SANTA BARBARA",UNINCORPORATED,-119.85624,34.409888080000002
90392837,2017,2017-02-14,9760,2017-02-02,0640,16739,,4,1,9,4200,0,1,2,,1,030,"US-101 S/B (EL CAMINO REAL)","DOS PUEBLOS CANYON RD",2640.00,S,N,B,C,Y,,,101,,,,,,S,Y,4,0,1,2,A,-,08,22107,,N,C,C,A,B,H,-,B,D,0,,,,,Y,,D,22,0,0,1,0,0,0,0,0,0,"- ","- ",34.443219999999997,-119.95303,"SANTA BARBARA",UNINCORPORATED,-119.95301363,34.443258350000001
90392849,2017,2017-02-14,9760,2017-02-03,1940,018431,,5,2,4,4214,0,1,2,,2,020,"US-101 N/B TRANSITION TO SR-217",.,626.00,N,N,B,-,Y,,,101,,,,R,,N,Y,4,0,4,1,A,-,08,22107,,N,E,I,A,B,H,-,D,D,0,,,,,Y,,A,07,0,0,4,0,0,0,0,0,0,"- ","- ",34.44209,-119.8171,"SANTA BARBARA",GOLETA,-119.8171,34.44209
90392958,2017,2017-02-14,9760,2017-02-03,1829,021476,,5,2,5,4203,0,1,2,,2,020,"US-101 S/B","LAS POSITAS RD",2000.00,N,N,B,-,Y,,,101,,,,,,S,Y,4,0,1,3,A,-,03,22350,,N,C,C,A,B,H,-,C,D,0,,,,,Y,,A,01,0,0,1,0,0,0,0,0,0,"- ","- ",34.429160000000003,-119.74039,"SANTA BARBARA","SANTA BARBARA",-119.74039508,34.429146449999998
90393238,2017,2017-02-14,9760,2017-02-02,1110,16739,,4,1,9,4200,0,1,2,,1,030,"US-101 S/B (EL CAMINO REAL)","DOS PUEBLOS CANYON RD",3168.00,S,N,B,-,Y,,,101,,,,,,S,Y,3,0,1,1,A,-,08,22107,,N,F,A,A,B,H,-,A,B,0,,,,,Y,,A,01,0,1,0,0,0,0,0,0,0,"- ","- ",34.442619999999998,-119.9512,"SANTA BARBARA",UNINCORPORATED,-119.95121032999999,34.442589249999997
90393533,2017,2017-02-15,9760,2017-02-04,1307,021476,,6,1,9,4200,0,1,3,,1,022,"SR-154 W/B","PAINTED CAVE RD",1950.00,E,N,A,-,Y,,,154,,,,,,W,Y,2,0,1,1,A,-,03,22350,,N,E,I,A,A,H,-,A,D,0,,,Y,,Y,,C,02,1,0,0,0,0,0,0,0,1,"- ","- ",34.487859999999998,-119.79237999999999,"SANTA BARBARA",UNINCORPORATED,-119.79243348,34.48780292
90393657,2017,2017-02-15,9760,2017-02-05,2340,021018,,7,3,5,4203,0,1,2,,2,011,"US-101 N/B","LAS POSITAS RD",1000.00,S,N,C,-,Y,,,101,,,,,,N,Y,3,0,1,1,A,-,03,22350,,N,E,I,A,B,H,-,C,D,0,,,,,Y,,A,01,0,1,0,0,0,0,0,0,0,"- ","- ",34.427030000000002,-119.72776,"SANTA BARBARA","SANTA BARBARA",-119.72776474,34.426987339999997
90393698,2017,2017-02-15,9760,2017-02-05,0305,020528,,7,3,9,4200,0,1,2,,2,010,"US-101 NB","S. PADARO LANE",2640.00,N,N,A,-,Y,,,101,,,,,,N,Y,4,0,1,1,A,-,08,22107,,N,E,I,A,A,H,-,D,D,0,,,,,Y,,A,01,0,0,1,0,0,0,0,0,0,"- ","- ",34.416020000000003,-119.55983000000001,"SANTA BARBARA",UNINCORPORATED,-119.55984780999999,34.41597531
90393792,2017,2017-02-15,9750,2017-02-08,2104,018009,,3,2,9,4200,0,1,3,,1,021,"SR-135 N/B","RICE RANCH ROAD UNDERCROSSING",1584.00,S,N,A,-,Y,,,135,,,,,,N,Y,4,0,1,1,A,-,08,22107,,N,F,A,A,A,H,-,D,D,0,,,,,Y,,A,01,0,0,1,0,0,0,0,0,0,"- ","- ",34.858269999999997,-120.44094,"SANTA BARBARA",UNINCORPORATED,-120.44092646,34.858226670000001
90407017,2017,2017-03-07,9750,2017-02-25,1855,017379,,6,2,9,4200,0,2,4,,1,024,"CLARK AVENUE","DOMINION ROAD",3960.00,W,N,A,-,N,,,,,,,,,,Y,3,0,2,2,A,-,03,22350,,N,D,C,A,A,H,-,D,D,0,,,,Y,Y,,A,01,0,2,0,0,0,0,0,0,0,"- ","- ",34.865130000000001,-120.36104,"SANTA BARBARA",UNINCORPORATED,-120.36089536,34.86511316
90407418,2017,2017-03-07,9760,2017-02-23,1230,021531,,4,1,9,4200,0,2,4,,1,021,"MAGNA VISTA  ST","HOLLISTER AVE",0.00,,Y,A,-,N,,,,,,,,,,N,3,0,1,2,A,-,09,21802,A,F,D,C,A,A,H,-,A,A,0,,,Y,,Y,,A,01,0,1,0,0,0,0,0,0,1,"- ","- ",34.436959999999999,-119.7868,"SANTA BARBARA",UNINCORPORATED,-119.78677989000001,34.437140020000001
90407629,2017,2017-03-07,9750,2017-02-26,0630,014753,,7,1,9,4200,0,1,3,,1,062,"STATE ROUTE 166","CABLE CORRAL ROAD (ROCK FRONT RANCH)",145.00,W,N,B,-,Y,,,166,,,,,,,Y,2,0,3,2,D,-,00,,,N,F,A,A,B,H,-,B,D,0,,,,,Y,,-,"- ",1,2,0,0,0,0,0,0,0,"- ","- ",35.11083,-120.09568,"SANTA BARBARA",UNINCORPORATED,-120.09564794000001,35.110728250000001