CASE_ID,ACCIDENT_YEAR,PROC_DATE,JURIS,COLLISION_DATE,COLLISION_TIME,OFFICER_ID,REPORTING_DISTRICT,DAY_OF_WEEK,CHP_SHIFT,POPULATION,CNTY_CITY_LOC,SPECIAL_COND,BEAT_TYPE,CHP_BEAT_TYPE,CITY_DIVISION_LAPD,CHP_BEAT_CLASS,BEAT_NUMBER,PRIMARY_RD,SECONDARY_RD,DISTANCE,DIRECTION,INTERSECTION,WEATHER_1,WEATHER_2,STATE_HWY_IND,CALTRANS_COUNTY,CALTRANS_DISTRICT,STATE_ROUTE,ROUTE_SUFFIX,POSTMILE_PREFIX,POSTMILE,LOCATION_TYPE,RAMP_INTERSECTION,SIDE_OF_HWY,TOW_AWAY,COLLISION_SEVERITY,NUMBER_KILLED,NUMBER_INJURED,PARTY_COUNT,PRIMARY_COLL_FACTOR,PCF_CODE_OF_VIOL,PCF_VIOL_CATEGORY,PCF_VIOLATION,PCF_VIOL_SUBSECTION,HIT_AND_RUN,TYPE_OF_COLLISION,MVIW,PED_ACTION,ROAD_SURFACE,ROAD_COND_1,ROAD_COND_2,LIGHTING,CONTROL_DEVICE,CHP_ROAD_TYPE,PEDESTRIAN_ACCIDENT,BICYCLE_ACCIDENT,MOTORCYCLE_ACCIDENT,TRUCK_ACCIDENT,NOT_PRIVATE_PROPERTY,ALCOHOL_INVOLVED,STWD_VEHTYPE_AT_FAULT,CHP_VEHTYPE_AT_FAULT,COUNT_SEVERE_INJ,COUNT_VISIBLE_INJ,COUNT_COMPLAINT_PAIN,COUNT_PED_KILLED,COUNT_PED_INJURED,COUNT_BICYCLIST_KILLED,COUNT_BICYCLIST_INJURED,COUNT_MC_KILLED,COUNT_MC_INJURED,PRIMARY_RAMP,SECONDARY_RAMP,LATITUDE,LONGITUDE,COUNTY,CITY,POINT_X,POINT_Y
90407779,2017,2017-03-08,9760,2017-02-24,1720,018431,,5,2,9,4200,0,1,2,,2,010,"US-101 S/B","EVANS AVE.",200.00,S,N,A,-,Y,,,101,,,,,,S,Y,3,0,1,3,A,-,07,21658,A,N,B,C,A,A,H,-,A,D,0,,,Y,,Y,,A,01,0,1,0,0,0,0,0,0,1,"- ","- ",34.42107,-119.60064,"SANTA BARBARA",UNINCORPORATED,-119.60063812,34.421088670000003
90407796,2017,2017-03-08,9760,2017-02-26,1238,019464,,7,1,9,4200,0,3,5,,2,005,"CAMINO DEL SUR","SUENO ROAD",189.00,N,N,B,-,N,,,,,,,,,,Y,4,0,1,2,A,-,09,21801,A,N,A,C,A,A,H,-,A,D,0,,,,,Y,,A,01,0,0,1,0,0,0,0,0,0,"- ","- ",34.413179999999997,-119.86261,"SANTA BARBARA",UNINCORPORATED,-119.86257000000001,34.413178989999999
90408632,2017,2017-03-08,9750,2017-03-03,0813,014820,,5,1,9,4200,0,1,3,,1,022,SR-1,"BLACK RD",4224.00,S,N,A,-,Y,,,1,,,,,,,Y,4,0,2,3,A,-,03,22350,,N,C,C,A,A,H,-,A,D,0,,,,,Y,,A,01,0,0,2,0,0,0,0,0,0,"- ","- ",34.8765,-120.48473,"SANTA BARBARA",UNINCORPORATED,-120.48473155000001,34.876494899999997
90408752,2017,2017-03-08,9760,2017-02-24,0705,020029,,5,1,9,4200,0,1,2,,2,010,"US-101 NORTHBOUND","SANTA YNEZ AVE",500.00,S,N,A,-,Y,,,,,,,,,,Y,4,0,1,2,A,-,03,22350,,N,C,C,A,A,H,-,A,D,0,,,,,Y,,A,01,0,0,1,0,0,0,0,0,0,"- ","- ",34.40204,-119.52200999999999,"SANTA BARBARA",UNINCORPORATED,-119.52499238999999,34.40308589
90408773,2017,2017-03-09,9760,2017-02-27,1530,017314,,1,2,9,4200,0,1,3,,1,014,SR-192,"CRAVENS LANE",0.00,,Y,B,-,Y,,,192,,,,,,,Y,4,0,1,2,A,-,09,21801,A,N,A,C,A,A,H,-,A,D,0,,,,,Y,,D,22,0,0,1,0,0,0,0,0,0,"- ","- ",34.414999999999999,-119.53843000000001,"SANTA BARBARA",UNINCORPORATED,-119.5383247,34.415480000000002
90408994,2017,2017-03-09,9760,2017-02-27,2330,021018,,1,3,9,4200,0,3,5,,2,002,"MARINA DRIVE","ALISA LANE",1880.00,W,N,A,-,N,,,,,,,,,,Y,3,0,1,1,A,-,03,22350,,M,E,I,A,A,H,-,D,D,0,,,,,Y,,A,01,0,1,0,0,0,0,0,0,0,"- ","- ",34.41301,-119.77212,"SANTA BARBARA",UNINCORPORATED,-119.77201535,34.412862420000003
90409255,2017,2017-03-09,9760,2017-02-28,1800,018431,,2,2,5,4203,0,1,2,,2,011,"US-101 S/B","LAS POSITAS RD.",500.00,S,N,A,-,Y,,,101,,,,,,S,N,4,0,1,3,A,-,03,22350,,N,C,C,A,A,H,-,A,D,0,,,,,Y,,A,01,0,0,1,0,0,0,0,0,0,"- ","- ",34.427630000000001,-119.73222,"SANTA BARBARA","SANTA BARBARA",-119.73220753,34.42768727
90409565,2017,2017-03-09,9755,2017-03-03,0215,020773,,5,3,9,4200,0,1,3,,1,055,"SR-1 N/B","CALIFORNIA BLVD",1500.00,S,N,A,-,Y,,,1,,,,,,N,Y,2,0,1,1,A,-,08,22107,,N,E,I,A,A,H,-,D,D,0,,,,,Y,,A,01,1,0,0,0,0,0,0,0,0,"- ","- ",34.74662,-120.51645000000001,"SANTA BARBARA",UNINCORPORATED,-120.5164175,34.746651909999997
90380080,2017,2017-01-27,9755,2017-01-23,0546,013618,,1,3,9,4200,0,1,3,,1,055,"RT 1","SANTA LUCIA CYN",0.00,,N,B,F,Y,,,1,,,,,,,Y,4,0,2,2,C,-,18,,,N,B,C,A,D,G,-,D,D,0,,,,,Y,,-,"- ",0,0,2,0,0,0,0,0,0,"- ","- ",34.720140000000001,-120.49118,"SANTA BARBARA",UNINCORPORATED,-120.49127841000001,34.720047309999998
90380351,2017,2017-01-27,9755,2017-01-25,1640,016058,,3,2,9,4200,0,1,3,,2,041,SR-246,SR-154,0.00,,N,A,-,Y,,,246,,,,,,,N,4,0,1,2,A,-,08,22107,,F,D,C,A,A,H,-,A,D,0,,,,,Y,,A,07,0,0,1,0,0,0,0,0,0,"- ","- ",34.610680000000002,-120.05906,"SANTA BARBARA",UNINCORPORATED,-120.0590625,34.610579219999998
90380511,2017,2017-01-27,9750,2017-01-24,1330,014358,,2,1,9,4200,0,1,3,,1,023,"RT 135","BROWNE RANCH RD",815.00,S,N,A,-,Y,,,135,,,,,,,Y,4,0,1,1,A,-,08,22107,,N,E,I,A,A,H,-,A,D,0,,,,,Y,,A,01,0,0,1,0,0,0,0,0,0,"- ","- ",34.757010000000001,-120.37868,"SANTA BARBARA",UNINCORPORATED,-120.37867181999999,34.757060260000003
90380538,2017,2017-01-27,9750,2017-01-24,0755,015915,,2,1,9,4200,0,3,5,,2,020,"PATTERSON ROAD","ORCUTT ROAD",0.00,,Y,A,-,N,,,,,,,,,,Y,4,0,1,2,A,-,09,21802,A,N,D,C,A,A,H,-,A,A,0,,,,,Y,,A,01,0,0,1,0,0,0,0,0,0,"- ","- ",34.868850000000002,-120.43635999999999,"SANTA BARBARA",UNINCORPORATED,-120.43628996,34.868760039999998
90380827,2017,2017-01-30,9755,2017-01-09,2150,020323,,1,2,9,4200,0,1,3,,2,041,SR-246,"REFUGIO RD",67.00,W,N,A,-,Y,,,246,,,,,,,Y,2,0,1,1,A,-,08,22107,,N,E,I,A,A,H,-,C,D,0,,,,,Y,,A,01,1,0,0,0,0,0,0,0,0,"- ","- ",34.606580000000001,-120.09846,"SANTA BARBARA",UNINCORPORATED,-120.09845966,34.606620399999997
90380935,2017,2017-03-31,9760,2017-01-18,0810,16739,,3,1,9,4200,0,1,2,,2,010,"US-101 N/B (EL CAMINO REAL)","EVANS AVE",2640.00,S,N,B,-,Y,,,101,,,,,,N,N,4,0,1,2,A,-,03,22350,,N,C,C,A,A,H,-,A,D,0,,,,,Y,,D,22,0,0,1,0,0,0,0,0,0,"- ","- ",34.419359999999998,-119.59348,"SANTA BARBARA",UNINCORPORATED,-119.59349272999999,34.419299260000003
90381130,2017,2017-03-22,9755,2017-01-19,1518,015973,,4,2,9,4200,0,1,3,,1,053,SR-246,"TULAROSA RD",198.00,W,N,B,-,Y,,,246,,,,,,,Y,4,0,2,3,A,-,03,22350,,N,C,C,A,B,H,-,A,D,0,,,,,Y,,I,11,0,0,2,0,0,0,0,0,0,"- ","- ",34.664189999999998,-120.37066,"SANTA BARBARA",UNINCORPORATED,-120.37065749,34.664621250000003
90381886,2017,2017-01-30,9760,2017-01-23,1525,021431,,1,2,5,4203,0,1,2,,2,011,"US 101 NB TO MISSION ST","MISSION ST",250.00,S,N,B,-,Y,,,,,,,,,,Y,4,0,1,2,A,-,01,23152,A,N,C,C,A,B,H,-,A,A,0,,,,,Y,Y,D,22,0,0,1,0,0,0,0,0,0,"- ","- ",34.425170000000001,-119.71935000000001,"SANTA BARBARA","SANTA BARBARA",-119.71960579,34.425095489999997
90382102,2017,2017-01-31,9755,2017-01-17,0015,020323,,2,3,9,4200,0,1,3,,2,041,"VIA JUANA RD",SR-246,6.00,S,N,A,-,Y,,,,,,,,,,N,3,0,2,1,A,-,01,23152,A,N,F,A,A,A,H,-,C,D,0,,,,,Y,Y,A,07,0,2,0,0,0,0,0,0,0,"- ","- ",34.606900000000003,-120.0938,"SANTA BARBARA",UNINCORPORATED,-120.09366,34.606523520000003
90382286,2017,2017-01-31,9760,2017-01-28,1110,019464,,6,1,9,4200,0,1,2,,2,010,"US-101 NORTHBOUND","OLIVE MILL ROAD",350.00,S,N,A,-,Y,,,101,,,,,,N,N,3,0,2,2,A,-,03,22350,,N,C,C,A,A,H,-,A,D,0,,,,,Y,,A,07,0,1,1,0,0,0,0,0,0,"- ","- ",34.422280000000001,-119.63692,"SANTA BARBARA",UNINCORPORATED,-119.63692369,34.422292110000001
90382593,2017,2017-01-31,9760,2017-01-22,1000,019831,,7,1,4,4214,0,1,2,,2,020,"US-101 SB (EL CAMINO REAL)","FAIRVIEW AVENUE",4109.00,S,N,C,-,Y,,,101,,,,,,S,Y,4,0,1,1,A,-,03,22350,,N,E,I,A,B,H,-,A,D,0,,,,,Y,,A,07,0,0,1,0,0,0,0,0,0,"- ","- ",34.440280000000001,-119.82236,"SANTA BARBARA",GOLETA,-119.82236856,34.440373659999999
90393832,2017,2017-02-15,9750,2017-02-09,1315,018454,,4,1,9,4200,0,1,2,,2,002,"US-101 S/B","PALMER RD",0.00,,Y,A,-,Y,,,101,,,,,,S,N,4,0,1,2,A,-,08,22107,,N,C,C,A,A,H,-,A,D,0,,,,,Y,,A,01,0,0,1,0,0,0,0,0,0,"- ","- ",34.791679999999999,-120.33289000000001,"SANTA BARBARA",UNINCORPORATED,-120.33296199,34.791545139999997
90394769,2017,2017-02-16,9750,2017-02-13,1657,015916,,1,2,5,4204,0,1,2,,2,001,"US-101 N/B (EL CAMINO REAL)","BETTERAVIA ROAD",950.00,N,N,B,-,Y,,,101,,,,,,N,Y,4,0,2,4,A,-,03,22350,,N,C,C,A,A,H,-,A,D,0,,,,,Y,,D,22,0,0,2,0,0,0,0,0,0,"- ","- ",34.926409999999997,-120.41768999999999,"SANTA BARBARA","SANTA MARIA",-120.41780909000001,34.926410599999997
90395133,2017,2017-02-16,9755,2017-02-15,2230,016058,,3,3,9,4200,0,1,3,,1,055,"SR-1 N/B","CALIFORNIA BLVD",2640.00,N,N,B,-,Y,,,1,,,,,,N,Y,4,0,1,1,A,-,07,21658,A,N,F,A,A,A,H,-,D,D,0,,,,,Y,Y,D,22,0,0,1,0,0,0,0,0,0,"- ","- ",34.75714,-120.51403999999999,"SANTA BARBARA",UNINCORPORATED,-120.51405176,34.757142530000003
90395418,2017,2017-02-17,9750,2017-02-14,1000,016170,,2,1,5,4204,0,1,2,,2,001,"S/B US-101 OFF TO STOWELL RD.","COLLEGE DR.",20.00,E,N,A,-,Y,,,101,,,,R,,,N,4,0,2,2,A,-,03,22350,,N,C,C,A,A,H,-,A,A,0,,,,,Y,,A,08,0,0,2,0,0,0,0,0,0,"- ","- ",34.936070000000001,-120.41869,"SANTA BARBARA","SANTA MARIA",-120.41869,34.936070000000001
90395496,2017,2017-02-17,9750,2017-02-14,1235,016874,,2,1,9,4200,0,1,3,,1,011,"SR-166 W/B","HANSON WAY",3168.00,W,N,A,-,Y,,,,,,,,,,Y,4,0,1,1,A,-,08,22107,,N,E,I,A,A,H,-,A,D,0,,,,,Y,,A,01,0,0,1,0,0,0,0,0,0,"- ","- ",34.955640000000002,-120.47317,"SANTA BARBARA",UNINCORPORATED,-120.47069762,34.953920340000003
90396169,2017,2017-02-20,9755,2017-02-03,0045,020777,,5,3,9,4200,0,1,2,,2,004,"US-101 S/B","RT 1",2640.00,N,N,C,-,Y,,,101,,,,,,S,Y,3,0,3,1,A,-,03,22350,,N,E,I,A,B,H,-,D,D,0,,,,,Y,Y,A,01,0,2,1,0,0,0,0,0,0,"- ","- ",34.514150000000001,-120.22026,"SANTA BARBARA",UNINCORPORATED,-120.22029619,34.514197959999997
90396478,2017,2017-02-20,9755,2017-02-15,1334,015281,,3,1,9,4200,0,1,2,,2,004,"UNITED STATES HIGHWAY 101","RT 1",3696.00,N,N,A,-,Y,,,101,,,,,,,Y,4,0,1,1,A,-,03,22350,,N,E,I,A,D,C,-,A,D,0,,,,,Y,,A,01,0,0,1,0,0,0,0,0,0,"- ","- ",34.524039999999999,-120.20294,"SANTA BARBARA",UNINCORPORATED,-120.20292854,34.524006630000002
90396481,2017,2017-02-20,9755,2017-02-16,1535,012436,,4,2,9,4200,0,1,2,,2,004,"US-101 N/B","SR-1 O/C",5280.00,N,N,B,C,Y,,,101,,,,,,N,Y,3,0,1,1,A,-,03,22350,,N,E,I,A,B,H,-,A,D,0,,,,,Y,,A,01,0,1,0,0,0,0,0,0,0,"- ","- ",34.520499999999998,-120.21374,"SANTA BARBARA",UNINCORPORATED,-120.21345635,34.520144340000002
90397141,2017,2017-02-21,9750,2017-02-13,2115,018786,,1,2,5,4204,0,1,2,,2,001,US-101,"JONES ST",1500.00,N,N,A,-,Y,,,101,,,,,,,Y,4,0,2,3,A,-,01,23152,A,N,C,C,A,A,H,-,C,D,0,,,,,Y,Y,A,01,0,0,2,0,0,0,0,0,0,"- ","- ",34.947240000000001,-120.41764999999999,"SANTA BARBARA","SANTA MARIA",-120.41772234,34.947243159999999
90397413,2017,2017-02-21,9760,2017-02-09,1730,021431,,4,2,5,4203,0,1,2,,2,011,"US-101 SB TO MISSION ST","MISSION ST",500.00,N,N,B,-,Y,,,101,,,,R,,S,N,4,0,1,2,A,-,03,22350,,N,C,C,A,A,H,-,A,D,0,,,,,Y,,A,01,0,0,1,0,0,0,0,0,0,"- ","- ",34.425730000000001,-119.72239999999999,"SANTA BARBARA","SANTA BARBARA",-119.72239999999999,34.425730000000001
90397491,2017,2017-02-21,9750,2017-02-12,0230,020511,,7,3,9,4200,0,3,5,,2,030,"TEPUSQUET RD","SANTA MARIA MESA RD",4224.00,N,N,A,-,N,,,,,,,,,,Y,3,0,1,1,A,-,01,23152,A,N,E,J,A,A,H,-,D,D,0,,,,,Y,Y,A,01,0,1,0,0,0,0,0,0,0,"- ","- ",34.873860000000001,-120.24274,"SANTA BARBARA",UNINCORPORATED,-120.24164977,34.874393040000001
90410375,2017,2017-03-13,9760,2017-02-28,1705,018418,,2,2,9,4200,0,1,2,,2,010,"U.S. 101 S/B","SAN YSIDRO RD",100.00,N,N,A,-,Y,,,,,,,,,,Y,4,0,2,2,A,-,03,22350,,N,C,C,A,A,H,-,A,D,0,,,,,Y,Y,A,01,0,0,2,0,0,0,0,0,0,"- ","- ",34.422440000000002,-119.63189,"SANTA BARBARA",UNINCORPORATED,-119.63185206999999,34.422414410000002
90410378,2017,2017-03-13,9760,2017-02-28,0850,019464,,2,1,9,4200,0,3,5,,2,005,"SABADO TARDE ROAD","CAMINO PESCADERO",336.00,E,N,A,-,N,,,,,,,,,,Y,4,0,1,3,A,-,09,21804,A,N,D,C,A,A,H,-,A,D,0,,,,,Y,,A,01,0,0,1,0,0,0,0,0,0,"- ","- ",34.41046,-119.85768,"SANTA BARBARA",UNINCORPORATED,-119.85758679,34.41044385
90410385,2017,2017-03-13,9760,2017-02-28,1447,021531,,2,2,5,4203,0,1,2,,2,011,"US-101 S/B","MILPAS ST",3200.00,S,N,A,-,Y,,,101,,,,,,S,Y,3,0,3,4,A,-,03,22350,,N,C,C,A,A,H,-,A,D,0,,,,,Y,Y,A,07,0,1,2,0,0,0,0,0,0,"- ","- ",34.421100000000003,-119.6665,"SANTA BARBARA","SANTA BARBARA",-119.66650145,34.421104999999997
90410504,2017,2017-03-13,9760,2017-03-01,1510,020908,,3,2,9,4200,0,3,5,,2,001,"HOT SPRINGS ROAD","SYCAMORE CANYON ROAD",100.00,E,N,A,-,N,,,,,,,,,,N,4,0,1,2,A,-,03,22350,,F,C,C,A,A,H,-,A,D,0,,,,,Y,Y,A,07,0,0,1,0,0,0,0,0,0,"- ","- ",34.428849999999997,-119.64425,"SANTA BARBARA",UNINCORPORATED,-119.64401866,34.428820000000002
90410514,2017,2017-03-13,9760,2017-03-01,0120,020473,,3,3,9,4200,0,1,2,,1,030,"US-101 S/B","EL CAPITAN RANCH RD",1400.00,N,N,A,-,Y,,,101,,,,,,S,Y,3,0,1,2,A,-,03,22350,,F,C,C,A,A,H,-,C,D,0,,,,,Y,,-,99,0,1,0,0,0,0,0,0,0,"- ","- ",34.461750000000002,-120.00939,"SANTA BARBARA",UNINCORPORATED,-120.00941113,34.461575320000001
90410516,2017,2017-03-13,9760,2017-03-01,1030,021503,,3,1,9,4200,0,1,2,,2,020,"US-101 N/B","PATTERSON AVE",1584.00,S,N,A,-,Y,,,101,,,,,,N,Y,4,0,1,1,A,-,08,22107,,N,E,I,A,A,H,-,A,D,0,,,,,Y,,A,01,0,0,1,0,0,0,0,0,0,"- ","- ",34.441800000000001,-119.80329999999999,"SANTA BARBARA",UNINCORPORATED,-119.80330438999999,34.441598679999998
90411344,2017,2017-03-13,9750,2017-03-09,1020,014358,,4,1,5,4204,0,1,2,,2,001,"US 101 SOUTHBOUND","DONOVAN ROAD",1056.00,S,N,A,-,Y,,,,,,,,,,Y,3,0,1,1,A,-,08,22107,,N,E,I,A,A,H,-,A,D,0,,,,,Y,,A,01,0,1,0,0,0,0,0,0,0,"- ","- ",34.96284,-120.42022,"SANTA BARBARA","SANTA MARIA",-120.42150477,34.965098470000001
90411553,2017,2017-03-13,9750,2017-03-09,1336,017910,,4,1,9,4200,0,2,4,,1,024,"SR-135 S/B TO CLARK AVE","CLARK AVE",0.00,,Y,A,-,Y,,,135,,,,R,,S,Y,2,0,1,2,A,-,09,21801,A,N,D,C,A,A,H,-,A,A,0,,,,,Y,,D,22,1,0,0,0,0,0,0,0,0,"- ","- ",34.865099999999998,-120.43745,"SANTA BARBARA",UNINCORPORATED,-120.43745,34.865099999999998
90411710,2017,2017-03-14,9760,2017-03-04,2050,020965,,6,2,9,4200,0,3,5,,2,005,"EL COLEGIO RD","LOS CARNEROS RD",12.00,E,N,A,-,N,,,,,,,,,,N,4,0,1,2,A,-,03,22350,,N,C,C,A,A,H,-,C,D,0,,,,,Y,,A,01,0,0,1,0,0,0,0,0,0,"- ","- ",34.417430000000003,-119.8605,"SANTA BARBARA",UNINCORPORATED,-119.86064024,34.417299999999997
90412162,2017,2017-03-14,9760,2017-03-05,1110,019464,,7,1,9,4200,0,1,3,,1,022,SR-154,"PAINTED CAVE ROAD",1584.00,E,N,B,-,Y,,,154,,,,,,,Y,3,0,2,2,A,-,03,22350,,N,E,I,A,B,H,-,A,D,0,,,,,Y,,A,01,0,2,0,0,0,0,0,0,0,"- ","- ",34.487070000000003,-119.79145,"SANTA BARBARA",UNINCORPORATED,-119.79145952,34.487051839999999
90412417,2017,2017-03-14,9750,2017-03-07,1435,015916,,2,2,9,4200,0,1,3,,1,021,"SR-135 S/B (ORCUTT EXPRESSWAY)","RICE RANCH U/C",1373.00,S,N,B,-,Y,,,135,,,,,,S,Y,4,0,1,1,A,-,08,22107,,N,E,I,A,A,H,-,A,D,0,,,,,Y,,A,01,0,0,1,0,0,0,0,0,0,"- ","- ",34.8583,-120.44343000000001,"SANTA BARBARA",UNINCORPORATED,-120.44343044999999,34.858171919999997
90382676,2017,2017-01-31,9760,2017-01-30,0830,019831,,1,1,4,4214,0,2,4,,1,021,"HOLLISTER AVENUE","PUENTE DRIVE",12.00,E,N,A,-,N,,,,,,,,,,Y,4,0,1,2,A,-,03,22350,,N,C,C,A,A,H,-,A,A,0,,,,,Y,,A,01,0,0,1,0,0,0,0,0,0,"- ","- ",34.437719999999999,-119.78363,"SANTA BARBARA",GOLETA,-119.78370117999999,34.437697149999998
90382696,2017,2017-03-31,9760,2017-01-25,1740,018431,,3,2,9,4200,0,1,3,,1,014,"SR-192 (FOOTHILL RD.)","NIDEVER RD",0.00,,Y,A,-,Y,,,192,,,,,,,Y,3,0,2,2,A,-,03,22350,,N,C,C,A,A,H,-,D,D,0,,,,,Y,,A,07,0,1,1,0,0,0,0,0,0,"- ","- ",34.418599999999998,-119.56074,"SANTA BARBARA",UNINCORPORATED,-119.56072537999999,34.418600650000002
90382734,2017,2017-05-22,9760,2017-01-18,1934,021431,,3,2,4,4214,0,1,2,,2,020,"US-101 N/B","FAIRVIEW AVE",250.00,S,N,C,-,Y,,,101,,,,,,N,Y,4,0,1,2,A,-,03,22350,,N,D,C,A,B,H,-,D,D,0,,,,,Y,,A,01,0,0,1,0,0,0,0,0,0,"- ","- ",34.43967,-119.83146000000001,"SANTA BARBARA",GOLETA,-119.83146041000001,34.439675039999997
90382783,2017,2017-01-31,9760,2017-01-23,0755,019831,,1,1,4,4214,0,3,5,,2,001,"US-101 SB (EL CAMINO REAL)",SR-217,16.00,N,N,B,C,Y,,,101,,,,,,S,N,4,0,3,3,A,-,03,22350,,N,C,C,A,B,H,-,A,D,0,,,,,Y,,A,01,0,0,3,0,0,0,0,0,0,"- ","- ",34.44135,-119.81328000000001,"SANTA BARBARA",GOLETA,-119.8132832,34.441367790000001
90417150,2017,2017-03-22,9760,2017-03-11,1455,020964,,6,2,3,4205,0,1,2,,2,010,"US-101 N/B","SANTA MONICA ROAD",1584.00,N,N,A,-,Y,,,101,,,,,,N,Y,4,0,1,3,A,-,03,22350,,N,C,C,A,A,H,-,A,D,0,,,,,Y,,A,07,0,0,1,0,0,0,0,0,0,"- ","- ",34.405169999999998,-119.53614,"SANTA BARBARA",CARPINTERIA,-119.53613593999999,34.405191559999999
90417155,2017,2017-03-22,9760,2017-02-13,1750,020964,,1,2,9,4200,0,1,2,,1,030,"US-101 N/B","DOS PUEBLOS CANYON RD",2640.00,S,N,A,-,Y,,,101,,,,,,N,Y,2,0,1,1,A,-,08,22107,,N,F,A,A,A,H,-,B,D,0,,,,,Y,,A,01,1,0,0,0,0,0,0,0,0,"- ","- ",34.442909999999998,-119.95244,"SANTA BARBARA",UNINCORPORATED,-119.95231902,34.443222560000002
90417337,2017,2017-03-22,9760,2017-03-10,2255,021431,,5,3,5,4203,0,1,2,,2,020,"US-101 S/B","LAS POSITAS RD",500.00,N,N,A,-,Y,,,101,,,,,,S,N,4,0,1,2,A,-,07,21658,A,N,B,C,A,A,H,-,D,D,0,,,,,Y,,A,01,0,0,1,0,0,0,0,0,0,"- ","- ",34.428109999999997,-119.73565000000001,"SANTA BARBARA","SANTA BARBARA",-119.73564954,34.428116240000001
90417683,2017,2017-03-22,9760,2017-03-11,1227,020804,,6,1,9,4200,0,1,2,,2,010,"US-101 N/B","SAN YSIDRO",528.00,S,N,A,-,Y,,,101,,,,,,N,Y,3,0,3,4,A,-,03,22350,,N,C,C,A,A,H,-,A,D,0,,,,,Y,,A,01,0,1,2,0,0,0,0,0,0,"- ","- ",34.421900000000001,-119.62957,"SANTA BARBARA",UNINCORPORATED,-119.62957283999999,34.421890980000001
90417879,2017,2017-03-22,9755,2017-03-21,1006,015281,,2,1,9,4200,0,1,2,,2,004,"UNITED STATES HIGHWAY 101","RT 1",1584.00,N,N,C,-,Y,,,101,,,,,,,Y,4,0,1,1,A,-,03,22350,,N,E,I,A,B,H,-,A,D,0,,,,,Y,,J,48,0,0,1,0,0,0,0,0,0,"- ","- ",34.517159999999997,-120.21799,"SANTA BARBARA",UNINCORPORATED,-120.21792678,34.517124340000002
90418107,2017,2017-03-23,9760,2017-03-12,1630,020964,,7,2,9,4200,0,3,5,,2,002,"LA CUMBRE RD","HAROLD AVE.",0.00,,Y,A,-,N,,,,,,,,,,N,4,0,1,1,A,-,08,22107,,M,E,I,A,A,H,-,A,D,0,,,,,Y,,D,22,0,0,1,0,0,0,0,0,0,"- ","- ",34.450020000000002,-119.75118000000001,"SANTA BARBARA",UNINCORPORATED,-119.75104999,34.450090090000003
90418140,2017,2017-03-23,9760,2017-03-12,1620,021061,,7,2,9,4200,0,1,2,,2,010,"US-101 S/B","SAN YSIDRO RD.",480.00,N,N,A,-,Y,,,101,,,,,,S,Y,3,0,2,2,A,-,08,22107,,N,C,C,A,A,H,-,A,D,0,,,Y,,Y,,C,02,0,2,0,0,0,0,0,0,2,"- ","- ",34.422580000000004,-119.63307,"SANTA BARBARA",UNINCORPORATED,-119.63307005,34.42257901
90412532,2017,2017-03-15,9760,2017-03-06,1740,018418,,1,2,9,4200,0,1,2,,2,010,"U.S. 101 N/B","EVANS AVE",1000.00,N,N,A,-,Y,,,,,,,,,,Y,3,0,1,1,A,-,08,22107,,N,F,A,A,A,H,-,A,D,0,,,,,Y,,A,07,0,1,0,0,0,0,0,0,0,"- ","- ",34.420999999999999,-119.60599999999999,"SANTA BARBARA",UNINCORPORATED,-119.60155,34.421320000000001
90412936,2017,2017-03-15,9760,2017-03-07,0922,021531,,2,1,9,4200,0,1,2,,2,010,"US-101 N/B","EVANS AVE",1800.00,N,N,A,-,Y,,,101,,,,,,N,Y,4,0,1,2,A,-,03,22350,,N,B,C,A,A,H,-,A,D,0,,,,,Y,,A,01,0,0,1,0,0,0,0,0,0,"- ","- ",34.420870000000001,-119.60785,"SANTA BARBARA",UNINCORPORATED,-119.60784097,34.420924669999998
90412999,2017,2017-03-15,9755,2017-03-14,0820,015281,,2,1,9,4200,0,1,3,,2,041,"RT 246","CUESTA ST",40.00,W,N,A,-,N,,,246,,,,,,,Y,4,0,1,3,A,-,03,22350,,N,C,C,A,A,H,-,A,D,0,,,,,Y,,A,07,0,0,1,0,0,0,0,0,0,"- ","- ",34.60962,-120.08759000000001,"SANTA BARBARA",UNINCORPORATED,-120.08759757,34.609637560000003
90413063,2017,2017-03-15,9760,2017-03-09,1725,020965,,4,2,4,4214,0,1,2,,2,020,"US-101 S/B","FAIRVIEW AVE",2600.00,S,N,A,-,Y,,,101,,,,,,S,Y,4,0,1,2,A,-,03,22350,,N,C,C,A,A,H,-,A,D,0,,,,,Y,,A,07,0,0,1,0,0,0,0,0,0,"- ","- ",34.440330000000003,-119.82343,"SANTA BARBARA",GOLETA,-119.82342516,34.440277080000001
90413138,2017,2017-03-15,9760,2017-03-02,0720,021503,,4,1,3,4205,0,1,2,,2,010,"US-101 N/B","SANTA YNEZ AVENUE",260.00,S,N,A,-,Y,,,101,,,,,,N,Y,4,0,1,7,A,-,03,22350,,N,C,C,A,A,H,-,A,D,0,,,,,Y,,D,22,0,0,1,0,0,0,0,0,0,"- ","- ",34.403300000000002,-119.5258,"SANTA BARBARA",CARPINTERIA,-119.52581176,34.403237930000003