CASE_ID,ACCIDENT_YEAR,PROC_DATE,JURIS,COLLISION_DATE,COLLISION_TIME,OFFICER_ID,REPORTING_DISTRICT,DAY_OF_WEEK,CHP_SHIFT,POPULATION,CNTY_CITY_LOC,SPECIAL_COND,BEAT_TYPE,CHP_BEAT_TYPE,CITY_DIVISION_LAPD,CHP_BEAT_CLASS,BEAT_NUMBER,PRIMARY_RD,SECONDARY_RD,DISTANCE,DIRECTION,INTERSECTION,WEATHER_1,WEATHER_2,STATE_HWY_IND,CALTRANS_COUNTY,CALTRANS_DISTRICT,STATE_ROUTE,ROUTE_SUFFIX,POSTMILE_PREFIX,POSTMILE,LOCATION_TYPE,RAMP_INTERSECTION,SIDE_OF_HWY,TOW_AWAY,COLLISION_SEVERITY,NUMBER_KILLED,NUMBER_INJURED,PARTY_COUNT,PRIMARY_COLL_FACTOR,PCF_CODE_OF_VIOL,PCF_VIOL_CATEGORY,PCF_VIOLATION,PCF_VIOL_SUBSECTION,HIT_AND_RUN,TYPE_OF_COLLISION,MVIW,PED_ACTION,ROAD_SURFACE,ROAD_COND_1,ROAD_COND_2,LIGHTING,CONTROL_DEVICE,CHP_ROAD_TYPE,PEDESTRIAN_ACCIDENT,BICYCLE_ACCIDENT,MOTORCYCLE_ACCIDENT,TRUCK_ACCIDENT,NOT_PRIVATE_PROPERTY,ALCOHOL_INVOLVED,STWD_VEHTYPE_AT_FAULT,CHP_VEHTYPE_AT_FAULT,COUNT_SEVERE_INJ,COUNT_VISIBLE_INJ,COUNT_COMPLAINT_PAIN,COUNT_PED_KILLED,COUNT_PED_INJURED,COUNT_BICYCLIST_KILLED,COUNT_BICYCLIST_INJURED,COUNT_MC_KILLED,COUNT_MC_INJURED,PRIMARY_RAMP,SECONDARY_RAMP,LATITUDE,LONGITUDE,COUNTY,CITY,POINT_X,POINT_Y
90413207,2017,2017-03-15,9755,2017-03-15,1010,015281,,3,1,9,4200,0,1,3,,1,042,"STATE ROUTE 154","STAGECOACH ROAD",7920.00,W,N,A,-,Y,,,154,,,,,,,Y,3,0,2,2,A,-,08,22107,,N,B,C,A,A,H,-,A,D,0,,,,Y,Y,,F,26,0,2,0,0,0,0,0,0,0,"- ","- ",34.549419999999998,-119.90665,"SANTA BARBARA",UNINCORPORATED,-119.90662469,34.549532640000002
90413290,2017,2017-03-16,9760,2017-03-05,0910,021300,,7,1,4,4214,0,1,2,,1,030,"US-101 S/B FROM LOS CARNEROS RD.","LOS CARNEROS RD",190.00,S,N,B,C,Y,,,101,,,,R,,S,Y,4,0,1,1,A,-,03,22350,,N,F,I,A,B,H,-,A,D,0,,,,,Y,,A,07,0,0,1,0,0,0,0,0,0,"- ","- ",34.437609999999999,-119.85232000000001,"SANTA BARBARA",GOLETA,-119.85232000000001,34.437609999999999
90413502,2017,2017-03-16,9750,2017-03-10,0720,014358,,5,1,9,4200,0,2,4,,1,024,"LAKEVIEW ROAD","ORCUTT ROAD",0.00,,Y,A,-,N,,,,,,,,,,Y,4,0,2,2,A,-,09,21801,A,N,D,C,A,A,H,-,A,D,0,,,,,Y,,A,01,0,0,2,0,0,0,0,0,0,"- ","- ",34.894539999999999,-120.43608,"SANTA BARBARA",UNINCORPORATED,-120.43608986,34.894520100000001
90413511,2017,2017-03-16,9760,2017-02-12,2204,021476,,7,3,5,4203,0,1,2,,2,011,"US-101 N/B TO PUEBLO STREET","W PUEBLO STREET",246.00,S,N,A,-,Y,,,101,,,,R,,N,Y,2,0,1,1,A,-,01,23152,A,N,E,I,A,A,H,-,D,D,0,,,,,Y,Y,A,01,1,0,0,0,0,0,0,0,0,"- ","- ",34.4268,-119.72503,"SANTA BARBARA","SANTA BARBARA",-119.72503,34.4268
90413596,2017,2017-03-16,9750,2017-03-12,2000,017379,,7,2,9,4200,0,2,4,,1,024,"CLARK AVE.","ORCUTT RD.",0.00,,Y,A,-,N,,,,,,,,,,Y,2,0,2,2,A,-,12,21453,A,N,D,C,A,A,H,-,C,A,0,,,,,Y,,D,22,1,1,0,0,0,0,0,0,0,"- ","- ",34.865079999999999,-120.43552,"SANTA BARBARA",UNINCORPORATED,-120.4353199,34.865060059999998
90415099,2017,2017-03-20,9760,2017-03-09,1545,020965,,4,2,4,4214,0,1,2,,1,030,"US-101 N/B","GLEN ANNIE RD",3000.00,S,N,A,-,Y,,,101,,,,,,N,N,4,0,1,2,A,-,03,22350,,N,C,C,A,A,H,-,A,D,0,,,,,Y,,A,01,0,0,1,0,0,0,0,0,0,"- ","- ",34.43638,-119.86069999999999,"SANTA BARBARA",GOLETA,-119.86070362,34.436398199999999
90398005,2017,2017-02-22,9750,2017-02-16,1929,017910,,4,2,9,4200,0,3,5,,2,020,"UNION VALLEY PARKWAY","BRADLEY ROAD",0.00,,Y,B,C,N,,,,,,,,,,Y,4,0,1,2,A,-,09,21453,C,F,A,C,A,B,H,-,C,A,0,,,,,Y,,D,22,0,0,1,0,0,0,0,0,0,"- ","- ",34.879539999999999,-120.41873,"SANTA BARBARA",UNINCORPORATED,-120.41869994,34.879360030000001
90398159,2017,2017-02-22,9760,2017-02-10,2110,021431,,5,2,4,4214,0,1,2,,1,030,"US-101 SB","LOS CARNEROS RD",2640.00,S,N,C,-,Y,,,101,,,,,,S,N,4,0,1,1,A,-,08,22107,,N,E,I,A,B,H,-,D,D,0,,,,,Y,,A,07,0,0,1,0,0,0,0,0,0,"- ","- ",34.438220000000001,-119.84515,"SANTA BARBARA",GOLETA,-119.84514616,34.438189510000001
90398236,2017,2017-03-07,9760,2017-02-10,1720,018431,,5,2,9,4200,0,3,5,,2,005,"DEL PLAYA DR.","CAMINO PESECADERO",200.00,E,N,B,-,N,,,,,,,,,,N,3,0,1,2,A,-,21,22106,,N,H,G,A,B,H,-,A,D,0,,Y,,,Y,,A,07,0,1,0,0,0,0,1,0,0,"- ","- ",34.409649999999999,-119.85799,"SANTA BARBARA",UNINCORPORATED,-119.85805594999999,34.409673349999998
90398300,2017,2017-02-22,9750,2017-02-16,1020,014358,,4,1,5,4204,0,2,S,,2,901,"WESTERN AVE","BOONE ST",33.00,N,N,C,-,N,,,,,,,,,,Y,4,0,1,2,A,-,05,21650,,N,A,C,A,B,H,-,A,A,0,,,,,Y,,A,01,0,0,1,0,0,0,0,0,0,"- ","- ",34.94708,-120.44944,"SANTA BARBARA","SANTA MARIA",-120.44942876,34.947010640000002
90398640,2017,2017-02-23,9760,2017-02-11,2052,020226,,6,2,9,4200,0,1,3,,1,022,"SR-154 W/B","E. CAMINO CIELO",0.00,,Y,C,-,Y,,,154,,,,,,W,Y,4,0,3,2,A,-,08,22107,,N,D,C,A,B,H,-,D,A,0,,,,,Y,,A,07,0,0,3,0,0,0,0,0,0,"- ","- ",34.509860000000003,-119.8228,"SANTA BARBARA",UNINCORPORATED,-119.82288776999999,34.509756580000001
90399080,2017,2017-02-23,9755,2017-02-21,1135,015281,,2,1,9,4200,0,1,2,,2,004,"UNITED STATES HIGHWAY 101","RT 1",1584.00,N,N,C,-,Y,,,101,,,,,,,Y,3,0,1,1,A,-,03,22350,,N,F,A,A,B,H,-,A,D,0,,,,,Y,,A,01,0,1,0,0,0,0,0,0,0,"- ","- ",34.518470000000001,-120.21696,"SANTA BARBARA",UNINCORPORATED,-120.21693431,34.518442049999997
90433582,2017,2017-04-13,9760,2017-04-06,1545,021061,,4,2,9,4200,0,3,5,,2,001,"GIBRALTAR RD","E. CAMINO CIELO",11880.00,S,N,A,-,N,,,,,,,,,,N,2,0,1,2,A,-,05,21650,,N,H,G,A,A,H,-,A,D,0,,Y,,,Y,,A,01,1,0,0,0,0,0,1,0,0,"- ","- ",34.472369999999998,-119.67846,"SANTA BARBARA",UNINCORPORATED,-119.68118462,34.480040500000001
90433651,2017,2017-04-13,9760,2017-04-06,1705,020908,,4,2,4,4214,0,1,2,,2,020,"US-101 S/B (EL CAMINO REAL)",SR-217,900.00,N,N,A,-,Y,,,101,,,,,,S,Y,3,0,2,2,A,-,03,22350,,N,C,C,A,A,H,-,A,D,0,,,,,Y,,A,07,0,1,1,0,0,0,0,0,0,"- ","- ",34.440910000000002,-119.81538,"SANTA BARBARA",GOLETA,-119.81539433,34.441041900000002
90434002,2017,2017-04-13,9750,2017-04-05,1453,015916,,3,2,9,4200,0,2,4,,1,024,"BRADLEY ROAD N/B","UNION VALLEY PARKWAY",60.00,S,N,A,-,N,,,,,,,,,,N,4,0,1,2,A,-,21,22106,,N,C,C,A,A,H,-,A,A,0,,,,,Y,,A,07,0,0,1,0,0,0,0,0,0,"- ","- ",34.879089999999998,-120.41967,"SANTA BARBARA",UNINCORPORATED,-120.41870677,34.879195289999998
90435132,2017,2017-04-17,9750,2017-04-10,1710,017379,,1,2,9,4200,0,1,3,,1,011,"SR-166 (STATE ROUTE 166)","BONITA SCHOOL ROAD",4224.00,W,N,A,-,Y,,,166,,,,,,,Y,3,0,2,1,A,-,01,23152,A,N,F,A,A,A,H,-,A,D,0,,,,,Y,Y,A,01,0,2,0,0,0,0,0,0,0,"- ","- ",34.958480000000002,-120.52257,"SANTA BARBARA",UNINCORPORATED,-120.52256557,34.958519459999998
90435136,2017,2017-04-17,9750,2017-04-01,1858,019397,,6,2,9,4200,0,1,2,,2,001,"US-101 (N/B)","MORNINGSIDE DR",120.00,S,N,A,-,Y,,,101,,,,,,,Y,3,0,2,2,A,-,01,23152,A,N,C,C,A,A,H,-,A,D,0,,,Y,,Y,Y,C,02,0,1,1,0,0,0,0,0,1,"- ","- ",34.889110000000002,-120.41624,"SANTA BARBARA",UNINCORPORATED,-120.41639051999999,34.889008369999999
90418270,2017,2017-03-23,9760,2017-03-18,1450,021061,,6,2,9,4200,0,1,3,,1,022,"EAST CAMINO CIELO",SR-154,5280.00,E,N,A,-,N,,,,,,,,,,Y,3,0,2,1,A,-,03,22350,,N,F,A,A,A,H,-,A,D,0,,,Y,,Y,,C,02,0,2,0,0,0,0,0,0,2,"- ","- ",34.511319999999998,-119.81829999999999,"SANTA BARBARA",UNINCORPORATED,-119.81030394,34.511690160000001
90420531,2017,2017-03-24,9750,2017-03-23,0755,014358,,4,1,9,4200,0,2,4,,1,024,"FOSTER ROAD","HILLVIEW ROAD",127.00,E,N,A,-,N,,,,,,,,,,Y,4,0,1,2,A,-,08,22107,,N,B,E,A,A,H,-,A,D,0,,,,,Y,,A,01,0,0,1,0,0,0,0,0,0,"- ","- ",34.88306,-120.42366,"SANTA BARBARA",UNINCORPORATED,-120.4239967,34.883083069999998
90421516,2017,2017-03-27,9760,2017-02-11,0150,020226,,6,3,9,4200,0,1,2,,2,010,"US-101 NORTHBOUND","OLIVE MILL ROAD ONRAMP TO US-101 S/B O/C",30.00,S,N,C,-,Y,,,101,,,,,,N,Y,4,0,3,2,A,-,08,22107,,N,E,I,A,B,H,-,D,D,0,,,,,Y,Y,A,01,0,0,3,0,0,0,0,0,0,"- ","- ",34.421039999999998,-119.63986,"SANTA BARBARA",UNINCORPORATED,-119.63984759,34.421018160000003
90421631,2017,2017-03-27,9755,2017-03-19,2129,017378,,7,2,9,4200,0,1,3,,1,053,"RT 246","GYPSY CANYON RD.",1000.00,E,N,A,-,Y,,,246,,,,,,,Y,4,0,1,1,A,-,08,22107,,N,F,A,A,A,H,-,D,D,0,,,,,Y,,A,01,0,0,1,0,0,0,0,0,0,"- ","- ",34.6646,-120.3535,"SANTA BARBARA",UNINCORPORATED,-120.35350010000001,34.664562670000002
90421760,2017,2017-03-27,9750,2017-03-26,0640,015915,,7,1,9,4200,0,1,2,,2,003,"US 101 N/B","ALISOS CANYON ROAD",11088.00,S,N,B,-,Y,,,,,,,,,,Y,3,0,2,2,A,-,03,22350,,N,C,C,A,A,H,-,B,D,0,,,,,Y,,A,01,0,2,0,0,0,0,0,0,0,"- ","- ",34.718350000000001,-120.20101,"SANTA BARBARA",UNINCORPORATED,-120.20370115,34.718585150000003
90422893,2017,2017-03-28,9760,2017-03-20,1325,020964,,1,1,9,4200,0,1,2,,2,020,"US-101 N/B","PATTERSON AVE",600.00,S,N,A,-,Y,,,101,,,,,,N,Y,3,0,1,2,A,-,03,22350,,N,B,C,A,A,H,-,A,D,0,,,,Y,Y,,A,01,0,1,0,0,0,0,0,0,0,"- ","- ",34.441839999999999,-119.80623,"SANTA BARBARA",UNINCORPORATED,-119.80623251999999,34.441813600000003
90423085,2017,2017-03-29,9760,2017-03-20,0748,020804,,1,1,9,4200,0,3,5,,2,001,SR-192,"TORITO RD.",528.00,N,N,B,-,Y,,,192,,,,,,,Y,4,0,1,1,A,-,08,22107,,N,E,I,A,A,H,-,A,D,0,,,,,Y,,D,22,0,0,1,0,0,0,0,0,0,"- ","- ",34.431040000000003,-119.57259999999999,"SANTA BARBARA",UNINCORPORATED,-119.57260946,34.431041810000004
90423105,2017,2017-03-29,9760,2017-03-21,1120,014690,,2,1,5,4203,0,1,2,,2,011,"US-101 S/B TO MISSION ST.","MISSION ST",30.00,N,N,B,C,Y,,,101,,,,R,,S,Y,4,0,2,2,A,-,03,22350,,N,C,C,A,B,H,-,A,A,0,,,,,Y,,A,01,0,0,2,0,0,0,0,0,0,"- ","- ",34.425199999999997,-119.72084,"SANTA BARBARA","SANTA BARBARA",-119.72084,34.425199999999997
90423461,2017,2017-03-29,9750,2017-03-27,0800,014753,,1,1,9,4200,0,1,3,,1,022,"STATE ROUTE 1 SOUTHBOUND","SAN SANTONIO ROAD WEST",850.00,S,N,A,-,Y,,,1,,,,,,S,Y,4,0,1,1,A,-,08,22107,,N,F,A,A,A,H,-,A,D,0,,,,,Y,,A,01,0,0,1,0,0,0,0,0,0,"- ","- ",34.775469999999999,-120.49809,"SANTA BARBARA",UNINCORPORATED,-120.49808109999999,34.775425800000001
90423902,2017,2017-03-30,9760,2017-03-21,1350,018418,,2,1,9,4200,0,1,2,,1,040,"U.S. 101 S/B","GAVIOTA BEACH RD",800.00,S,N,B,-,Y,,,,,,,,,,Y,4,0,2,2,A,-,08,22107,,N,B,C,A,B,H,-,A,D,0,,,,,Y,,A,01,0,0,2,0,0,0,0,0,0,"- ","- ",34.474730000000001,-120.22683000000001,"SANTA BARBARA",UNINCORPORATED,-120.22755743,34.475696159999998
90424940,2017,2017-03-31,9760,2017-03-29,2330,020528,,3,3,5,4203,0,1,2,,2,011,"US-101 SB","OLIVE MILL RD",700.00,N,N,A,-,Y,,,101,,,,,,S,Y,4,0,1,1,A,-,03,22350,,N,E,I,A,A,H,-,D,D,0,,,,,Y,,A,01,0,0,1,0,0,0,0,0,0,"- ","- ",34.419690000000003,-119.64256,"SANTA BARBARA","SANTA BARBARA",-119.64256826,34.419739999999997
90415216,2017,2017-03-20,9760,2017-03-08,0640,021531,,3,1,9,4200,0,1,2,,1,040,"US-101 S/B","TAJIGUAS RANCH ROAD",1200.00,S,N,A,-,Y,,,101,,,,,,S,Y,3,0,1,1,A,-,08,22107,,N,E,I,A,A,H,-,A,D,0,,,,,Y,,A,01,0,1,0,0,0,0,0,0,0,"- ","- ",34.464309999999998,-120.10006,"SANTA BARBARA",UNINCORPORATED,-120.1001095,34.464232629999998
90415397,2017,2017-03-20,9760,2017-03-01,0150,020473,,3,3,4,4214,0,1,2,,2,020,"US-101 S/B","PATTERSON AVE",2000.00,N,N,A,-,Y,,,101,,,,,,S,Y,3,0,1,2,A,-,01,23152,A,F,B,C,A,A,H,-,C,D,0,,,,,Y,Y,D,22,0,1,0,0,0,0,0,0,0,"- ","- ",34.440910000000002,-119.81592000000001,"SANTA BARBARA",GOLETA,-119.81592802999999,34.44098391
90415545,2017,2017-03-20,9750,2017-03-15,1330,020510,,3,1,9,4200,0,1,3,,1,062,SR-166,"CABLE CORRAL RD",8448.00,W,N,A,-,Y,,,166,,,,,,,Y,4,0,1,1,A,-,08,22107,,N,E,I,A,A,H,-,A,D,0,,,,,Y,,A,01,0,0,1,0,0,0,0,0,0,"- ","- ",35.099820000000001,-120.11823,"SANTA BARBARA",UNINCORPORATED,-120.11818638,35.09975704
90415709,2017,2017-03-20,9750,2017-03-17,2500,020511,,5,4,9,4200,0,3,5,,2,030,"FOXEN CANYON RD","FUGLER RD",30.00,E,N,B,E,N,,,,,,,,,,Y,4,0,1,1,A,-,08,22107,,N,E,J,A,A,H,-,D,D,0,,,,,Y,,D,22,0,0,1,0,0,0,0,0,0,"- ","- ",34.90842,-120.32983,"SANTA BARBARA",UNINCORPORATED,-120.33401999,34.908508900000001
90415801,2017,2017-03-20,9760,2017-03-03,0800,021531,,5,1,9,4200,0,3,5,,2,001,"SPRING ROAD E/B","OLIVE MILL RD",0.00,,Y,A,-,N,,,,,,,,,,Y,4,0,1,1,A,-,03,22350,,N,E,I,A,A,H,-,A,A,0,,,,,Y,,A,08,0,0,1,0,0,0,0,0,0,"- ","- ",34.419440000000002,-119.64,"SANTA BARBARA",UNINCORPORATED,-119.64004987,34.419440039999998
90415811,2017,2017-03-20,9755,2017-03-19,1430,017884,,7,2,9,4200,0,1,2,,2,004,"US-101 N/B","JONATA PARK RD",6336.00,S,N,A,-,Y,,,101,,,,,,N,Y,3,0,3,1,A,-,08,22107,,N,E,I,A,A,H,-,A,D,0,,,,,Y,,A,07,0,1,2,0,0,0,0,0,0,"- ","- ",34.634929999999997,-120.18619,"SANTA BARBARA",UNINCORPORATED,-120.18626091,34.63496181
90415901,2017,2017-03-20,9760,2017-03-15,1610,018418,,3,2,9,4200,0,3,5,,2,001,"NORTH JAMESON LANE","SHEFFIELD DR",0.00,,Y,A,-,N,,,,,,,,,,Y,4,0,1,2,A,-,09,21801,A,N,A,C,A,A,H,-,A,D,0,,,,,Y,,A,08,0,0,1,0,0,0,0,0,0,"- ","- ",,,"SANTA BARBARA",UNINCORPORATED,-119.61249995999999,34.422300100000001
90415915,2017,2017-03-20,9750,2017-03-14,0645,016170,,2,1,5,4204,0,1,2,,2,001,"US-101 S/B","BETTERAVIA RD",2640.00,N,N,E,-,Y,,,101,,,,,,S,Y,4,0,1,4,A,-,03,22350,,N,C,C,A,A,H,-,A,D,0,,,,,Y,,-,99,0,0,1,0,0,0,0,0,0,"- ","- ",34.9315,-120.41799,"SANTA BARBARA","SANTA MARIA",-120.41795764,34.93149974
90416051,2017,2017-03-21,9760,2017-03-09,1055,021531,,4,1,9,4200,0,2,4,,1,021,"HOLLISTER AVE E/B","TURNPIKE ROAD",65.90,W,N,A,-,N,,,,,,,,,,N,3,0,1,1,A,-,08,22107,,N,E,I,A,A,H,-,A,D,0,,Y,,,Y,,L,04,0,1,0,0,0,0,1,0,0,"- ","- ",34.436349999999997,-119.78973000000001,"SANTA BARBARA",UNINCORPORATED,-119.78966244999999,34.436598070000002
90449471,2017,2017-05-04,9760,2017-05-01,1515,017314,,1,2,9,4200,0,1,3,,1,015,SR-150,SR-192,1090.00,E,N,A,-,Y,,,150,,,,,,,Y,2,0,1,1,A,-,08,22107,,N,E,I,A,A,H,-,A,D,0,,,,,Y,,A,01,1,0,0,0,0,0,0,0,0,"- ","- ",34.392910000000001,-119.46004000000001,"SANTA BARBARA",UNINCORPORATED,-119.46006534,34.392965340000003
90449495,2017,2017-05-04,9760,2017-04-30,0540,019831,,7,3,9,4200,0,1,2,,1,040,"US-101 NB (EL CAMINO REAL)","MARIPOSA REINA",3722.00,N,N,A,-,Y,,,101,,,,,,N,Y,4,0,1,1,A,-,08,22107,,N,E,J,A,A,D,H,B,D,0,,,,,Y,,A,07,0,0,1,0,0,0,0,0,0,"- ","- ",34.47345,-120.21930999999999,"SANTA BARBARA",UNINCORPORATED,-120.21930987,34.473435879999997
90424943,2017,2017-03-31,9760,2017-03-29,0754,019831,,3,1,9,4200,0,1,2,,2,020,"US-101 NORTHBOUND (EL CAMINO REAL)","PATTERSON AVE",1123.00,S,N,A,-,Y,,,101,,,,,,N,Y,4,0,1,2,A,-,03,22350,,N,C,C,A,A,H,-,A,D,0,,,,,Y,,A,01,0,0,1,0,0,0,0,0,0,"- ","- ",34.441760000000002,-119.80456,"SANTA BARBARA",UNINCORPORATED,-119.8045678,34.441667619999997
90425088,2017,2017-03-31,9750,2017-03-27,0800,015915,,1,1,9,4200,0,1,3,,1,022,"SR-1 S/B","SAN ANTONIO ROAD WEST",528.00,S,N,A,-,Y,,,1,,,,,,S,Y,4,0,1,2,A,-,03,22350,,N,C,C,A,A,H,-,A,D,0,,,,,Y,,A,01,0,0,1,0,0,0,0,0,0,"- ","- ",34.775019999999998,-120.4999,"SANTA BARBARA",UNINCORPORATED,-120.49990767,34.775058080000001
90425234,2017,2017-03-31,9750,2017-03-28,1614,017616,,2,2,5,4204,0,1,2,,2,001,"US-101 N/B","BETTERAVIA RD",2112.00,S,N,A,-,Y,,,101,,,,,,N,Y,3,0,2,3,A,-,08,22107,,N,C,C,A,A,H,-,A,D,0,,,,,Y,,D,22,0,1,1,0,0,0,0,0,0,"- ","- ",34.916930000000001,-120.41779,"SANTA BARBARA","SANTA MARIA",-120.41788982,34.916931050000002
90425252,2017,2017-03-31,9750,2017-03-29,1518,017910,,3,2,9,4200,0,1,3,,1,062,SR-166,"SIERRA MADRE RD",4752.00,W,N,A,-,Y,,,166,,,,,,,Y,3,0,1,1,A,-,08,22107,,N,E,I,A,A,H,-,A,D,0,,,,,Y,,D,23,0,1,0,0,0,0,0,0,0,"- ","- ",35.10624,-120.10680000000001,"SANTA BARBARA",UNINCORPORATED,-120.10676248,35.106236490000001
90426080,2017,2017-04-03,9755,2017-03-31,0715,017374,,5,1,9,4200,0,1,3,,2,041,SR-246,"EL RANCHO MARKET ENTRANCE",0.00,,Y,A,-,Y,,,246,,,,,,,Y,4,0,1,2,A,-,09,21801,A,N,D,C,A,A,H,-,A,D,0,,,,,Y,,D,22,0,0,1,0,0,0,0,0,0,"- ","- ",34.606650000000002,-120.10080000000001,"SANTA BARBARA",UNINCORPORATED,-120.10080009000001,34.606641549999999
90426220,2017,2017-04-03,9760,2017-03-23,2330,021503,,4,3,5,4203,0,1,2,,2,011,"US-101 SOUTHBOUND FROM GARDEN STREET","GARDEN STREET",16.00,S,N,A,-,Y,,,101,,,,R,,S,Y,4,0,1,1,A,-,01,23152,G,N,E,I,A,A,H,-,C,A,0,,,,,Y,Y,A,01,0,0,1,0,0,0,0,0,0,"- ","- ",34.418100000000003,-119.6892,"SANTA BARBARA","SANTA BARBARA",-119.6892,34.418100000000003
90426231,2017,2017-04-03,9755,2017-04-01,1625,016999,,6,2,9,4200,0,1,3,,1,042,"SR-154 W/B","LIVE OAK RD",3038.00,W,N,A,-,Y,,,154,,,,,,W,Y,3,0,1,1,A,-,08,22107,,N,F,A,A,A,H,-,A,D,0,,,,,Y,,D,22,0,1,0,0,0,0,0,0,0,"- ","- ",34.547249999999998,-119.88784,"SANTA BARBARA",UNINCORPORATED,-119.88784224,34.547193649999997
90426280,2017,2017-04-03,9750,2017-03-29,1621,018009,,3,2,9,4200,0,3,5,,2,030,"FOXEN CANYON RD","DOMINION RD",2640.00,W,N,A,-,N,,,,,,,,,,Y,4,0,1,1,A,-,08,22107,,N,F,A,A,A,H,-,A,D,0,,,,,Y,,A,07,0,0,1,0,0,0,0,0,0,"- ","- ",34.916829999999997,-120.34771000000001,"SANTA BARBARA",UNINCORPORATED,-120.34770958999999,34.917377680000001
90426332,2017,2017-04-03,9755,2017-04-01,1045,013618,,6,1,9,4200,0,3,5,,2,050,"SAN MIGUELITO ROAD","WILLOW AVENUE",13200.00,S,N,A,-,N,,,,,,,,,,Y,3,0,1,1,A,-,08,22107,,N,E,I,A,A,H,-,A,D,0,,,,,Y,,M,44,0,1,0,0,0,0,0,0,0,"- ","- ",34.600160000000002,-120.4637,"SANTA BARBARA",UNINCORPORATED,-120.46587522,34.596704350000003
90427052,2017,2017-04-04,9760,2017-03-25,1330,019464,,6,1,3,4205,0,1,2,,2,010,"US-101 NORTHBOUND","CASITAS PASS ROAD",840.00,S,N,A,-,Y,,,101,,,,,,N,Y,4,0,1,5,A,-,03,22350,,N,C,C,A,A,D,-,A,D,0,,,,,Y,,D,22,0,0,1,0,0,0,0,0,0,"- ","- ",34.394919999999999,-119.5102,"SANTA BARBARA",CARPINTERIA,-119.51018990999999,34.394926890000001
90427185,2017,2017-04-04,9750,2017-03-30,1240,014358,,4,1,9,4200,0,1,3,,1,064,"RT 166","WASIOJA ROAD",7920.00,E,N,A,-,Y,,,166,,,,,,,Y,2,0,1,2,A,-,06,21751,,N,A,C,A,A,H,-,A,D,0,,,,Y,Y,,A,01,1,0,0,0,0,0,0,0,0,"- ","- ",34.976689999999998,-119.75646,"SANTA BARBARA",UNINCORPORATED,-119.75647417,34.976664900000003
90449765,2017,2017-05-05,9760,2017-04-25,1125,021294,,2,1,9,4200,0,3,5,,2,002,"MODOC ROAD","VISTA CLARA ROAD",95.00,E,N,B,-,N,,,,,,,,,,Y,3,0,1,1,A,-,08,22107,,N,E,I,A,A,H,-,A,D,0,,,,,Y,,A,01,0,1,0,0,0,0,0,0,0,"- ","- ",34.43721,-119.76179999999999,"SANTA BARBARA",UNINCORPORATED,-119.76165088,34.437220539999998
90449766,2017,2017-05-05,9760,2017-04-28,2257,020965,,5,3,9,4200,0,1,3,,1,014,SR-192,"CHELHAM WAY",560.00,W,N,A,G,Y,,,192,,,,,,,Y,3,0,1,1,A,-,03,22350,,N,F,I,A,A,H,-,D,D,0,,,,,Y,,D,22,0,1,0,0,0,0,0,0,0,"- ","- ",34.441769999999998,-119.66715000000001,"SANTA BARBARA",UNINCORPORATED,-119.66711285,34.441799060000001
90449910,2017,2017-05-05,9760,2017-04-11,0812,019831,,2,1,9,4200,0,3,5,,2,002,"MODOC ROAD","HOLLISTER AVENUE",598.00,W,N,A,-,N,,,,,,,,,,N,3,0,1,1,C,-,18,,,N,E,I,A,A,H,-,A,D,0,,,Y,,Y,,-,"- ",0,1,0,0,0,0,0,0,1,"- ","- ",34.439070000000001,-119.76837,"SANTA BARBARA",UNINCORPORATED,-119.77003999999999,34.440190000000001
90449916,2017,2017-05-05,9750,2017-04-28,1650,020511,,5,2,9,4200,0,1,3,,1,011,"SR-166 W/B","RAY RD",300.00,W,N,A,-,N,,,166,,,,,,W,Y,4,0,1,2,A,-,03,22350,,N,C,C,A,A,H,-,A,D,0,,,,,Y,,A,01,0,0,1,0,0,0,0,0,0,"- ","- ",34.956580000000002,-120.50478,"SANTA BARBARA",UNINCORPORATED,-120.50478466,34.956533649999997
90450135,2017,2017-05-05,9750,2017-05-01,1008,017910,,1,1,9,4200,0,1,3,,1,021,"SR-135 N/B","CLARK AVENUE",235.00,S,N,A,-,Y,,,135,,,,,,N,Y,4,0,1,1,A,-,08,22107,,N,E,I,A,A,H,-,A,A,0,,,,,Y,,A,01,0,0,1,0,0,0,0,0,0,"- ","- ",34.864370000000001,-120.43652,"SANTA BARBARA",UNINCORPORATED,-120.43659095,34.86437574
90450269,2017,2017-05-05,9750,2017-05-03,1645,018616,,3,2,9,4200,0,1,3,,1,021,"SR-135 N/B","RICE RANCH RD",1056.00,S,N,B,-,Y,,,135,,,,,,N,Y,4,0,1,1,A,-,08,22107,,N,F,A,A,A,H,-,A,D,0,,,,,Y,,A,01,0,0,1,0,0,0,0,0,0,"- ","- ",34.858530000000002,-120.44049,"SANTA BARBARA",UNINCORPORATED,-120.44043789,34.858385640000002