CASE_ID,ACCIDENT_YEAR,PROC_DATE,JURIS,COLLISION_DATE,COLLISION_TIME,OFFICER_ID,REPORTING_DISTRICT,DAY_OF_WEEK,CHP_SHIFT,POPULATION,CNTY_CITY_LOC,SPECIAL_COND,BEAT_TYPE,CHP_BEAT_TYPE,CITY_DIVISION_LAPD,CHP_BEAT_CLASS,BEAT_NUMBER,PRIMARY_RD,SECONDARY_RD,DISTANCE,DIRECTION,INTERSECTION,WEATHER_1,WEATHER_2,STATE_HWY_IND,CALTRANS_COUNTY,CALTRANS_DISTRICT,STATE_ROUTE,ROUTE_SUFFIX,POSTMILE_PREFIX,POSTMILE,LOCATION_TYPE,RAMP_INTERSECTION,SIDE_OF_HWY,TOW_AWAY,COLLISION_SEVERITY,NUMBER_KILLED,NUMBER_INJURED,PARTY_COUNT,PRIMARY_COLL_FACTOR,PCF_CODE_OF_VIOL,PCF_VIOL_CATEGORY,PCF_VIOLATION,PCF_VIOL_SUBSECTION,HIT_AND_RUN,TYPE_OF_COLLISION,MVIW,PED_ACTION,ROAD_SURFACE,ROAD_COND_1,ROAD_COND_2,LIGHTING,CONTROL_DEVICE,CHP_ROAD_TYPE,PEDESTRIAN_ACCIDENT,BICYCLE_ACCIDENT,MOTORCYCLE_ACCIDENT,TRUCK_ACCIDENT,NOT_PRIVATE_PROPERTY,ALCOHOL_INVOLVED,STWD_VEHTYPE_AT_FAULT,CHP_VEHTYPE_AT_FAULT,COUNT_SEVERE_INJ,COUNT_VISIBLE_INJ,COUNT_COMPLAINT_PAIN,COUNT_PED_KILLED,COUNT_PED_INJURED,COUNT_BICYCLIST_KILLED,COUNT_BICYCLIST_INJURED,COUNT_MC_KILLED,COUNT_MC_INJURED,PRIMARY_RAMP,SECONDARY_RAMP,LATITUDE,LONGITUDE,COUNTY,CITY,POINT_X,POINT_Y
90450586,2017,2017-08-15,9760,2017-05-06,1435,020483,,6,2,9,4200,0,3,5,,2,005,"EMBARCADERO DEL NORTE","PARDALL RD",0.00,,Y,A,G,N,,,,,,,,,,N,2,0,1,2,A,-,11,21954,A,N,G,B,E,A,H,-,A,D,0,Y,,,Y,Y,,N,60,1,0,0,0,1,0,0,0,0,"- ","- ",34.244700000000002,-119.5119,"SANTA BARBARA",UNINCORPORATED,-119.85538993999999,34.413090050000001
90451018,2017,2017-05-08,9760,2017-01-05,0955,019446,,4,1,3,4205,0,1,2,,2,010,"US-101 N/B (EL CAMINO REAL)","SANTA MONICA",132.00,N,N,B,-,Y,,,101,,,,,,N,Y,1,1,1,3,A,-,08,22107,,N,D,C,A,B,H,-,A,D,0,,,,,Y,,D,22,0,1,0,0,0,0,0,0,0,"- ","- ",34.404240000000001,-119.53111,"SANTA BARBARA",CARPINTERIA,-119.53110961,34.40424204
90451475,2017,2017-05-08,9750,2017-05-06,0748,014820,,6,1,9,4200,0,1,3,,1,012,SR-1,"BROWN RD",0.00,,Y,B,-,Y,,,1,,,,,,,Y,4,0,3,2,A,-,09,21802,A,N,D,C,A,A,H,-,A,A,0,,,,Y,Y,,D,22,0,0,3,0,0,0,0,0,0,"- ","- ",34.932839999999999,-120.56852000000001,"SANTA BARBARA",UNINCORPORATED,-120.56856191,34.932813109999998
90451510,2017,2017-05-08,9750,2017-05-06,0600,016542,,6,1,9,4200,0,1,2,,2,001,"US 101 S/B","DONOVAN RD O/C",1584.00,S,N,B,-,Y,,,,,,,,,,Y,3,0,2,1,A,-,08,22107,,N,E,I,A,A,H,-,B,D,0,,,,,Y,,A,07,0,1,1,0,0,0,0,0,0,"- ","- ",34.96302,-120.42028999999999,"SANTA BARBARA",UNINCORPORATED,-120.42070289,34.963807189999997
90451519,2017,2017-05-08,9755,2017-05-07,0235,020777,,7,3,9,4200,0,1,3,,2,041,"HIGHWAY 246, WESTBOUND","HIGH MEADOW DR",351.00,E,N,C,-,N,,,,,,,,,,Y,2,0,1,1,A,-,01,23152,A,N,E,I,A,B,H,-,D,D,0,,,,,Y,Y,A,01,1,0,0,0,0,0,0,0,0,"- ","- ",34.600059999999999,-120.12581,"SANTA BARBARA",UNINCORPORATED,-120.12588452999999,34.599937740000001
90427272,2017,2017-04-04,9750,2017-04-02,1120,014753,,7,1,9,4200,0,2,4,,1,024,"BRADLEY ROAD (SOUTHBOUND)","CRESTMONT DRIVE",230.00,N,N,A,-,N,,,,,,,,,,Y,4,0,1,1,C,-,18,,,N,E,I,A,A,H,-,A,D,0,,,,,Y,,-,"- ",0,0,1,0,0,0,0,0,0,"- ","- ",34.890470000000001,-120.42189,"SANTA BARBARA",UNINCORPORATED,-120.42178368,34.890467299999997
90427291,2017,2017-04-04,9750,2017-04-03,0620,014358,,1,1,5,4204,0,1,2,,2,001,"US 101 SOUTHBOUND","BETTERAVIA ROAD",1584.00,N,N,A,-,Y,,,,,,,,,,N,4,0,1,2,A,-,03,22350,,N,C,C,A,A,H,-,B,D,0,,,,,Y,,A,01,0,0,1,0,0,0,0,0,0,"- ","- ",34.93,-120.41798,"SANTA BARBARA","SANTA MARIA",-120.41797,34.928050450000001
90427324,2017,2017-04-04,9750,2017-04-04,0730,014358,,2,1,9,4200,0,3,5,,2,020,"PATTERSON ROAD","BLAKE STREET",3.00,E,N,A,-,N,,,,,,,,,,N,4,0,1,2,A,-,11,21954,A,N,G,B,D,A,H,-,A,D,0,Y,,,,Y,,N,60,0,0,1,0,1,0,0,0,0,"- ","- ",34.868569999999998,-120.42358,"SANTA BARBARA",UNINCORPORATED,-120.42356001,34.868570200000001
90427419,2017,2017-04-04,9760,2017-03-26,1102,020804,,7,1,5,4203,0,1,2,,2,020,"US-101 N/B TO STATE ST.","STATE ST.",2956800.00,S,N,A,-,Y,,,101,,,,R,,N,Y,3,0,1,2,A,-,03,22350,,N,C,C,A,A,H,-,A,D,0,,,Y,,Y,,C,02,0,1,0,0,0,0,0,0,1,"- ","- ",34.438879999999997,-119.75351999999999,"SANTA BARBARA","SANTA BARBARA",-119.75351999999999,34.438879999999997
90427474,2017,2017-04-04,9760,2017-03-28,1335,018418,,2,1,9,4200,0,1,2,,1,040,"U.S. 101 N/B","REFUGIO RD",1500.00,N,N,A,-,N,,,,,,,,,,Y,3,0,1,1,A,-,08,22107,,N,F,A,A,A,H,-,A,D,0,,,Y,,Y,,C,02,0,1,0,0,0,0,0,0,1,"- ","- ",34.463799999999999,-120.07508,"SANTA BARBARA",UNINCORPORATED,-120.06905,34.46575
90427501,2017,2017-04-04,9760,2017-03-27,1440,020964,,1,2,5,4203,0,1,2,,2,020,"US-101 N/B","STATE STREET",528.00,S,N,A,-,Y,,,101,,,,,,N,Y,4,0,1,3,A,-,03,22350,,N,C,C,A,A,H,-,A,D,0,,,,,Y,,A,08,0,0,1,0,0,0,0,0,0,"- ","- ",34.438989999999997,-119.75400999999999,"SANTA BARBARA","SANTA BARBARA",-119.75398126,34.439023079999998
90427502,2017,2017-04-04,9760,2017-03-31,1510,020965,,5,2,9,4200,0,1,2,,2,010,"US-101 N/B","SAN YSIDRO RD",80.00,S,N,A,-,Y,,,101,,,,,,N,Y,4,0,1,2,A,-,03,22350,,N,C,C,A,A,H,-,A,D,0,,,,,Y,,A,01,0,0,1,0,0,0,0,0,0,"- ","- ",34.422620000000002,-119.63181,"SANTA BARBARA",UNINCORPORATED,-119.63182353000001,34.422557380000001
90427893,2017,2017-04-06,9760,2017-03-28,1755,018418,,2,2,9,4200,0,1,2,,2,020,"U.S. 101 S/B TO TURNPIKE RD","TURNPIKE RD",100.00,N,N,A,-,Y,,,,,,,,,,N,4,0,1,3,A,-,01,23152,A,F,C,C,A,A,H,-,A,D,0,,,,,Y,Y,D,22,0,0,1,0,0,0,0,0,0,"- ","- ",34.441899999999997,-119.78968,"SANTA BARBARA",UNINCORPORATED,-119.78926,34.442239999999998
90428687,2017,2017-04-06,9760,2017-03-24,0820,016739,,5,1,9,4200,0,1,3,,1,014,"SR-192 (E. VALLEY RD.)","ORTEGA RIDGE RD",1584.00,W,N,A,-,Y,,,192,,,,,,,Y,4,0,1,2,A,-,03,22350,,N,A,J,A,A,H,-,A,D,0,,,,,Y,,A,01,0,0,1,0,0,0,0,0,0,"- ","- ",34.436149999999998,-119.59677000000001,"SANTA BARBARA",UNINCORPORATED,-119.59677006,34.436106619999997
90428799,2017,2017-04-06,9760,2017-03-25,1415,020908,,6,2,9,4200,0,3,5,,2,001,"FOOTHILL ROAD","TORO CANYON ROAD",50.00,E,N,A,-,N,,,,,,,,,,Y,4,0,1,1,A,-,08,22107,,N,F,A,A,A,H,-,A,D,0,,,Y,,Y,,C,02,0,0,1,0,0,0,0,0,1,"- ","- ",34.426929999999999,-119.57477,"SANTA BARBARA",UNINCORPORATED,-119.57460724000001,34.426870360000002
90428849,2017,2017-04-06,9760,2017-03-31,1550,020965,,5,2,9,4200,0,1,2,,2,010,"N. JAMESON LN.","MIRAMAR AVE",26.00,W,N,A,-,N,,,,,,,,,,N,4,0,1,2,A,-,08,22100,B,N,H,G,A,A,H,-,A,D,0,,Y,,,Y,,L,04,0,0,1,0,0,0,1,0,0,"- ","- ",34.422559999999997,-119.63039999999999,"SANTA BARBARA",UNINCORPORATED,-119.62990827,34.422309820000002
90435720,2017,2017-04-17,9760,2017-04-07,0045,020226,,5,3,9,4200,0,3,5,,2,005,"COMINO CORTO","TRIGO ROAD",0.00,,Y,A,-,N,,,,,,,,,,N,3,0,1,2,A,-,14,21201,D,N,H,G,A,A,H,-,D,D,0,,Y,,,Y,,L,04,0,1,0,0,0,0,1,0,0,"- ","- ",34.411169999999998,-119.86646,"SANTA BARBARA",UNINCORPORATED,-119.8664299,34.4111501
90435878,2017,2017-04-17,9755,2017-04-08,2007,018514,,6,2,9,4200,0,1,2,,2,004,"US 101 S/B","DAMASSA RD",4224.00,N,N,A,-,Y,,,,,,,,,,Y,4,0,1,2,A,-,05,21651,B,N,A,C,A,B,H,-,D,D,0,,,,,Y,,A,07,0,0,1,0,0,0,0,0,0,"- ","- ",34.631250000000001,-120.18818,"SANTA BARBARA",UNINCORPORATED,-120.18807244999999,34.62992594
90436178,2017,2017-04-17,9750,2017-04-15,1445,017910,,6,2,9,4200,0,1,3,,1,021,"SR-135 S/B","GOODWIN RD",0.00,,Y,A,-,Y,,,135,,,,,,S,Y,3,0,2,2,A,-,01,23152,A,N,A,C,A,A,H,-,A,A,0,,,,,Y,Y,A,01,0,2,0,0,0,0,0,0,0,"- ","- ",34.899520000000003,-120.43613000000001,"SANTA BARBARA",UNINCORPORATED,-120.43613947999999,34.89952151
90436547,2017,2017-04-18,9760,2017-04-08,1335,021018,,6,1,3,4205,0,1,2,,2,010,"US-101 N/B","LINDEN AVE",1000.00,N,N,A,-,Y,,,101,,,,,,N,N,3,0,3,3,A,-,03,22350,,N,C,C,A,A,H,-,A,D,0,,,,,Y,,A,01,0,3,0,0,0,0,0,0,0,"- ","- ",34.402070000000002,-119.51964,"SANTA BARBARA",CARPINTERIA,-119.51964103,34.402064699999997
90436559,2017,2017-04-18,9760,2017-04-09,2340,020528,,7,3,9,4200,0,3,5,,2,005,"TRIGO ROAD","CAMINO PESCADERO",0.00,,Y,A,-,N,,,,,,,,,,N,3,0,1,2,A,-,11,21954,A,N,G,B,D,A,H,-,C,D,0,Y,,,,Y,,N,60,0,1,0,0,1,0,0,0,0,"- ","- ",34.411160000000002,-119.85866,"SANTA BARBARA",UNINCORPORATED,-119.85869993,34.411130069999999
90436600,2017,2017-04-18,9760,2017-04-10,1407,021018,,1,2,9,4200,0,1,3,,1,022,SR-154,"PAINTED CAVE RD",0.00,,Y,A,-,Y,,,154,,,,,,,Y,4,0,1,2,A,-,09,21802,A,N,D,C,A,A,H,-,A,D,0,,,,,Y,,A,01,0,0,1,0,0,0,0,0,0,"- ","- ",34.491309999999999,-119.79537000000001,"SANTA BARBARA",UNINCORPORATED,-119.79538333000001,34.49127524
90436628,2017,2017-04-18,9760,2017-04-08,1435,021531,,6,2,9,4200,0,3,5,,2,002,"TURNPIKE ROAD","SAN GORDIANO AVE",0.00,,Y,A,-,N,,,,,,,,,,Y,4,0,1,2,A,-,12,21453,A,N,D,C,A,A,H,-,A,A,0,,,,,Y,,-,"- ",0,0,1,0,0,0,0,0,0,"- ","- ",34.439070000000001,-119.7895,"SANTA BARBARA",UNINCORPORATED,-119.78943988,34.439130059999997
90437169,2017,2017-04-18,9760,2017-04-06,0852,021476,,4,1,9,4200,0,3,5,,2,005,"CERVANTES ROAD","EMBARCADERO DEL MAR",190.00,E,N,B,-,N,,,,,,,,,,N,3,0,1,2,A,-,09,21804,A,N,H,G,A,A,H,-,A,D,0,,Y,,,Y,,L,04,0,1,0,0,0,0,1,0,0,"- ","- ",34.416440000000001,-119.85635000000001,"SANTA BARBARA",UNINCORPORATED,-119.85639045000001,34.416409999999999
90437244,2017,2017-04-19,9750,2017-04-13,0450,016874,,4,3,9,4200,0,3,5,,2,030,"E. MAIN STREET","PHILBRIC RD",1056.00,W,N,B,-,N,,,,,,,,,,Y,4,0,1,1,A,-,01,23152,A,N,E,I,A,A,H,-,D,D,0,,,,,Y,Y,A,01,0,0,1,0,0,0,0,0,0,"- ","- ",34.94679,-120.37649999999999,"SANTA BARBARA",UNINCORPORATED,-120.37650428000001,34.946827140000003
90437492,2017,2017-04-19,9760,2017-04-10,0740,019831,,1,1,5,4203,0,1,2,,2,011,"US-101 SB (EL CAMINO REAL)","LAS POSITAS ROAD",472.00,S,N,A,-,Y,,,101,,,,,,S,Y,4,0,5,4,A,-,03,22350,,N,C,C,A,A,H,-,A,D,0,,,,,Y,,A,01,0,0,5,0,0,0,0,0,0,"- ","- ",34.427729999999997,-119.73223,"SANTA BARBARA","SANTA BARBARA",-119.73223684,34.427693259999998
90437521,2017,2017-04-19,9760,2017-04-10,1225,020029,,1,1,9,4200,0,3,5,,2,001,"TUNNEL RD","HOLLY RD",1500.00,N,N,A,-,N,,,,,,,,,,N,3,0,1,3,A,-,21,22106,,N,H,C,E,A,H,-,A,D,0,Y,,,,Y,,A,01,0,1,0,0,1,0,0,0,0,"- ","- ",34.463470000000001,-119.71205,"SANTA BARBARA",UNINCORPORATED,-119.71208133,34.463122859999999
90430300,2017,2017-04-10,9750,2017-04-01,1542,017910,,6,2,9,4200,0,3,5,,2,030,"FOXEN CYN RD","ALISOS CANYON RD",2112.00,S,N,A,-,N,,,,,,,,,,Y,3,0,1,1,A,-,01,23152,A,N,E,I,A,A,H,-,A,D,0,,,,,Y,Y,A,07,0,1,0,0,0,0,0,0,0,"- ","- ",34.776620000000001,-120.14986,"SANTA BARBARA",UNINCORPORATED,-120.14876545,34.776642279999997
90430304,2017,2017-04-10,9750,2017-04-03,1525,018616,,1,2,9,4200,0,2,4,,1,024,"LAKEVIEW RD","HILLVIEW RD",0.00,,Y,A,-,N,,,,,,,,,,Y,4,0,2,3,A,-,09,21801,A,N,A,C,A,A,H,-,A,D,0,,,,,Y,,A,01,0,0,2,0,0,0,0,0,0,"- ","- ",34.894460000000002,-120.42523,"SANTA BARBARA",UNINCORPORATED,-120.42520988,34.894490079999997
90430792,2017,2017-04-10,9760,2017-03-31,1420,16739,,5,2,9,4200,0,1,2,,2,010,"US-101 S/B (EL CAMINO REAL)","N. PADARO LN.",1584.00,N,N,A,-,Y,,,101,,,,,,S,Y,3,0,1,1,A,-,08,22107,,N,F,A,A,A,H,-,A,D,0,,,Y,,Y,,C,02,0,1,0,0,0,0,0,0,1,"- ","- ",34.416469999999997,-119.58264,"SANTA BARBARA",UNINCORPORATED,-119.58263457,34.416510340000002
90430989,2017,2017-04-10,9750,2017-04-04,1240,014358,,2,1,9,4200,0,3,5,,2,020,"BLOSSER ROAD","SOLOMON ROAD",0.00,,Y,A,-,N,,,,,,,,,,Y,4,0,2,2,A,-,09,21802,A,N,D,C,A,A,H,-,A,A,0,,,,,Y,,A,01,0,0,2,0,0,0,0,0,0,"- ","- ",34.872689999999999,-120.45406,"SANTA BARBARA",UNINCORPORATED,-120.45402996,34.872480099999997
90431134,2017,2017-04-10,9760,2017-04-01,1415,021061,,6,2,9,4200,0,3,5,,2,001,"VIA REAL","S. PADARO LN.",60.00,W,N,A,-,N,,,,,,,,,,N,3,0,2,3,A,-,08,22107,,F,B,C,A,A,H,-,A,D,0,,Y,,,Y,,A,01,0,2,0,0,0,0,2,0,0,"- ","- ",34.411540000000002,-119.55243,"SANTA BARBARA",UNINCORPORATED,-119.58304655000001,34.417650000000002
90431503,2017,2017-04-11,9760,2017-04-04,2055,020483,,2,2,9,4200,0,3,5,,2,002,"TURNPIKE RD.",US-101,0.00,,Y,A,-,N,,,,,,,,,,Y,4,0,1,2,A,-,12,21453,A,N,D,C,A,A,H,-,C,A,0,,,,,Y,,A,01,0,0,1,0,0,0,0,0,0,"- ","- ",34.444099999999999,-119.7894,"SANTA BARBARA",UNINCORPORATED,-119.78940996999999,34.442430090000002
90431512,2017,2017-04-11,9760,2017-04-05,1020,019446,,3,1,9,4200,0,1,3,,1,022,SR-154,"PARADIS RD.",2800.00,E,N,A,-,Y,,,154,,,,,,,N,4,0,1,2,A,-,03,22350,,N,C,C,A,A,H,-,A,D,0,,,,,Y,,A,07,0,0,1,0,0,0,0,0,0,"- ","- ",34.532490000000003,-119.84848,"SANTA BARBARA",UNINCORPORATED,-119.84848040999999,34.532463059999998
90432163,2017,2017-04-11,9750,2017-04-08,2100,016874,,6,2,9,4200,0,3,5,,2,020,"SR-135 S/B","OLD CAREAGE RANCH ROAD",375.00,N,N,A,B,N,,,135,,,,,,S,Y,3,0,1,1,A,-,01,23152,A,N,F,A,A,A,H,-,D,D,0,,,,,Y,Y,A,07,0,1,0,0,0,0,0,0,0,"- ","- ",34.758870000000002,-120.40173,"SANTA BARBARA",UNINCORPORATED,-120.40175176,34.758709920000001
90432539,2017,2017-04-12,9760,2017-04-03,1840,018418,,1,2,9,4200,0,3,5,,2,002,"W CAMINO CIELO","KINEVAN RD.",10560.00,W,N,A,-,N,,,,,,,,,,Y,3,0,2,1,A,-,08,22107,,N,F,A,A,A,H,-,A,D,0,,,,,Y,,A,07,0,2,0,0,0,0,0,0,0,"- ","- ",34.499960000000002,-119.84323999999999,"SANTA BARBARA",UNINCORPORATED,-119.84319022,34.50006286
90432614,2017,2017-04-12,9760,2017-04-06,1130,018431,,4,1,9,4200,0,3,5,,2,005,"EMBARCADERO DEL NORTE","TRIGO RD.",17.00,S,N,A,-,N,,,,,,,,,,N,3,0,1,2,A,-,09,21801,A,N,D,G,A,A,H,-,A,D,0,,Y,,,Y,,D,22,0,1,0,0,0,0,1,0,0,"- ","- ",34.41113,-119.85563999999999,"SANTA BARBARA",UNINCORPORATED,-119.85562562,34.411092629999999
90432892,2017,2017-04-12,9750,2017-04-02,2200,016874,,7,3,9,4200,0,1,2,,2,002,"US-101 S/B","PALMER ROAD",6864.00,N,N,A,B,Y,,,101,,,,,,S,Y,2,0,1,1,A,-,01,23152,A,N,E,I,A,A,H,-,D,D,0,,,,,Y,Y,A,01,1,0,0,0,0,0,0,0,0,"- ","- ",34.807369999999999,-120.34451,"SANTA BARBARA",UNINCORPORATED,-120.34458850999999,34.807340549999999
90437759,2017,2017-04-19,9755,2017-03-29,0500,020323,,3,3,9,4200,0,1,3,,1,053,"STATE ROUTE 246","SWEENEY ROAD",0.00,,Y,A,-,Y,,,246,,,,,,,Y,1,1,0,2,A,-,11,21954,A,N,G,B,E,A,H,-,D,D,0,Y,,,,Y,,N,60,0,0,0,1,0,0,0,0,0,"- ","- ",34.645000000000003,-120.42968,"SANTA BARBARA",UNINCORPORATED,-120.42966453,34.644981889999997
90438061,2017,2017-04-19,9755,2017-04-17,0855,017255,,1,1,9,4200,0,1,2,,2,004,"US-101 S/B",SR-1,1056.00,N,N,C,-,Y,,,101,,,,,,S,Y,4,0,2,1,A,-,03,22350,,N,F,A,A,B,H,-,A,D,0,,,,,Y,,A,01,0,0,2,0,0,0,0,0,0,"- ","- ",34.523699999999998,-120.2094,"SANTA BARBARA",UNINCORPORATED,-120.20938895,34.523662590000001
90438168,2017,2017-04-19,9755,2017-04-17,0625,017255,,1,1,9,4200,0,1,2,,2,004,"US-101 S/B","GAVIOTA STATE BEACH RD",750.00,N,N,C,-,Y,,,101,,,,,,S,Y,4,0,1,2,A,-,08,22107,,F,B,C,A,B,H,-,A,D,0,,,,,Y,,D,22,0,0,1,0,0,0,0,0,0,"- ","- ",34.479149999999997,-120.22920000000001,"SANTA BARBARA",UNINCORPORATED,-120.22916055,34.479168170000001
90438293,2017,2017-05-23,9760,2017-04-08,1425,020908,,6,2,9,4200,0,3,5,,2,005,"CAMINO CORTO","TRIGO ROAD",50.00,N,N,A,-,N,,,,,,,,,,N,3,0,1,2,A,-,17,21200,,N,H,E,A,A,H,-,A,D,0,,Y,,,Y,Y,L,04,0,1,0,0,0,0,1,0,0,"- ","- ",34.411200000000001,-119.86642999999999,"SANTA BARBARA",UNINCORPORATED,-119.86642999999999,34.411287299999998
90438515,2017,2017-04-20,9760,2017-04-12,1615,018418,,3,2,5,4203,0,1,2,,2,011,"U.S. 101 S/B","LAS POSITAS RD",1000.00,S,N,A,-,Y,,,,,,,,,,Y,4,0,2,4,A,-,03,22350,,N,C,C,A,A,H,-,A,D,0,,,,,Y,,D,22,0,0,2,0,0,0,0,0,0,"- ","- ",34.426870000000001,-119.72767,"SANTA BARBARA","SANTA BARBARA",-119.73052591,34.427319869999998
90438770,2017,2017-04-20,9760,2017-04-13,1725,020908,,4,2,9,4200,0,3,5,,2,002,"TURNPIKE ROAD","CALLE REAL",50.00,N,N,A,-,N,,,,,,,,,,N,4,0,1,2,A,-,01,23152,A,N,C,C,A,A,H,-,A,D,0,,,,,Y,Y,A,07,0,0,1,0,0,0,0,0,0,"- ","- ",34.443959999999997,-119.78937999999999,"SANTA BARBARA",UNINCORPORATED,-119.78938361,34.443997260000003
90439004,2017,2017-04-20,9755,2017-04-15,1242,017378,,6,1,9,4200,0,1,3,,1,042,"RT 154","FOXEN CANYON RD.",4224.00,W,N,A,-,Y,,,154,,,,,,,Y,3,0,1,2,A,-,09,21801,A,N,D,G,A,A,H,-,A,D,0,,Y,,,Y,,L,04,0,1,0,0,0,0,1,0,0,"- ","- ",34.676139999999997,-120.13251,"SANTA BARBARA",UNINCORPORATED,-120.13249655,34.676169000000002
90439191,2017,2017-04-20,9755,2017-04-18,1530,017255,,2,2,9,4200,0,1,3,,2,041,SR-246,"MEADOWVALE RD",55.00,E,N,A,-,Y,,,246,,,,,,,Y,3,0,2,2,A,-,08,22107,,N,A,C,A,A,H,-,A,D,0,,,,,Y,,A,01,0,1,1,0,0,0,0,0,0,"- ","- ",34.610050000000001,-120.07638,"SANTA BARBARA",UNINCORPORATED,-120.07640790000001,34.610597519999999
90439930,2017,2017-04-24,9750,2017-04-17,0630,015915,,1,1,9,4200,0,3,5,,2,010,"BETTERAVIA ROAD","SINTON ROAD",0.00,,Y,B,C,N,,,,,,,,,,N,4,0,1,2,A,-,03,22350,,N,C,C,A,B,H,-,A,D,0,,,,,Y,,A,07,0,0,1,0,0,0,0,0,0,"- ","- ",34.91827,-120.51488000000001,"SANTA BARBARA",UNINCORPORATED,-120.51477997000001,34.91819005
90440163,2017,2017-05-17,9760,2017-04-14,1805,020908,,5,2,9,4200,0,3,5,,2,005,"ABREGO ROAD","CAMINO DEL SUR",500.00,W,N,A,-,N,,,,,,,,,,Y,4,0,2,2,A,-,09,21804,A,N,D,C,A,A,H,-,A,D,0,,,,,Y,,A,01,0,0,2,0,0,0,0,0,0,"- ","- ",34.41451,-119.86431,"SANTA BARBARA",UNINCORPORATED,-119.86412625,34.414459999999998
90440165,2017,2017-04-24,9760,2017-04-14,1148,021431,,5,1,9,4200,0,1,2,,2,010,"US-101 NB","SAN YSIDRO ROAD",2640.00,S,N,A,-,Y,,,101,,,,,,N,Y,4,0,2,2,A,-,08,22107,,N,B,C,A,A,H,-,A,D,0,,,,,Y,,A,01,0,0,2,0,0,0,0,0,0,"- ","- ",34.420960000000001,-119.62481,"SANTA BARBARA",UNINCORPORATED,-119.62481047,34.420949489999998
90432920,2017,2017-04-12,9750,2017-04-05,1708,017379,,3,2,9,4200,0,3,5,,2,030,"FOXEN CANYON ROAD (E/B)","DOMINION ROAD",1334.00,E,N,A,-,N,,,,,,,,,,Y,3,0,1,1,A,-,08,22107,,N,E,I,A,A,H,-,A,D,0,,,,,Y,,A,01,0,1,0,0,0,0,0,0,0,"- ","- ",34.908569999999997,-120.34293,"SANTA BARBARA",UNINCORPORATED,-120.34317226,34.908642550000003
90466785,2017,2017-05-30,9755,2017-05-26,1315,017374,,5,1,9,4200,0,1,3,,1,042,"SR-154 (CHUMASH HIGHWAY)","4001 SR-154",1056.00,W,N,A,-,Y,,,154,,,,,,,Y,2,0,2,1,A,-,08,22107,,N,E,I,A,A,H,-,A,A,0,,,,,Y,,A,07,1,1,0,0,0,0,0,0,0,"- ","- ",34.549280000000003,-119.90505,"SANTA BARBARA",UNINCORPORATED,-119.90506188000001,34.549221279999998
90466801,2017,2017-05-30,9760,2017-05-09,1535,020483,,2,2,9,4200,0,3,5,,2,002,"PATTERSON AVE.","UNIVERSITY DR.",0.00,,Y,B,-,N,,,,,,,,,,N,3,0,1,2,A,-,10,21950,A,N,G,B,B,A,H,-,A,A,0,Y,,,,Y,,A,01,0,1,0,0,1,0,0,0,0,"- ","- ",34.445300000000003,-119.80774,"SANTA BARBARA",UNINCORPORATED,-119.80783999000001,34.445350009999999
90466947,2017,2017-05-30,9760,2017-05-14,2118,021476,,7,2,9,4200,0,3,5,,2,005,"LOS CARNEROS RD","MESA RD",278.00,N,N,A,-,N,,,,,,,,,,Y,4,0,4,3,A,-,03,22350,,N,C,C,A,A,H,-,C,D,0,,,,,Y,,A,01,0,0,4,0,0,0,0,0,0,"- ","- ",34.422899999999998,-119.85982,"SANTA BARBARA",UNINCORPORATED,-119.85977284000001,34.422843360000002
90466954,2017,2017-05-30,9760,2017-05-17,2100,021300,,3,2,9,4200,0,3,5,,2,005,"LOS CARNEROS RD","MESA RD",50.00,N,N,A,-,N,,,,,,,,,,Y,4,0,1,2,A,-,21,22106,,N,C,C,A,A,H,-,C,A,0,,,,,Y,Y,A,01,0,0,1,0,0,0,0,0,0,"- ","- ",34.422269999999997,-119.85981,"SANTA BARBARA",UNINCORPORATED,-119.85977,34.4222173
90466986,2017,2017-05-30,9760,2017-05-17,0450,021503,,3,3,5,4203,0,1,2,,2,011,"US-101 S/B","CARRILLO STREET",570.00,N,N,A,-,Y,,,101,,,,,,S,Y,2,0,1,1,A,-,08,22107,,N,E,J,A,A,H,-,D,D,0,,,,,Y,,A,01,1,0,0,0,0,0,0,0,0,"- ","- ",34.417050000000003,-119.70901000000001,"SANTA BARBARA","SANTA BARBARA",-119.70890356,34.417229720000002
90467011,2017,2017-05-30,9760,2017-05-20,1430,021061,,6,2,9,4200,0,1,2,,2,010,"US-101 N/B","S. PADARO LN.",280.00,N,N,A,-,Y,,,101,,,,,,N,Y,4,0,1,4,A,-,03,22350,,N,C,C,A,A,H,-,A,D,0,,,,,Y,,A,01,0,0,1,0,0,0,0,0,0,"- ","- ",34.41142,-119.55376,"SANTA BARBARA",UNINCORPORATED,-119.55374188,34.411445299999997