CASE_ID,ACCIDENT_YEAR,PROC_DATE,JURIS,COLLISION_DATE,COLLISION_TIME,OFFICER_ID,REPORTING_DISTRICT,DAY_OF_WEEK,CHP_SHIFT,POPULATION,CNTY_CITY_LOC,SPECIAL_COND,BEAT_TYPE,CHP_BEAT_TYPE,CITY_DIVISION_LAPD,CHP_BEAT_CLASS,BEAT_NUMBER,PRIMARY_RD,SECONDARY_RD,DISTANCE,DIRECTION,INTERSECTION,WEATHER_1,WEATHER_2,STATE_HWY_IND,CALTRANS_COUNTY,CALTRANS_DISTRICT,STATE_ROUTE,ROUTE_SUFFIX,POSTMILE_PREFIX,POSTMILE,LOCATION_TYPE,RAMP_INTERSECTION,SIDE_OF_HWY,TOW_AWAY,COLLISION_SEVERITY,NUMBER_KILLED,NUMBER_INJURED,PARTY_COUNT,PRIMARY_COLL_FACTOR,PCF_CODE_OF_VIOL,PCF_VIOL_CATEGORY,PCF_VIOLATION,PCF_VIOL_SUBSECTION,HIT_AND_RUN,TYPE_OF_COLLISION,MVIW,PED_ACTION,ROAD_SURFACE,ROAD_COND_1,ROAD_COND_2,LIGHTING,CONTROL_DEVICE,CHP_ROAD_TYPE,PEDESTRIAN_ACCIDENT,BICYCLE_ACCIDENT,MOTORCYCLE_ACCIDENT,TRUCK_ACCIDENT,NOT_PRIVATE_PROPERTY,ALCOHOL_INVOLVED,STWD_VEHTYPE_AT_FAULT,CHP_VEHTYPE_AT_FAULT,COUNT_SEVERE_INJ,COUNT_VISIBLE_INJ,COUNT_COMPLAINT_PAIN,COUNT_PED_KILLED,COUNT_PED_INJURED,COUNT_BICYCLIST_KILLED,COUNT_BICYCLIST_INJURED,COUNT_MC_KILLED,COUNT_MC_INJURED,PRIMARY_RAMP,SECONDARY_RAMP,LATITUDE,LONGITUDE,COUNTY,CITY,POINT_X,POINT_Y
90467150,2017,2017-05-30,9760,2017-05-19,0540,019831,,5,3,9,4200,0,1,3,,1,022,"SR-154 (SAN MARCOS PASS ROAD)","SAN ANTONIO CREEK ROAD",1082.00,E,N,A,-,Y,,,154,,,,,,,N,3,0,1,1,A,-,08,22107,,N,E,I,A,A,H,-,B,D,0,,,,,Y,,A,07,0,1,0,0,0,0,0,0,0,"- ","- ",34.46857,-119.7727,"SANTA BARBARA",UNINCORPORATED,-119.77251311000001,34.468756120000002
90467178,2017,2017-05-30,9760,2017-05-03,1820,020226,,3,2,9,4200,0,3,5,,2,005,"EMBARCADERO DEL MAR","CORDOBA ROAD",0.00,,Y,A,-,N,,,,,,,,,,N,4,0,1,2,A,-,09,21801,A,N,D,G,A,A,H,-,B,A,0,,Y,,,Y,,A,01,0,0,1,0,0,0,1,0,0,"- ","- ",34.41377,-119.85704,"SANTA BARBARA",UNINCORPORATED,-119.8570299,34.413760080000003
90467415,2017,2017-05-30,9760,2017-05-20,1645,020964,,6,2,5,4203,0,1,2,,2,011,"US-101 S/B","HOT SPRINGS RD",3168.00,N,N,A,-,Y,,,101,,,,,,S,Y,3,0,1,3,A,-,08,22107,,N,E,I,A,A,H,-,A,D,0,,,,,Y,,A,01,0,1,0,0,0,0,0,0,0,"- ","- ",34.421480000000003,-119.66527000000001,"SANTA BARBARA","SANTA BARBARA",-119.66526498,34.421462630000001
90467472,2017,2017-05-30,9760,2017-05-16,2242,021531,,2,3,3,4205,0,1,2,,2,010,"US-101 N/B","BAILARD AVE",1850.00,N,N,A,-,Y,,,101,,,,,,N,Y,3,0,2,2,A,-,03,22350,,N,C,C,A,A,D,-,C,D,0,,,,,Y,,A,01,0,1,1,0,0,0,0,0,0,"- ","- ",34.390270000000001,-119.50364,"SANTA BARBARA",CARPINTERIA,-119.50363907000001,34.390272889999999
90441018,2017,2017-04-24,9755,2017-04-18,1510,013618,,2,2,9,4200,0,1,3,,1,055,"RT 1","FIREFIGHTER ROAD",0.00,,N,B,C,Y,,,1,,,,,,,Y,4,0,1,1,A,-,01,23152,A,N,E,I,A,B,H,-,A,D,0,,,,,Y,Y,A,01,0,0,1,0,0,0,0,0,0,"- ","- ",34.772829999999999,-120.51045999999999,"SANTA BARBARA",UNINCORPORATED,-120.51054123,34.772893580000002
90441036,2017,2017-04-24,9755,2017-04-20,2139,017378,,4,2,9,4200,0,3,5,,2,040,"EDISON ST.","BASELINE AVE",1584.00,S,N,A,-,N,,,,,,,,,,Y,4,0,1,2,A,-,08,22107,,N,A,C,A,A,H,-,D,D,0,,,,Y,Y,,A,01,0,0,1,0,0,0,0,0,0,"- ","- ",34.629660000000001,-120.08043000000001,"SANTA BARBARA",UNINCORPORATED,-120.08043114,34.629372359999998
90441291,2017,2017-04-25,9760,2017-04-14,0740,16739,,5,1,9,4200,0,3,5,,2,005,"EL COLEGIO RD.","LOS CARNEROS RD",11.00,N,N,A,-,N,,,,,,,,,,N,3,0,1,2,D,-,00,,,N,F,A,A,A,H,-,A,A,0,,Y,,,Y,,-,"- ",0,1,0,0,0,0,1,0,0,"- ","- ",34.418669999999999,-119.86073,"SANTA BARBARA",UNINCORPORATED,-119.86068,34.417299999999997
90441330,2017,2017-04-25,9750,2017-04-19,1819,017379,,3,2,9,4200,0,1,3,,1,011,SR-166,"BONITA SCHOOL ROAD",175.00,E,N,A,-,Y,,,166,,,,,,,N,4,0,4,2,A,-,03,22350,,N,C,C,A,A,H,-,A,D,0,,,,,Y,,D,22,0,0,4,0,0,0,0,0,0,"- ","- ",34.956710000000001,-120.50742,"SANTA BARBARA",UNINCORPORATED,-120.50740454,34.956827859999997
90441624,2017,2017-04-25,9760,2017-04-14,1735,021531,,5,2,3,4205,0,1,2,,2,010,"US-101 N/B","SANTA MONICA RD.",117.00,S,N,A,-,Y,,,101,,,,,,N,Y,3,0,6,4,A,-,03,22350,,N,C,C,A,A,H,-,A,D,0,,,,,Y,,A,01,0,2,4,0,0,0,0,0,0,"- ","- ",34.404029999999999,-119.53017,"SANTA BARBARA",CARPINTERIA,-119.53016379,34.404062779999997
90441753,2017,2017-04-25,9755,2017-04-24,1004,017374,,1,1,9,4200,0,1,3,,1,051,SR-1,"LAS CRUCES RANCH RD.",2112.00,S,N,A,G,Y,,,1,,,,,,,Y,3,0,2,1,A,-,17,21711,,N,F,A,A,A,H,-,A,A,0,,,,,Y,,B,07,0,2,0,0,0,0,0,0,0,"- ","- ",34.517769999999999,-120.2557,"SANTA BARBARA",UNINCORPORATED,-120.25569683000001,34.517817370000003
90441839,2017,2017-04-25,9760,2017-04-15,1927,021018,,6,2,9,4200,0,3,5,,2,005,"EMBARCADERO DEL NORTE","TRIGO ROAD",70.00,S,N,A,-,N,,,,,,,,,,N,4,0,1,2,A,-,21,22106,,N,H,C,A,A,H,-,C,D,0,,,,,Y,,A,01,0,0,1,0,0,0,0,0,0,"- ","- ",34.41104,-119.85572999999999,"SANTA BARBARA",UNINCORPORATED,-119.85576786,34.41100728
90441892,2017,2017-04-25,9760,2017-04-17,1655,018418,,1,2,5,4203,0,1,2,,2,011,"U.S. 101 N/B","MISSION ST",750.00,S,N,A,-,Y,,,,,,,,,,N,4,0,1,3,A,-,03,22350,,N,C,C,A,A,H,-,A,D,0,,,,,Y,,A,01,0,0,1,0,0,0,0,0,0,"- ","- ",34.422870000000003,-119.71689000000001,"SANTA BARBARA","SANTA BARBARA",-119.71834706999999,34.424203990000002
90441910,2017,2017-04-25,9755,2017-04-18,0830,015281,,2,1,9,4200,0,1,2,,2,004,"UNITED STATES HIGHWAY 101","RT 1",3890.00,N,N,C,-,Y,,,101,,,,,,,Y,1,1,0,1,A,-,03,22350,,N,E,I,A,B,H,-,A,D,0,,,,,Y,,A,01,0,0,0,0,0,0,0,0,0,"- ","- ",34.517679999999999,-120.21765000000001,"SANTA BARBARA",UNINCORPORATED,-120.21761325999999,34.517656049999999
90441957,2017,2017-04-25,9760,2017-04-17,1227,021018,,1,1,9,4200,0,3,5,,2,005,"EMBARCADERO DEL MAR","CORDOBA RD",0.00,,Y,A,-,N,,,,,,,,,,N,3,0,1,2,A,-,09,21802,A,N,D,G,A,A,H,-,A,D,0,,Y,,,Y,,A,01,0,1,0,0,0,0,1,0,0,"- ","- ",34.41377,-119.85544,"SANTA BARBARA",UNINCORPORATED,-119.8570299,34.413760080000003
90442577,2017,2017-04-26,9760,2017-04-14,0150,020965,,5,3,5,4203,0,1,2,,2,011,"US-101 N/B","MILPAS ST",1180.00,N,N,A,-,Y,,,101,,,,,,N,Y,2,0,1,1,C,-,18,,,N,E,J,A,A,C,-,D,D,0,,,Y,,Y,,-,"- ",1,0,0,0,0,0,0,0,1,"- ","- ",34.420389999999998,-119.67967,"SANTA BARBARA","SANTA BARBARA",-119.67965589000001,34.420237460000003
90467859,2017,2017-05-31,9760,2017-05-23,0815,019446,,2,1,3,4205,0,1,2,,2,010,"US-101 N/B","SANTA MONICA ROAD",460.00,S,N,B,-,Y,,,101,,,,,,N,Y,4,0,2,2,A,-,03,22350,,N,C,C,A,A,H,-,A,D,0,,,,,Y,,D,22,0,0,2,0,0,0,0,0,0,"- ","- ",34.403579999999998,-119.52776,"SANTA BARBARA",CARPINTERIA,-119.52775502999999,34.403606240000002
90468277,2017,2017-05-31,9755,2017-05-27,1746,017378,,6,2,9,4200,0,1,3,,1,051,"RT 1","US 101 S/B",15.00,S,N,A,-,Y,,,1,,,,,,,Y,4,0,1,2,A,-,05,21460,A,N,B,C,A,A,H,-,A,D,0,,,Y,,Y,,C,02,0,0,1,0,0,0,0,0,1,"- ","- ",34.509430000000002,-120.22624,"SANTA BARBARA",UNINCORPORATED,-120.22624638000001,34.509421400000001
90468298,2017,2017-05-31,9750,2017-02-14,2157,018786,,2,2,9,4200,0,1,3,,1,023,SR-135,"BELL STREET",1500.00,W,N,A,-,Y,,,135,,,,,,,N,1,1,0,2,A,-,11,21954,A,N,G,B,E,A,H,-,D,D,0,Y,,,,Y,,N,60,0,0,0,1,0,0,0,0,0,"- ","- ",34.746110000000002,-120.29181,"SANTA BARBARA",UNINCORPORATED,-120.29182545,34.746008580000002
90468381,2017,2017-05-31,9760,2017-05-24,0750,012263,,3,1,9,4200,0,1,2,,2,020,"US101 N/B","PATTERSON AVE.",1056.00,S,N,B,-,Y,,,101,,,,,,N,N,4,0,2,2,A,-,03,22350,,N,C,C,A,A,H,-,A,D,0,,,,,Y,,A,01,0,0,2,0,0,0,0,0,0,"- ","- ",34.441659999999999,-119.80192,"SANTA BARBARA",UNINCORPORATED,-119.80192,34.44159681
90468512,2017,2017-05-31,9750,2017-05-24,1715,017616,,3,2,9,4200,0,1,3,,1,012,SR-1,"BROWN RD",1584.00,N,N,A,-,Y,,,1,,,,,,,Y,3,0,1,2,C,-,18,,,N,E,J,A,A,H,-,A,D,0,,,,,Y,,-,"- ",0,1,0,0,0,0,0,0,0,"- ","- ",34.936120000000003,-120.57071000000001,"SANTA BARBARA",UNINCORPORATED,-120.57069174,34.936131719999999
90469068,2017,2017-06-01,9760,2017-05-24,1710,019464,,3,2,5,4203,0,1,2,,2,011,"US-101 SOUTHBOUND","CABRILLO BOULEVARD",150.00,N,N,A,-,Y,,,101,,,,,,S,Y,3,0,1,3,A,-,03,22350,,N,C,C,A,A,H,-,A,D,0,,,,,Y,,A,07,0,1,0,0,0,0,0,0,0,"- ","- ",34.422640000000001,-119.65557,"SANTA BARBARA","SANTA BARBARA",-119.65558923,34.422571320000003
90469260,2017,2017-06-01,9760,2017-05-25,0735,016739,,4,1,9,4200,0,1,3,,1,022,"SR-154 (SAN MARCOS PASS RD.)","SAN MARCOS RD.",2112.00,E,N,B,C,Y,,,154,,,,,,,Y,2,0,2,2,A,-,03,22350,,N,A,C,A,B,H,-,A,D,0,,,,,Y,,A,01,1,1,0,0,0,0,0,0,0,"- ","- ",34.486870000000003,-119.79008,"SANTA BARBARA",UNINCORPORATED,-119.79006719,34.486779419999998
90469400,2017,2017-06-01,9750,2017-05-25,1130,016542,,4,1,9,4200,0,2,4,,1,024,"UNION VALLEY PARKWAY","BRADLEY ROAD",0.00,,Y,B,-,N,,,,,,,,,,Y,4,0,2,2,A,-,12,21453,A,N,D,C,A,A,H,-,A,A,0,,,,,Y,,A,01,0,0,2,0,0,0,0,0,0,"- ","- ",34.879370000000002,-120.41838,"SANTA BARBARA",UNINCORPORATED,-120.41869994,34.879360030000001
90469444,2017,2017-06-01,9750,2017-05-30,0720,014358,,2,1,9,4200,0,3,5,,2,030,"FOXEN CANYON RD","DOMINION RD",8976.00,E,N,A,-,N,,,,,,,,,,Y,3,0,1,2,A,-,05,21460,A,N,A,C,A,A,H,-,A,D,0,,,,Y,Y,,F,21,0,1,0,0,0,0,0,0,0,"- ","- ",34.906030000000001,-120.31938,"SANTA BARBARA",UNINCORPORATED,-120.31839675000001,34.90541391
90470245,2017,2017-06-02,9760,2017-05-12,0230,020964,,5,3,9,4200,0,3,5,,2,001,"GIBRALTAR RD","EL CIELITO RD",7392.00,N,N,A,-,N,,,,,,,,,,Y,2,0,5,1,A,-,03,22350,,F,E,I,A,A,H,-,D,D,0,,,,,Y,,A,01,1,4,0,0,0,0,0,0,0,"- ","- ",34.470570000000002,-119.67918,"SANTA BARBARA",UNINCORPORATED,-119.67986552000001,34.463032329999997
90470449,2017,2017-06-05,9750,2017-05-26,1628,018009,,5,2,5,4204,0,1,2,,2,001,"US-101 S/B (EL CAMINO REAL)",BROADWAY,1200.00,S,N,A,-,Y,,,101,,,,,,S,Y,4,0,1,1,A,-,01,23152,A,M,E,I,A,A,H,-,A,D,0,,,,,Y,Y,A,01,0,0,1,0,0,0,0,0,0,"- ","- ",34.97804,-120.42961,"SANTA BARBARA","SANTA MARIA",-120.42958848000001,34.97805348
90443441,2017,2017-04-27,9755,2017-04-26,1730,016058,,3,2,9,4200,0,1,3,,1,055,SR-1,"FIREFIGHTER RD",2640.00,N,N,A,-,Y,,,1,,,,,,,Y,4,0,1,1,A,-,08,22107,,N,F,A,A,A,H,-,A,D,0,,,,,Y,,A,07,0,0,1,0,0,0,0,0,0,"- ","- ",34.773420000000002,-120.51011,"SANTA BARBARA",UNINCORPORATED,-120.51008308999999,34.773388830000002
90443551,2017,2017-04-27,9760,2017-04-19,1520,018431,,3,2,9,4200,0,1,3,,1,022,"SR-154 W/B","MARIA YGNACIA LN.",5280.00,W,N,A,-,Y,,,154,,,,,,W,Y,3,0,4,3,A,-,05,21460,A,N,B,C,A,A,H,-,A,D,0,,,,,Y,,A,07,0,3,1,0,0,0,0,0,0,"- ","- ",34.481340000000003,-119.77217,"SANTA BARBARA",UNINCORPORATED,-119.77214712999999,34.481347509999999
90443588,2017,2017-04-27,9760,2017-04-19,1005,019464,,3,1,9,4200,0,3,5,,2,005,"SABADO TARDE ROAD","EL EMBARCADERO RD",123.00,E,N,A,-,N,,,,,,,,,,N,3,0,1,1,A,-,16,24002,A,N,F,A,A,A,H,-,A,D,0,,Y,,,Y,,L,04,0,1,0,0,0,0,1,0,0,"- ","- ",34.410440000000001,-119.85587,"SANTA BARBARA",UNINCORPORATED,-119.85582248999999,34.410432610000001
90443750,2017,2017-04-27,9760,2017-04-19,0635,019446,,3,1,9,4200,0,1,2,,2,010,"US-101 N/B",SR-150,1185.00,S,N,A,-,Y,,,101,,,,,,N,Y,2,0,1,2,A,-,03,22350,,N,C,C,A,A,H,-,B,D,0,,,Y,,Y,,C,02,1,0,0,0,0,0,0,0,1,"- ","- ",34.381169999999997,-119.48219,"SANTA BARBARA",UNINCORPORATED,-119.48218764000001,34.381171209999998
90445325,2017,2017-04-28,9760,2017-04-20,1140,019446,,4,1,9,4200,0,1,2,,2,010,"US-101 N/B","S. PADARO LN",75.00,S,N,A,-,Y,,,101,,,,,,N,Y,4,0,1,3,A,-,03,22350,,N,C,C,A,A,H,-,A,D,0,,,,,Y,,A,01,0,0,1,0,0,0,0,0,0,"- ","- ",34.410690000000002,-119.55271,"SANTA BARBARA",UNINCORPORATED,-119.55270247,34.410700509999998
90445336,2017,2017-04-28,9760,2017-04-20,1535,021503,,4,2,9,4200,0,1,2,,2,011,"US-101 N/B","CABRILLO BLVD",1056.00,S,N,A,-,Y,,,101,,,,,,N,Y,3,0,1,2,A,-,03,22350,,N,C,C,A,A,H,-,A,D,0,,,,,Y,,A,07,0,1,0,0,0,0,0,0,0,"- ","- ",34.421199999999999,-119.6498,"SANTA BARBARA",UNINCORPORATED,-119.64979841,34.421206239999997
90445615,2017,2017-04-28,9755,2017-04-28,1433,016058,,5,2,9,4200,0,1,3,,1,053,SR-246,"MISSION GATE RD",1584.00,W,N,A,-,Y,,,246,,,,,,,N,4,0,1,2,A,-,03,22350,,N,C,C,A,A,H,-,A,D,0,,,,,Y,,A,01,0,0,1,0,0,0,0,0,0,"- ","- ",34.657769999999999,-120.4248,"SANTA BARBARA",UNINCORPORATED,-120.42485465,34.657787020000001
90445678,2017,2017-05-01,9760,2017-04-18,0625,019446,,2,1,9,4200,0,1,2,,2,010,"US-101 N/B","SHEFFIELD DR",161.00,N,N,B,-,Y,,,101,,,,,,N,Y,4,0,1,1,A,-,08,22107,,N,E,I,A,A,H,-,B,D,0,,,,Y,Y,,G,25,0,0,1,0,0,0,0,0,0,"- ","- ",34.421970000000002,-119.61503999999999,"SANTA BARBARA",UNINCORPORATED,-119.61502534,34.421815420000001
90446155,2017,2017-05-01,9760,2017-04-23,1305,019464,,7,1,9,4200,0,1,2,,1,040,"US-101 NORTHBOUND","MARIPOSA REINA",3168.00,S,N,A,G,Y,,,,,,,,,,Y,3,0,1,1,A,-,08,22107,,N,F,A,A,A,H,-,A,D,0,,,Y,,Y,,C,02,0,1,0,0,0,0,0,0,1,"- ","- ",34.472830000000002,-119.19493,"SANTA BARBARA",UNINCORPORATED,-120.21686034,34.473451689999997
90446325,2017,2017-05-01,9760,2017-04-20,1156,021431,,4,1,9,4200,0,1,2,,2,010,US-101,"PADARO LN",200.00,N,N,A,-,Y,,,101,,,,,,,Y,4,0,1,3,A,-,03,22350,,N,C,C,A,A,H,-,A,D,0,,,,,Y,,A,01,0,0,1,0,0,0,0,0,0,"- ","- ",34.411189999999998,-119.55342,"SANTA BARBARA",UNINCORPORATED,-119.55340833,34.411206290000003
90446405,2017,2017-05-01,9760,2017-04-20,1029,021476,,4,1,9,4200,0,2,4,,2,026,"CATHEDRAL OAKS RD","PATTERSON AVE",55.00,W,N,A,-,N,,,,,,,,,,N,4,0,1,2,A,-,03,22350,,N,C,C,A,A,D,-,A,D,0,,,,,Y,,D,22,0,0,1,0,0,0,0,0,0,"- ","- ",34.452959999999997,-119.80844999999999,"SANTA BARBARA",UNINCORPORATED,-119.8083805,34.453008760000003
90451560,2017,2017-05-08,9755,2017-05-03,1145,016988,,3,1,9,4200,0,3,5,,2,050,"SAN MIGUELITO RD","WILLOW AVE",23232.00,S,N,A,-,N,,,,,,,,,,Y,4,0,1,1,A,-,03,22350,,N,F,A,A,A,H,-,A,D,0,,,Y,,Y,,C,02,0,0,1,0,0,0,0,0,1,"- ","- ",34.588850000000001,-120.49206,"SANTA BARBARA",UNINCORPORATED,-120.49250551,34.588620140000003
90451945,2017,2017-05-09,9755,2017-05-04,2358,020777,,4,3,9,4200,0,1,3,,1,051,"PURISMA ROAD W/B","RUCKER RD",2640.00,E,N,C,-,N,,,,,,,,,,Y,3,0,1,1,A,-,08,22107,,N,E,I,A,B,H,-,D,D,0,,,,,Y,,A,01,0,1,0,0,0,0,0,0,0,"- ","- ",34.672249999999998,-120.43165999999999,"SANTA BARBARA",UNINCORPORATED,-120.43177052,34.672252540000002
90452172,2017,2017-05-09,9760,2017-04-28,1340,021018,,5,1,9,4200,0,1,2,,2,010,"US-101 N/B","SHEFFIELD DRIVE",1000.00,S,N,A,-,Y,,,101,,,,,,N,Y,4,0,1,2,A,-,03,22350,,N,C,C,A,A,H,-,A,D,0,,,Y,,Y,,A,01,0,0,1,0,0,0,0,0,1,"- ","- ",34.42116,-119.6091,"SANTA BARBARA",UNINCORPORATED,-119.60909957,34.421162119999998
90453126,2017,2017-05-10,9760,2017-05-03,1650,018418,,3,2,9,4200,0,1,3,,1,014,SR-192,"EL BOSQUE RD",500.00,W,N,A,-,Y,,,192,,,,,,,Y,4,0,1,3,A,-,03,22350,,N,C,C,A,A,H,-,A,D,0,,,,,Y,,A,01,0,0,1,0,0,0,0,0,0,"- ","- ",34.436480000000003,-119.62772,"SANTA BARBARA",UNINCORPORATED,-119.62771999,34.436478440000002
90453557,2017,2017-05-11,9760,2017-05-04,1515,018418,,4,2,9,4200,0,3,5,,2,001,"SHEFFIELD DR","N. JAMESON LN",0.00,,Y,A,-,N,,,,,,,,,,Y,4,0,3,2,A,-,09,21802,A,N,D,C,A,A,H,-,A,D,0,,,,,Y,,D,22,0,0,3,0,0,0,0,0,0,"- ","- ",34.422350000000002,-119.6142,"SANTA BARBARA",UNINCORPORATED,-119.61249995999999,34.422300100000001
90453762,2017,2017-05-11,9760,2017-05-05,0105,020757,,5,3,9,4200,0,3,5,,2,005,"SEVILLE ROAD","EMBARCADERO DEL NORTE",0.00,,Y,A,-,N,,,,,,,,,,N,3,0,1,2,A,-,09,21800,A,N,D,G,A,A,H,-,C,D,0,,Y,,,Y,Y,A,01,0,1,0,0,0,0,1,0,0,"- ","- ",34.411839999999998,-119.85544,"SANTA BARBARA",UNINCORPORATED,-119.85538993999999,34.411790019999998
90453892,2017,2017-05-11,9760,2017-05-07,1140,020964,,7,1,4,4214,0,1,2,,1,030,"LOS CANEROS RD TO US-101 SB","LOS CARNEROS RD",100.00,S,N,B,-,Y,,,,,,,,,,Y,4,0,1,1,A,-,03,22350,,N,E,I,A,B,H,-,A,D,0,,,,,Y,,A,01,0,0,1,0,0,0,0,0,0,"- ","- ",34.437220000000003,-119.85253,"SANTA BARBARA",GOLETA,-119.85293885,34.437805500000003
90454573,2017,2017-05-12,9760,2017-05-06,0745,16739,,6,1,4,4214,0,1,2,,1,030,"US-101 S/B (EL CAMINO REAL)","STORKE RD.",2112.00,N,N,B,-,Y,,,101,,,,,,S,Y,4,0,1,2,A,-,07,21658,A,N,D,C,A,A,H,-,A,D,0,,,,,Y,,A,01,0,0,1,0,0,0,0,0,0,"- ","- ",34.432769999999998,-119.87639,"SANTA BARBARA",GOLETA,-119.87639469,34.4327939
90454667,2017,2017-05-12,9760,2017-05-11,1600,019831,,4,2,9,4200,0,1,2,,2,011,"US-101 SB (EL CAMINO REAL)","OLIVE MILL ROAD",323.00,N,N,A,-,Y,,,101,,,,,,S,N,4,0,1,2,A,-,03,22350,,N,C,C,A,A,H,-,A,D,0,,,,,Y,,A,07,0,0,1,0,0,0,0,0,0,"- ","- ",34.420140000000004,-119.64104,"SANTA BARBARA",UNINCORPORATED,-119.64106237999999,34.420188420000002
90456770,2017,2017-05-16,9755,2017-05-11,1340,020773,,4,1,9,4200,0,1,3,,1,042,SR-154,"ZACA STATION RD",5280.00,E,N,A,-,Y,,,154,,,,,,,Y,3,0,2,3,A,-,05,21460,A,N,B,C,A,A,H,-,A,D,0,,,,Y,Y,,D,22,0,1,1,0,0,0,0,0,0,"- ","- ",34.68085,-120.13893,"SANTA BARBARA",UNINCORPORATED,-120.13894362000001,34.680829129999999
90457070,2017,2017-05-16,9755,2017-05-15,1230,017255,,1,1,9,4200,0,1,3,,1,042,"SR-154 E/B","LAKEVIEW DRIVE",1056.00,E,N,A,-,Y,,,154,,,,,,E,Y,4,0,2,2,A,-,03,22350,,N,C,C,A,A,D,-,A,D,0,,,,,Y,,A,01,0,0,2,0,0,0,0,0,0,"- ","- ",34.562109999999997,-119.9281,"SANTA BARBARA",UNINCORPORATED,-119.92810903,34.562079449999999
90470944,2017,2017-06-05,9755,2017-06-03,0747,017374,,6,1,9,4200,0,1,3,,1,042,SR-154,"EDISON ST.",0.00,,Y,A,-,Y,,,154,,,,,,,Y,4,0,1,2,A,-,12,22450,A,N,D,C,A,A,H,-,A,A,0,,,,,Y,,A,01,0,0,1,0,0,0,0,0,0,"- ","- ",34.633719999999997,-120.08101000000001,"SANTA BARBARA",UNINCORPORATED,-120.08102601,34.633706369999999
90471500,2017,2017-06-06,9760,2017-05-26,1425,020965,,5,2,5,4203,0,1,2,,2,011,"US-101 S/B","MILPAS ST",300.00,S,N,B,-,Y,,,101,,,,,,S,Y,4,0,1,3,A,-,03,22350,,N,C,C,A,A,H,-,A,D,0,,,,,Y,,A,07,0,0,1,0,0,0,0,0,0,"- ","- ",34.420279999999998,-119.67589,"SANTA BARBARA","SANTA BARBARA",-119.67588546,34.420342890000001
90471825,2017,2017-06-06,9755,2017-06-04,1120,020773,,7,1,9,4200,0,1,3,,1,042,SR-154,"ARMOUR RANCH RD",0.00,,Y,A,-,Y,,,154,,,,,,,Y,3,0,3,2,A,-,09,21802,A,N,D,C,A,A,H,-,A,A,0,,,,,Y,,A,07,0,1,2,0,0,0,0,0,0,"- ","- ",34.589979999999997,-120.03164,"SANTA BARBARA",UNINCORPORATED,-120.03186633999999,34.589615649999999
90474266,2017,2017-06-09,9760,2017-05-30,0010,021503,,2,3,9,4200,0,1,2,,2,010,"US-101 S/B","FINNEY ST",530.00,N,N,A,-,Y,,,101,,,,,,S,Y,3,0,3,1,A,-,08,22107,,N,E,I,A,A,H,-,D,D,0,,,,,Y,,A,01,0,3,0,0,0,0,0,0,0,"- ","- ",34.420189999999998,-119.59772,"SANTA BARBARA",UNINCORPORATED,-119.59769540000001,34.420261429999996
90474277,2017,2017-06-09,9760,2017-05-31,1742,018431,,3,2,5,4203,0,1,2,,2,011,"US-101 S/B TO CARRILLO ST.","CARRILLO ST.",880.00,N,N,A,-,Y,,,101,,,,R,,S,Y,4,0,2,2,A,-,03,22350,,N,C,C,A,A,H,-,A,D,0,,,,,Y,,A,01,0,0,2,0,0,0,0,0,0,"- ","- ",34.417729999999999,-119.70995000000001,"SANTA BARBARA","SANTA BARBARA",-119.70995000000001,34.417729999999999
90475254,2017,2017-06-12,9750,2017-06-02,1726,018009,,5,2,9,4200,0,1,3,,1,021,"SR-135 N/B","UNION VALLEY PKY",0.00,,Y,A,-,N,,,135,,,,,,N,Y,4,0,1,3,A,-,03,22350,,N,C,C,A,A,H,-,A,A,0,,,,,Y,,A,01,0,0,1,0,0,0,0,0,0,"- ","- ",34.879579999999997,-120.43653,"SANTA BARBARA",UNINCORPORATED,-120.43652684,34.879579990000003
90475264,2017,2017-06-12,9750,2017-06-03,0630,013267,,6,1,9,4200,0,1,3,,1,023,"SR 135 (NORTHBOUND)","CLARK AVENUE",11088.00,S,N,A,-,Y,,,,,,,,,,Y,3,0,2,1,A,-,08,22107,,N,E,I,A,A,H,-,B,D,0,,,,,Y,,A,01,0,1,1,0,0,0,0,0,0,"- ","- ",34.840470000000003,-120.45162000000001,"SANTA BARBARA",UNINCORPORATED,-120.45199676999999,34.842874350000002
90475493,2017,2017-06-12,9760,2017-06-01,1300,012263,,4,1,5,4203,0,1,2,,2,020,"US101 SB TO LAS POSITAS RD.","LAS POSITAS RD.",240.00,N,N,A,-,Y,,,101,,,,R,,S,Y,4,0,1,2,A,-,03,22350,,N,C,C,A,A,H,-,A,A,0,,,,,Y,,A,01,0,0,1,0,0,0,0,0,0,"- ","- ",34.427909999999997,-119.73466000000001,"SANTA BARBARA","SANTA BARBARA",-119.73466000000001,34.427909999999997