CASE_ID,ACCIDENT_YEAR,PROC_DATE,JURIS,COLLISION_DATE,COLLISION_TIME,OFFICER_ID,REPORTING_DISTRICT,DAY_OF_WEEK,CHP_SHIFT,POPULATION,CNTY_CITY_LOC,SPECIAL_COND,BEAT_TYPE,CHP_BEAT_TYPE,CITY_DIVISION_LAPD,CHP_BEAT_CLASS,BEAT_NUMBER,PRIMARY_RD,SECONDARY_RD,DISTANCE,DIRECTION,INTERSECTION,WEATHER_1,WEATHER_2,STATE_HWY_IND,CALTRANS_COUNTY,CALTRANS_DISTRICT,STATE_ROUTE,ROUTE_SUFFIX,POSTMILE_PREFIX,POSTMILE,LOCATION_TYPE,RAMP_INTERSECTION,SIDE_OF_HWY,TOW_AWAY,COLLISION_SEVERITY,NUMBER_KILLED,NUMBER_INJURED,PARTY_COUNT,PRIMARY_COLL_FACTOR,PCF_CODE_OF_VIOL,PCF_VIOL_CATEGORY,PCF_VIOLATION,PCF_VIOL_SUBSECTION,HIT_AND_RUN,TYPE_OF_COLLISION,MVIW,PED_ACTION,ROAD_SURFACE,ROAD_COND_1,ROAD_COND_2,LIGHTING,CONTROL_DEVICE,CHP_ROAD_TYPE,PEDESTRIAN_ACCIDENT,BICYCLE_ACCIDENT,MOTORCYCLE_ACCIDENT,TRUCK_ACCIDENT,NOT_PRIVATE_PROPERTY,ALCOHOL_INVOLVED,STWD_VEHTYPE_AT_FAULT,CHP_VEHTYPE_AT_FAULT,COUNT_SEVERE_INJ,COUNT_VISIBLE_INJ,COUNT_COMPLAINT_PAIN,COUNT_PED_KILLED,COUNT_PED_INJURED,COUNT_BICYCLIST_KILLED,COUNT_BICYCLIST_INJURED,COUNT_MC_KILLED,COUNT_MC_INJURED,PRIMARY_RAMP,SECONDARY_RAMP,LATITUDE,LONGITUDE,COUNTY,CITY,POINT_X,POINT_Y
90475949,2017,2017-06-12,9760,2017-06-02,1155,020528,,5,1,9,4200,0,1,2,,2,010,"US-101 NB (EL CAMINO REAL)","SAN YSIDRO ROAD",2112.00,S,N,B,-,Y,,,101,,,,,,N,Y,4,0,2,2,A,-,03,22350,,N,C,C,A,A,H,-,A,D,0,,,,,Y,,A,07,0,0,2,0,0,0,0,0,0,"- ","- ",34.420990000000003,-119.62305000000001,"SANTA BARBARA",UNINCORPORATED,-119.62304822,34.420943260000001
90476183,2017,2017-06-12,9750,2017-06-07,0835,016874,,3,1,9,4200,0,2,4,,1,024,"FOSTER ROAD","MAYFIELD STREET",30.00,E,N,A,-,N,,,,,,,,,,Y,4,0,1,3,A,-,03,22350,,N,C,C,A,A,H,-,A,D,0,,,,,Y,,A,01,0,0,1,0,0,0,0,0,0,"- ","- ",34.883020000000002,-120.42574999999999,"SANTA BARBARA",UNINCORPORATED,-120.42571001,34.883070719999999
90476527,2017,2017-06-13,9760,2017-06-03,1614,020965,,6,2,9,4200,0,1,3,,1,022,SR-154,"SAN MARCOS PASS RD., 2500 BLOCK",76.00,W,N,A,-,Y,,,154,,,,,,,Y,3,0,3,2,A,-,01,23152,F,F,B,C,A,A,H,-,A,D,0,,,,,Y,,A,01,0,3,0,0,0,0,0,0,0,"- ","- ",34.494399999999999,-119.8,"SANTA BARBARA",UNINCORPORATED,-119.7998565,34.494525199999998
90446426,2017,2017-05-01,9760,2017-04-20,1019,021431,,4,1,9,4200,0,1,2,,2,010,US-101,"SAN YSIDRO ROAD",200.00,S,N,A,-,Y,,,101,,,,,,,Y,4,0,2,2,A,-,03,22350,,N,C,C,A,A,H,-,A,D,0,,,,,Y,,A,07,0,0,2,0,0,0,0,0,0,"- ","- ",34.422350000000002,-119.63099,"SANTA BARBARA",UNINCORPORATED,-119.63099573,34.422332009999998
90446455,2017,2017-05-01,9755,2017-04-24,0909,013618,,1,1,9,4200,0,3,5,,2,050,"W. OCEAN AVENUE","RENWICK AVENUE",41.00,W,N,A,-,N,,,,,,,,,,Y,3,0,2,2,A,-,05,21752,D,N,C,C,A,A,H,-,A,D,0,,,,,Y,,A,07,0,2,0,0,0,0,0,0,0,"- ","- ",34.6663,-120.55450999999999,"SANTA BARBARA",UNINCORPORATED,-120.55442595,34.666270859999997
90446572,2017,2017-05-01,9755,2017-04-27,0520,020202,,4,3,9,4200,0,1,2,,2,004,"US-101 N/B","SANTA ROSA RD",6336.00,S,N,A,-,Y,,,101,,,,,,N,Y,3,0,1,1,A,-,08,22107,,N,E,I,A,A,H,-,B,D,0,,,,,Y,,A,07,0,1,0,0,0,0,0,0,0,"- ","- ",34.583309999999997,-120.19346,"SANTA BARBARA",UNINCORPORATED,-120.19354678000001,34.583344369999999
90446705,2017,2017-05-01,9755,2017-04-29,1055,013618,,6,1,9,4200,0,3,5,,2,050,"RUCKER ROAD","BURTON MESA BLVD",360.00,S,N,A,-,N,,,,,,,,,,N,3,0,1,1,A,-,03,22350,,N,F,A,A,A,H,-,A,A,0,,,Y,,Y,,C,02,0,1,0,0,0,0,0,0,1,"- ","- ",34.691310000000001,-120.43702,"SANTA BARBARA",UNINCORPORATED,-120.43706591,34.691235890000002
90446818,2017,2017-05-01,9750,2017-04-24,1643,015916,,1,2,9,4200,0,1,2,,2,003,"US-101 S/B (EL CAMINO REAL)","ALISOS CANYON ROAD",2640.00,N,N,A,-,Y,,,101,,,,,,S,Y,3,0,1,1,A,-,01,23152,A,N,F,A,A,A,H,-,A,D,0,,,,,Y,Y,A,07,0,1,0,0,0,0,0,0,0,"- ","- ",34.734850000000002,-120.24347,"SANTA BARBARA",UNINCORPORATED,-120.24359839,34.73453387
90446831,2017,2017-05-01,9750,2017-04-25,0525,014753,,2,3,9,4200,0,3,5,,2,030,"FOXEN CANYON ROAD","DOMINION ROAD",6864.00,E,N,A,-,N,,,,,,,,,,Y,3,0,1,2,D,-,00,,,N,B,C,A,A,H,-,D,D,0,,,,,Y,,-,"- ",0,1,0,0,0,0,0,0,0,"- ","- ",34.906750000000002,-120.32252,"SANTA BARBARA",UNINCORPORATED,-120.32494901,34.907334220000003
90447345,2017,2017-05-02,9760,2017-04-21,1700,021503,,5,2,9,4200,0,1,2,,2,010,"US-101 N/B","S. PADARO LN.",3696.00,N,N,A,-,Y,,,101,,,,,,N,N,3,0,1,3,A,-,03,22350,,N,B,C,A,A,H,-,A,D,0,,,Y,,Y,,C,02,0,1,0,0,0,0,0,0,1,"- ","- ",34.416499999999999,-119.5628,"SANTA BARBARA",UNINCORPORATED,-119.56280231,34.416476430000003
90447734,2017,2017-05-02,9760,2017-04-21,1555,021531,,5,2,9,4200,0,1,2,,2,010,"US-101 N/B","NORTH PADARO LN",4400.00,S,N,A,-,Y,,,101,,,,,,N,Y,4,0,1,4,A,-,03,22350,,N,C,C,A,A,H,-,A,D,0,,,,,Y,,A,07,0,0,1,0,0,0,0,0,0,"- ","- ",34.416629999999998,-119.56771000000001,"SANTA BARBARA",UNINCORPORATED,-119.56771998000001,34.416706759999997
90448015,2017,2017-05-03,9760,2017-04-24,0515,020964,,1,3,9,4200,0,1,3,,1,022,"SR-154 E/B","STAGECOACH ROAD",2640.00,E,N,E,-,Y,,,154,,,,,,E,Y,4,0,1,1,A,-,08,22107,,N,E,I,A,A,H,-,B,D,0,,,,,Y,,A,01,0,0,1,0,0,0,0,0,0,"- ","- ",34.5152,-119.82686,"SANTA BARBARA",UNINCORPORATED,-119.82687597,34.515150380000001
90448124,2017,2017-05-03,9750,2017-04-25,0230,019656,,2,3,5,4204,0,1,2,,2,001,"US-101 S/B","STOWELL RD",300.00,S,N,A,-,Y,,,101,,,,,,S,Y,3,0,1,2,A,-,03,22350,,N,C,C,A,A,H,-,C,D,0,,,,,Y,Y,A,01,0,1,0,0,0,0,0,0,0,"- ","- ",34.93703,-120.41799,"SANTA BARBARA","SANTA MARIA",-120.41791916,34.937028959999999
90448240,2017,2017-05-03,9760,2017-04-22,1420,021531,,6,2,9,4200,0,3,5,,2,005,"CAMINO CORTO S/B","PASADO ROAD",0.00,,Y,A,-,N,,,,,,,,,,N,3,0,1,2,A,-,11,21954,A,N,G,B,D,A,H,-,A,A,0,Y,,,,Y,,N,60,0,1,0,0,1,0,0,0,0,"- ","- ",34.411729999999999,-119.86648,"SANTA BARBARA",UNINCORPORATED,-119.86642994,34.411720019999997
90457320,2017,2017-05-16,9750,2017-05-09,1015,014753,,2,1,9,4200,0,1,3,,1,022,"STATE ROUTE 1 NORTHBOUND","SAN ANTONIO ROAD EAST",500.00,S,N,A,-,Y,,,1,,,,,,N,Y,4,0,1,1,A,-,08,22107,,N,E,I,A,A,H,-,A,D,0,,,,,Y,,A,01,0,0,1,0,0,0,0,0,0,"- ","- ",34.774560000000001,-120.48894,"SANTA BARBARA",UNINCORPORATED,-120.48894932,34.774678440000002
90457464,2017,2017-05-17,9760,2017-05-06,0015,021476,,6,3,3,4205,0,1,2,,2,010,"US-101 S/B TO REYNOLDS AVENUE","CARPINTERIA AVE",235.00,E,N,A,-,Y,,,101,,,,R,,S,Y,3,0,1,1,A,-,01,23152,A,N,E,I,A,A,H,-,D,D,0,,,,,Y,Y,A,01,0,1,0,0,0,0,0,0,0,"- ","- ",34.402430000000003,-119.52536000000001,"SANTA BARBARA",CARPINTERIA,-119.52536000000001,34.402430000000003
90457796,2017,2017-05-17,9750,2017-05-10,2215,016874,,3,3,5,4204,0,1,2,,2,001,"US-101 S/B TO BETTERAVIA ROAD","BETTERAVIA ROAD",25.00,S,N,A,B,Y,,,101,,,,R,,S,N,4,0,1,2,A,-,21,22106,,N,C,C,A,A,H,-,C,A,0,,,,,Y,,D,22,0,0,1,0,0,0,0,0,0,"- ","- ",34.924039999999998,-120.41704,"SANTA BARBARA","SANTA MARIA",-120.41704,34.924039999999998
90459345,2017,2017-05-19,9760,2017-05-11,1653,020965,,4,2,5,4203,0,1,2,,2,011,"US-101 N/B","CARRILLO ST",600.00,S,N,A,-,Y,,,101,,,,,,N,N,3,0,1,2,A,-,03,22350,,N,C,C,A,A,H,-,A,D,0,,,Y,,Y,,C,02,0,1,0,0,0,0,0,0,1,"- ","- ",34.415260000000004,-119.70558,"SANTA BARBARA","SANTA BARBARA",-119.70564519,34.415186329999997
90459382,2017,2017-05-19,9755,2017-05-17,0935,016058,,3,1,9,4200,0,1,3,,1,053,SR-246,"CAMPBELL RD",1584.00,W,N,B,-,Y,,,246,,,,,,,Y,3,0,5,2,A,-,03,22350,,N,C,C,A,A,H,-,A,D,0,,,,,Y,,A,07,0,1,4,0,0,0,0,0,0,"- ","- ",34.664050000000003,-120.33165,"SANTA BARBARA",UNINCORPORATED,-120.33164128,34.664083259999998
90459581,2017,2017-05-19,9760,2017-05-14,0955,020211,,7,1,9,4200,0,3,5,,2,001,"GIBRALTAR RD","E. CAMINO CIELO",10032.00,S,N,A,-,N,,,,,,,,,,N,3,0,1,1,A,-,08,22107,,N,F,A,A,A,H,-,A,D,0,,Y,,,Y,,L,04,0,1,0,0,0,0,1,0,0,"- ","- ",34.476050000000001,-119.67954,"SANTA BARBARA",UNINCORPORATED,-119.68164828,34.484389649999997
90459778,2017,2017-05-19,9750,2017-05-17,1130,014358,,3,1,9,4200,0,1,2,,2,003,"US 101 NORTHBOUND","RT 135",172.00,S,N,A,-,Y,,,,,,,,,,Y,4,0,2,2,A,-,08,22107,,N,D,C,A,A,H,-,A,D,0,,,,,Y,,A,01,0,0,2,0,0,0,0,0,0,"- ","- ",34.7423,-120.27025,"SANTA BARBARA",UNINCORPORATED,-120.43111494999999,34.980926789999998
90459803,2017,2017-05-19,9750,2017-05-17,2110,019397,,3,2,9,4200,0,1,3,,1,023,"SR-1 S/B",SR-135,5280.00,S,N,A,-,Y,,,1,,,,,,S,Y,4,0,1,1,C,-,18,,,N,H,H,A,A,H,-,D,D,0,,,,,Y,,-,"- ",0,0,1,0,0,0,0,0,0,"- ","- ",34.79166,-120.45612,"SANTA BARBARA",UNINCORPORATED,-120.45611501,34.791649829999997
90459858,2017,2017-05-19,9760,2017-05-11,2130,020528,,4,2,9,4200,0,1,3,,1,014,"SR-192 (EAST VALLEY ROAD)","SYCAMORE CANYON ROAD",354.00,E,N,A,-,Y,,,192,,,,,,,Y,3,0,1,1,A,-,01,23152,G,N,E,I,A,A,H,-,D,D,0,,,,,Y,Y,A,01,0,1,0,0,0,0,0,0,0,"- ","- ",34.434510000000003,-119.64506,"SANTA BARBARA",UNINCORPORATED,-119.64505708999999,34.43450807
90459880,2017,2017-05-19,9760,2017-05-17,0905,019446,,3,1,5,4203,0,1,2,,2,011,"US-101 S/B","MICHELTORENA ST",200.00,S,N,A,-,Y,,,101,,,,,,S,Y,3,0,2,2,A,-,03,22350,,N,C,C,A,A,H,-,A,D,0,,,,,Y,,A,01,0,1,1,0,0,0,0,0,0,"- ","- ",34.420380000000002,-119.71346,"SANTA BARBARA","SANTA BARBARA",-119.71344845,34.420396050000001
90460280,2017,2017-05-22,9760,2017-05-11,1545,018418,,4,2,9,4200,0,1,2,,2,010,"U.S. 101 S/B","SOUTH PADARO LANE",1000.00,S,N,A,-,Y,,,,,,,,,,Y,4,0,2,2,A,-,03,22350,,N,C,C,A,A,H,-,A,D,0,,,,,Y,,A,07,0,0,2,0,0,0,0,0,0,"- ","- ",34.407220000000002,-119.54814,"SANTA BARBARA",UNINCORPORATED,-119.57934753000001,34.415845150000003
90476579,2017,2017-06-13,9760,2017-06-02,1552,020964,,5,2,4,4214,0,1,2,,1,030,"US-101 N/B FROM HOLLISTER AVENUE","CALLE REAL",95.00,N,N,A,-,Y,,,101,,,,R,,N,Y,4,0,1,2,A,-,08,22107,,N,F,A,A,A,H,-,A,D,0,,,Y,,Y,,C,02,0,0,1,0,0,0,0,0,1,"- ","- ",34.432960000000001,-119.90831,"SANTA BARBARA",GOLETA,-119.90831,34.432960000000001
90476636,2017,2017-06-13,9750,2017-06-01,2030,020510,,4,2,9,4200,0,3,5,,2,020,"HARRIS GRADE RD",SR-135,13200.00,S,N,B,-,N,,,,,,,,,,Y,3,0,1,1,A,-,08,22107,,N,E,I,A,A,H,-,D,D,0,,,,,Y,Y,A,07,0,1,0,0,0,0,0,0,0,"- ","- ",34.74353,-120.43818,"SANTA BARBARA",UNINCORPORATED,-120.4371277,34.739775479999999
90477849,2017,2017-06-14,9750,2017-06-09,0908,014820,,5,1,9,4200,0,1,3,,1,022,"SR-1 N/B","GRACIOSA RD",1056.00,N,N,B,-,Y,,,1,,,,,,N,Y,4,0,1,1,A,-,08,22107,,N,F,A,A,A,H,-,A,D,0,,,,,Y,,A,01,0,0,1,0,0,0,0,0,0,"- ","- ",34.815930000000002,-120.44938999999999,"SANTA BARBARA",UNINCORPORATED,-120.44922584,34.815962040000002
90477892,2017,2017-06-14,9760,2017-06-04,0530,021294,,7,3,4,4214,0,1,3,,2,027,"SR-217 W/B",US-101,900.00,W,N,A,-,Y,,,217,,,,,,W,Y,3,0,1,1,A,-,01,23152,A,M,E,I,A,A,H,-,B,D,0,,,,,Y,Y,A,01,0,1,0,0,0,0,0,0,0,"- ","- ",34.439109999999999,-119.81489999999999,"SANTA BARBARA",GOLETA,-119.81493779,34.439144030000001
90478067,2017,2017-06-14,9750,2017-05-23,1650,015916,,2,2,9,4200,0,1,3,,1,021,"SR-135 N/B (ORCUTT EXPRESSWAY)","UNION VALLEY PARKWAY",550.00,S,N,A,-,Y,,,135,,,,,,N,Y,4,0,2,2,A,-,03,22350,,N,C,C,A,A,H,-,A,A,0,,,,,Y,,A,07,0,0,2,0,0,0,0,0,0,"- ","- ",34.877929999999999,-120.43653999999999,"SANTA BARBARA",UNINCORPORATED,-120.4365493,34.877929899999998
90478100,2017,2017-06-14,9750,2017-06-11,1614,017379,,7,2,9,4200,0,1,2,,2,003,US-101,"CAT CANYON RD",1320.00,S,N,A,-,Y,,,101,,,,,,,N,4,0,1,1,C,-,18,,,N,E,I,A,A,H,-,A,D,0,,,,,Y,,-,"- ",0,0,1,0,0,0,0,0,0,"- ","- ",34.754579999999997,-120.29000000000001,"SANTA BARBARA",UNINCORPORATED,-120.29002163,34.754540370000001
90478573,2017,2017-06-15,9760,2017-06-08,0915,019446,,4,1,5,4203,0,1,2,,2,020,"US-101 N/B","HOPE AVE",2000.00,S,N,A,-,Y,,,101,,,,,,N,Y,4,0,1,1,A,-,08,22107,,N,E,I,A,A,H,-,A,D,0,,,,,Y,,A,01,0,0,1,0,0,0,0,0,0,"- ","- ",34.430309999999999,-119.74263999999999,"SANTA BARBARA","SANTA BARBARA",-119.74263746,34.43031465
90479049,2017,2017-06-15,9760,2017-06-05,2111,021503,,1,2,9,4200,0,3,5,,2,002,"ROBLE DRIVE","LAS OLAS DRIVE",530.00,E,N,A,-,N,,,,,,,,,,Y,3,0,1,1,A,-,03,22350,,N,F,A,A,A,H,-,D,D,0,,,Y,,Y,,C,02,0,1,0,0,0,0,0,0,1,"- ","- ",34.415520000000001,-119.77235,"SANTA BARBARA",UNINCORPORATED,-119.77246135,34.415599589999999
90479689,2017,2017-06-16,9750,2017-06-12,2015,020510,,1,2,9,4200,0,3,5,,2,030,"DOMINION RD","FOXEN CANYON ROAD",0.00,,Y,A,-,N,,,,,,,,,,Y,3,0,1,1,A,-,01,23152,A,N,E,I,A,A,H,-,D,A,0,,,,,Y,Y,A,01,0,1,0,0,0,0,0,0,0,"- ","- ",34.910220000000002,-120.34684,"SANTA BARBARA",UNINCORPORATED,-120.34702987999999,34.91026008
90479708,2017,2017-06-16,9750,2017-06-13,0615,014358,,2,1,9,4200,0,1,3,,1,021,"SR 135 SOUTHBOUND","RICE RANCH ROAD",1056.00,S,N,A,-,Y,,,135,,,,,,S,N,4,0,1,1,A,-,08,22107,,N,E,I,A,A,H,-,A,D,0,,,,,Y,,A,01,0,0,1,0,0,0,0,0,0,"- ","- ",34.858220000000003,-120.44162,"SANTA BARBARA",UNINCORPORATED,-120.44162853,34.858262629999999
90479765,2017,2017-06-16,9760,2017-06-11,1650,020495,,7,2,9,4200,0,3,5,,2,001,"GIBRALTAR ROAD","EL CIELTO ROAD",7392.00,N,N,A,-,N,,,,,,,,,,Y,4,0,1,1,A,-,03,22350,,N,F,A,A,A,H,-,A,D,0,,,Y,,Y,,C,02,0,0,1,0,0,0,0,0,1,"- ","- ",34.470469999999999,-119.67918,"SANTA BARBARA",UNINCORPORATED,-119.67986552000001,34.463032329999997
90460430,2017,2017-05-22,9760,2017-05-12,2205,021476,,5,3,9,4200,0,1,3,,1,022,SR-154,"SAN MARCOS ROAD",6178.00,E,N,A,-,Y,,,154,,,,,,,Y,3,0,4,2,A,-,08,22107,,N,A,C,A,A,H,-,D,D,0,,,,,Y,,A,07,0,1,3,0,0,0,0,0,0,"- ","- ",34.483849999999997,-119.77688999999999,"SANTA BARBARA",UNINCORPORATED,-119.77688910000001,34.483857280000002
90460697,2017,2017-05-22,9755,2017-05-19,0015,020777,,5,3,9,4200,0,3,5,,2,050,"PURISMA ROAD","RUCKER ROAD",3000.00,E,N,A,-,N,,,,,,,,,,Y,3,0,1,1,A,-,08,22107,,N,A,I,A,A,H,-,D,D,0,,,,,Y,,A,01,0,1,0,0,0,0,0,0,0,"- ","- ",34.671950000000002,-120.4299,"SANTA BARBARA",UNINCORPORATED,-120.43059809,34.672053599999998
90460846,2017,2017-05-22,9760,2017-05-08,0018,021431,,1,3,9,4200,0,1,2,,1,040,US-101,"ARROYO HONDO VISTA POINT",3300.00,N,N,A,-,Y,,,101,,,,,,,Y,3,0,1,1,A,-,08,22107,,N,E,I,A,A,H,-,D,D,0,,,,,Y,,A,01,0,1,0,0,0,0,0,0,0,"- ","- ",34.47419,-120.15132,"SANTA BARBARA",UNINCORPORATED,-120.15132076,34.474218790000002
90460869,2017,2017-05-22,9755,2017-05-18,0220,020202,,4,3,9,4200,0,1,3,,1,053,"SR-246 W/B","MAIL RD",8976.00,E,N,A,-,Y,,,246,,,,,,W,Y,3,0,1,1,A,-,08,22107,,N,F,A,A,A,H,-,D,D,0,,,,,Y,,A,01,0,1,0,0,0,0,0,0,0,"- ","- ",34.619950000000003,-120.25533,"SANTA BARBARA",UNINCORPORATED,-120.2553322,34.619914909999999
90460876,2017,2017-05-22,9760,2017-05-15,0850,019831,,1,1,9,4200,0,3,5,,2,002,"HOLLISTER AVENUE","NOGAL DRIVE",24.00,W,N,B,-,N,,,,,,,,,,N,4,0,1,2,A,-,03,22350,,N,C,C,A,A,H,-,A,A,0,,,,,Y,,A,01,0,0,1,0,0,0,0,0,0,"- ","- ",34.439869999999999,-119.77139,"SANTA BARBARA",UNINCORPORATED,-119.77105732,34.439994540000001
90461545,2017,2017-05-23,9760,2017-05-19,1620,020965,,5,2,9,4200,0,3,5,,2,001,"OLIVE MILL RD","SAN BENITO WAY",0.00,,Y,A,-,N,,,,,,,,,,Y,4,0,2,3,A,-,09,21802,A,N,B,C,A,A,H,-,A,D,0,,,,,Y,,A,01,0,0,2,0,0,0,0,0,0,"- ","- ",34.423789999999997,-119.64001,"SANTA BARBARA",UNINCORPORATED,-119.6401699,34.42386011
90462190,2017,2017-05-23,9750,2017-05-11,1903,017496,,4,2,9,4200,0,1,3,,1,023,SR-135,"BELL AVE",100.00,N,N,A,-,Y,,,135,,,,,,,Y,3,0,1,1,A,-,08,22107,,N,F,A,A,A,H,-,A,D,0,,,,,Y,,A,01,0,1,0,0,0,0,0,0,0,"- ","- ",34.745220000000003,-120.28787,"SANTA BARBARA",UNINCORPORATED,-120.28784232,34.745401710000003
90462286,2017,2017-05-24,9760,2017-03-21,1445,020483,,2,2,9,4200,0,1,3,,1,022,"SR-154 (SAN MARCOS PASS)","PAINTED CAVE ROAD",4400.00,E,N,C,-,Y,,,154,,,,,,,Y,1,2,2,2,A,-,03,22350,,N,A,C,A,B,H,-,A,D,0,,,,,Y,,A,01,0,1,1,0,0,0,0,0,0,"- ","- ",34.48921,-119.78424,"SANTA BARBARA",UNINCORPORATED,-119.78418938999999,34.489176069999999
90463090,2017,2017-05-24,9750,2017-05-20,0213,020510,,6,3,5,4204,0,1,2,,2,001,"US-101 N/B","SANTA MARIA WAY O/C",1789.00,N,N,A,-,Y,,,101,,,,,,N,Y,3,0,1,1,A,-,08,22107,,N,F,I,A,A,H,-,D,D,0,,,,,Y,,A,08,0,1,0,0,0,0,0,0,0,"- ","- ",34.896540000000002,-120.41793,"SANTA BARBARA","SANTA MARIA",-120.41812210000001,34.8965411
90463348,2017,2017-05-25,9760,2017-05-16,1740,019464,,2,2,9,4200,0,2,4,,1,021,"HOLLISTER AVENUE","SOUTH SAN ANTONIO ROAD",0.00,,Y,A,-,N,,,,,,,,,,Y,3,0,1,2,A,-,09,21801,A,N,D,C,A,A,H,-,A,A,0,,,,,Y,,A,07,0,1,0,0,0,0,0,0,0,"- ","- ",34.437930000000001,-119.78156,"SANTA BARBARA",UNINCORPORATED,-119.78168988,34.43808009
90463364,2017,2017-05-25,9755,2017-05-19,0842,016988,,5,1,9,4200,0,1,3,,1,053,"SR-246 W/B","DOMINGOS RD",5280.00,E,N,A,-,Y,,,246,,,,,,W,Y,3,0,1,1,A,-,08,22107,,N,F,A,A,A,H,-,A,D,0,,,,,Y,,D,22,0,1,0,0,0,0,0,0,0,"- ","- ",34.622610000000002,-120.2616,"SANTA BARBARA",UNINCORPORATED,-120.26156199,34.62265567
90479841,2017,2017-06-16,9750,2017-06-15,0745,013267,,4,1,9,4200,0,3,5,,2,020,"OAKHILL DRIVE","GRACIOSA ROAD",62.00,N,N,A,-,N,,,,,,,,,,Y,4,0,1,1,A,-,08,22107,,N,E,J,A,A,H,-,A,D,0,,,,,Y,,A,01,0,0,1,0,0,0,0,0,0,"- ","- ",34.857660000000003,-120.43646,"SANTA BARBARA",UNINCORPORATED,-120.43985000000001,34.857640000000004
90479863,2017,2017-06-16,9755,2017-06-15,1545,017374,,4,2,9,4200,0,1,3,,2,041,SR-246,"ENTRANCE RD.",0.00,,Y,A,-,Y,,,246,,,,,,,Y,3,0,2,2,A,-,09,21801,A,N,D,C,A,A,H,-,A,A,0,,,,,Y,,D,22,0,2,0,0,0,0,0,0,0,"- ","- ",34.60613,-120.11117,"SANTA BARBARA",UNINCORPORATED,-120.11116251999999,34.606084070000001
90480458,2017,2017-06-19,9760,2017-06-04,0124,021531,,7,3,9,4200,0,3,5,,2,001,"COLD SPRINGS ROAD","LA PAZ RD",528.00,N,N,A,-,N,,,,,,,,,,Y,4,0,1,1,A,-,01,23152,A,N,E,J,A,A,H,-,D,D,0,,,,,Y,Y,A,01,0,0,1,0,0,0,0,0,0,"- ","- ",34.450049999999997,-119.65743000000001,"SANTA BARBARA",UNINCORPORATED,-119.65712972999999,34.449651959999997
90480601,2017,2017-06-19,9750,2017-06-10,0130,019397,,6,3,9,4200,0,1,3,,1,064,"SR-166 W/B","MPM 60",3168.00,E,N,A,-,Y,,,166,,,,,,W,Y,2,0,1,1,A,-,08,22107,,N,E,I,A,A,H,-,D,D,0,,,,,Y,,A,07,1,0,0,0,0,0,0,0,0,"- ","- ",34.972270000000002,-119.74850000000001,"SANTA BARBARA",UNINCORPORATED,-119.74848899,34.972290639999997
90498103,2017,2017-07-11,9750,2017-07-04,2245,018786,,2,3,9,4200,0,1,3,,1,023,SR-135,"BELL ST",0.00,,Y,A,-,Y,,,135,,,,,,,N,4,0,1,2,A,-,09,21802,A,N,A,C,A,A,H,-,C,A,0,,,,,Y,,D,22,0,0,1,0,0,0,0,0,0,"- ","- ",34.745350000000002,-120.28712,"SANTA BARBARA",UNINCORPORATED,-120.28712869,34.745292980000002
90498549,2017,2017-07-11,9760,2017-06-28,1358,020804,,3,1,9,4200,0,3,5,,2,005,"PARDALL RD.","EMBARCADERO DEL MAR",10.00,E,N,A,-,N,,,,,,,,,,N,2,0,1,2,A,-,09,21802,A,F,F,A,A,A,H,-,A,A,0,,Y,,,Y,Y,A,01,1,0,0,0,0,0,1,0,0,"- ","- ",34.413150000000002,-119.85699,"SANTA BARBARA",UNINCORPORATED,-119.85699687,34.413119389999999
90499218,2017,2017-07-12,9750,2017-07-07,0550,016874,,5,3,9,4200,0,3,5,,2,020,"BETTERAVIA ROAD","BROWN ROAD",0.00,,Y,A,-,N,,,,,,,,,,Y,3,0,2,2,A,-,09,21801,A,N,A,C,A,A,H,-,B,A,0,,,,,Y,,A,07,0,1,1,0,0,0,0,0,0,"- ","- ",34.93497,-120.54638,"SANTA BARBARA",UNINCORPORATED,-120.54642995,34.935200080000001
90499278,2017,2017-07-12,9750,2017-07-08,1515,017379,,6,2,9,4200,0,1,3,,1,064,SR-166,"JOHNSON STREET",0.00,,Y,A,-,Y,,,166,,,,,,,Y,3,0,4,2,A,-,03,22350,,N,D,C,A,A,H,-,A,D,0,,,,,Y,,D,22,0,3,1,0,0,0,0,0,0,"- ","- ",34.935569999999998,-119.61651999999999,"SANTA BARBARA",UNINCORPORATED,-119.61651397999999,34.935603540000002
90499430,2017,2017-07-12,9750,2017-07-08,1158,017910,,6,1,9,4200,0,1,3,,1,023,SR-135,"HARRIS GRADE RD",80.00,S,N,A,-,Y,,,135,,,,,,,N,2,0,1,1,A,-,03,22350,,N,F,A,A,A,H,-,A,D,0,,Y,,,Y,,L,04,1,0,0,0,0,0,1,0,0,"- ","- ",34.76632,-120.42386,"SANTA BARBARA",UNINCORPORATED,-120.42384804,34.76634653