CASE_ID,ACCIDENT_YEAR,PROC_DATE,JURIS,COLLISION_DATE,COLLISION_TIME,OFFICER_ID,REPORTING_DISTRICT,DAY_OF_WEEK,CHP_SHIFT,POPULATION,CNTY_CITY_LOC,SPECIAL_COND,BEAT_TYPE,CHP_BEAT_TYPE,CITY_DIVISION_LAPD,CHP_BEAT_CLASS,BEAT_NUMBER,PRIMARY_RD,SECONDARY_RD,DISTANCE,DIRECTION,INTERSECTION,WEATHER_1,WEATHER_2,STATE_HWY_IND,CALTRANS_COUNTY,CALTRANS_DISTRICT,STATE_ROUTE,ROUTE_SUFFIX,POSTMILE_PREFIX,POSTMILE,LOCATION_TYPE,RAMP_INTERSECTION,SIDE_OF_HWY,TOW_AWAY,COLLISION_SEVERITY,NUMBER_KILLED,NUMBER_INJURED,PARTY_COUNT,PRIMARY_COLL_FACTOR,PCF_CODE_OF_VIOL,PCF_VIOL_CATEGORY,PCF_VIOLATION,PCF_VIOL_SUBSECTION,HIT_AND_RUN,TYPE_OF_COLLISION,MVIW,PED_ACTION,ROAD_SURFACE,ROAD_COND_1,ROAD_COND_2,LIGHTING,CONTROL_DEVICE,CHP_ROAD_TYPE,PEDESTRIAN_ACCIDENT,BICYCLE_ACCIDENT,MOTORCYCLE_ACCIDENT,TRUCK_ACCIDENT,NOT_PRIVATE_PROPERTY,ALCOHOL_INVOLVED,STWD_VEHTYPE_AT_FAULT,CHP_VEHTYPE_AT_FAULT,COUNT_SEVERE_INJ,COUNT_VISIBLE_INJ,COUNT_COMPLAINT_PAIN,COUNT_PED_KILLED,COUNT_PED_INJURED,COUNT_BICYCLIST_KILLED,COUNT_BICYCLIST_INJURED,COUNT_MC_KILLED,COUNT_MC_INJURED,PRIMARY_RAMP,SECONDARY_RAMP,LATITUDE,LONGITUDE,COUNTY,CITY,POINT_X,POINT_Y
90499755,2017,2017-07-13,9760,2017-07-06,1300,020495,,4,1,9,4200,0,3,5,,2,002,"CALLE REAL","OLD MILL ROAD",190.00,W,N,A,-,N,,,,,,,,,,N,4,0,1,2,A,-,03,22350,,N,C,C,A,A,H,-,A,D,0,,,,,Y,,A,07,0,0,1,0,0,0,0,0,0,"- ","- ",34.441270000000003,-119.76535,"SANTA BARBARA",UNINCORPORATED,-119.76527935,34.441292750000002
90499776,2017,2017-07-13,9760,2017-07-06,1805,020473,,4,2,5,4203,0,1,2,,2,011,"US-101 S/B","CARRILLO ST.",1000.00,N,N,A,-,Y,,,101,,,,,,S,N,4,0,1,2,A,-,03,22350,,N,C,C,A,A,H,-,A,D,0,,,,,Y,,A,07,0,0,1,0,0,0,0,0,0,"- ","- ",34.418979999999998,-119.71159,"SANTA BARBARA","SANTA BARBARA",-119.71157013,34.419006920000001
90481332,2017,2017-06-19,9760,2017-06-11,0030,020757,,7,3,9,4200,0,2,4,,1,021,"HOLLISTER AVENUE W/B","MAGNA VISTA STREET",217.00,E,N,A,-,N,,,,,,,,,,Y,3,0,1,1,A,-,08,22107,,N,E,I,A,A,H,-,C,D,0,,,,,Y,,A,07,0,1,0,0,0,0,0,0,0,"- ","- ",34.437249999999999,-119.786,"SANTA BARBARA",UNINCORPORATED,-119.78607651999999,34.437263729999998
90481453,2017,2017-06-20,9760,2017-06-11,2157,021431,,7,2,5,4203,0,1,2,,2,011,"US-101 NORTHBOUND","MISSION STREET",600.00,N,N,A,-,Y,,,101,,,,,,N,N,4,0,2,2,A,-,07,21658,A,N,B,C,A,A,H,-,C,D,0,,,,,Y,,A,01,0,0,2,0,0,0,0,0,0,"- ","- ",34.426250000000003,-119.72283,"SANTA BARBARA","SANTA BARBARA",-119.72284291,34.426191369999998
90481643,2017,2017-09-19,9760,2017-06-11,1728,020483,,7,2,9,4200,0,1,2,,2,011,"US 101 S/B","CABRILLO BLVD",300.00,N,N,A,-,Y,,,,,,,,,,Y,4,0,2,3,A,-,03,22350,,N,C,C,A,A,H,-,A,D,0,,,,,Y,,A,01,0,0,2,0,0,0,0,0,0,"- ","- ",34.422699999999999,-119.65689999999999,"SANTA BARBARA",UNINCORPORATED,-119.65597818000001,34.422657039999997
90481681,2017,2017-06-20,9750,2017-06-14,0010,020511,,3,3,9,4200,0,2,4,,1,024,"CALIFORNIA BLVD","COACHMAN WAY",92.00,S,N,A,-,N,,,,,,,,,,Y,3,0,1,2,A,-,01,23152,A,N,C,E,A,A,H,-,D,D,0,,,,,Y,Y,A,01,0,1,0,0,0,0,0,0,0,"- ","- ",34.876199999999997,-120.44529,"SANTA BARBARA",UNINCORPORATED,-120.44569303999999,34.877987310000002
90481702,2017,2017-06-20,9760,2017-06-11,1400,020965,,7,2,9,4200,0,1,2,,2,010,"US-101 S/B","SHEFFIELD DR",200.00,N,N,A,-,Y,,,101,,,,,,S,Y,4,0,3,3,A,-,03,22350,,N,C,C,A,A,H,-,A,D,0,,,,,Y,,A,01,0,0,3,0,0,0,0,0,0,"- ","- ",34.421469999999999,-119.61498,"SANTA BARBARA",UNINCORPORATED,-119.61497998999999,34.421467399999997
90481827,2017,2017-06-20,9760,2017-06-11,1213,021300,,7,1,9,4200,0,3,5,,2,002,"PATTERSON AVE","UNIVERSITY DR.",70.00,S,N,A,-,N,,,,,,,,,,Y,2,0,2,3,A,-,03,22350,,N,C,C,A,A,H,-,A,D,0,,,,,Y,,A,01,1,1,0,0,0,0,0,0,0,"- ","- ",34.445120000000003,-119.80794,"SANTA BARBARA",UNINCORPORATED,-119.8078769,34.44516024
90482572,2017,2017-06-21,9760,2017-06-12,1815,017314,,1,2,9,4200,0,3,5,,2,005,"CAMINO CORTO","SABADO TARDE",0.00,,Y,A,-,N,,,,,,,,,,N,3,0,1,2,A,-,12,22450,A,N,H,G,A,A,H,-,A,A,0,,Y,,,Y,,L,04,0,1,0,0,0,0,1,0,0,"- ","- ",34.410420000000002,-119.86644,"SANTA BARBARA",UNINCORPORATED,-119.86643986,34.410490099999997
90482923,2017,2017-06-21,9750,2017-06-17,1323,018454,,6,1,9,4200,0,2,4,,1,024,"UNION VALLEY PARKWAY","ORCUTT RD",20.00,W,N,A,-,N,,,,,,,,,,Y,4,0,1,2,A,-,03,22350,,N,C,C,A,A,H,-,A,A,0,,,,,Y,,A,08,0,0,1,0,0,0,0,0,0,"- ","- ",34.879489999999997,-120.43523,"SANTA BARBARA",UNINCORPORATED,-120.43511664,34.879521390000001
90483287,2017,2017-06-22,9760,2017-06-15,1855,020495,,4,2,9,4200,0,3,5,,2,001,"GIBRALTAR ROAD","EL CIELITO ROAD",3696.00,N,N,A,-,N,,,,,,,,,,Y,3,0,2,1,A,-,03,22350,,N,F,A,A,A,H,-,A,D,0,,,,,Y,,A,01,0,2,0,0,0,0,0,0,0,"- ","- ",,,"SANTA BARBARA",UNINCORPORATED,-119.68833823,34.460633039999998
90483423,2017,2017-06-22,9760,2017-06-13,1200,021294,,2,1,9,4200,0,2,4,,1,021,"HOLLISTER AVENUE","PUENTE DRIVE",0.00,,Y,A,-,N,,,,,,,,,,Y,4,0,1,2,A,-,12,21453,A,N,D,C,A,A,H,-,A,A,0,,,,,Y,,A,01,0,0,1,0,0,0,0,0,0,"- ","- ",34.437550000000002,-119.78376,"SANTA BARBARA",UNINCORPORATED,-119.78373990999999,34.437690070000002
90483556,2017,2017-06-22,9760,2017-06-14,0640,019446,,3,1,3,4205,0,1,2,,2,010,"US-101 N/B","BAILARD AVE",1500.00,S,N,A,-,Y,,,101,,,,,,N,N,4,0,1,2,A,-,03,22350,,N,C,C,A,A,H,-,A,D,0,,,,,Y,,D,22,0,0,1,0,0,0,0,0,0,"- ","- ",34.386949999999999,-119.49325,"SANTA BARBARA",CARPINTERIA,-119.49325399,34.386937449999998
90483677,2017,2017-06-22,9760,2017-06-15,0750,012263,,4,1,5,4203,0,1,2,,2,011,"US101 S/B","MICHELTORENA ST",360.00,N,N,A,-,Y,,,101,,,,,,S,Y,3,0,1,1,A,-,03,22350,,N,F,A,A,A,H,-,A,D,0,,,Y,,Y,,C,02,0,1,0,0,0,0,0,0,1,"- ","- ",34.421500000000002,-119.71505000000001,"SANTA BARBARA","SANTA BARBARA",-119.71501785,34.421543210000003
90483840,2017,2017-06-22,9760,2017-06-15,1750,018431,,4,2,9,4200,0,3,5,,2,005,"ABREGO RD.","CAMINO PESCADERO",160.00,W,N,A,-,N,,,,,,,,,,N,3,0,1,2,A,-,08,22107,,N,H,E,A,A,H,-,A,D,0,,Y,,,Y,,L,04,0,1,0,0,0,0,1,0,0,"- ","- ",34.414200000000001,-119.85929,"SANTA BARBARA",UNINCORPORATED,-119.85923009,34.414155530000002
90483998,2017,2017-06-22,9760,2017-06-15,1812,018431,,4,2,9,4200,0,3,5,,2,005,"SABADO TARDE RD.","CAMINO PESCADERO",0.00,,Y,A,-,N,,,,,,,,,,N,3,0,1,2,A,-,12,22450,A,N,H,C,A,A,H,-,A,A,0,,Y,,,Y,,L,04,0,1,0,0,0,0,1,0,0,"- ","- ",34.410440000000001,-119.85869,"SANTA BARBARA",UNINCORPORATED,-119.85869996,34.410450050000001
90484049,2017,2017-06-22,9750,2017-06-16,1120,016542,,5,1,9,4200,0,3,5,,2,030,"TELEPHONE RD","PRELL RD",0.00,,Y,A,-,N,,,,,,,,,,Y,4,0,1,2,A,-,09,21802,A,N,D,C,A,A,H,-,A,A,0,,,,,Y,,A,01,0,0,1,0,0,0,0,0,0,"- ","- ",34.916200000000003,-120.38306,"SANTA BARBARA",UNINCORPORATED,-120.38300999000001,34.916170100000002
90486175,2017,2017-06-23,9760,2017-06-17,1040,021294,,6,1,9,4200,0,3,5,,2,001,"SR-192 (FOOTHILL ROAD)","TORO CANYON ROAD",140.00,E,N,A,-,Y,,,192,,,,,,,Y,3,0,1,1,A,-,03,22350,,N,E,J,A,A,H,-,A,D,0,,Y,,,Y,,L,04,0,1,0,0,0,0,1,0,0,"- ","- ",34.426600000000001,-119.57406,"SANTA BARBARA",UNINCORPORATED,-119.57405136,34.4266231
90486892,2017,2017-06-26,9760,2017-06-16,1240,020804,,5,1,9,4200,0,1,2,,2,020,"US-101 N/B TO FAIRVIEW AVE.","FAIRVIEW AVE",25.00,S,N,A,-,Y,,,,,,,,,,N,4,0,2,3,A,-,03,22350,,M,C,C,A,A,H,-,A,D,0,,,,,Y,Y,A,01,0,0,2,0,0,0,0,0,0,"- ","- ",34.440489999999997,-119.83028,"SANTA BARBARA",UNINCORPORATED,-119.83250237,34.439592560000001
90486967,2017,2017-06-26,9760,2017-06-18,1505,020473,,7,2,9,4200,0,3,5,,2,005,"SABADO TARDE RD.","CAMINO DEL SUR",275.00,W,N,A,-,N,,,,,,,,,,N,4,0,1,2,A,-,09,21804,A,N,D,C,A,A,H,-,A,D,0,,,,,Y,,D,22,0,0,1,0,0,0,0,0,0,"- ","- ",34.410490000000003,-119.86358,"SANTA BARBARA",UNINCORPORATED,-119.86350109,34.410467109999999
90487060,2017,2017-06-26,9760,2017-06-20,1800,018418,,2,2,5,4203,0,1,2,,2,011,"U.S. 101 S/B","MISSION ST",800.00,N,N,A,-,Y,,,,,,,,,,N,4,0,1,2,A,-,03,22350,,N,C,C,A,A,H,-,A,D,0,,,,,Y,,D,22,0,0,1,0,0,0,0,0,0,"- ","- ",34.426639999999999,-119.72645,"SANTA BARBARA","SANTA BARBARA",-119.7229148,34.42605228
90487076,2017,2017-06-26,9760,2017-06-21,1700,017314,,3,2,9,4200,0,1,2,,2,010,"US-101 S/B","S PADARO LANE",2112.00,N,N,A,-,Y,,,101,,,,,,S,N,3,0,1,2,A,-,08,22107,,N,B,C,A,A,H,-,A,D,0,,,Y,,Y,,A,01,0,1,0,0,0,0,0,0,1,"- ","- ",34.41704,-119.58716,"SANTA BARBARA",UNINCORPORATED,-119.58713527,34.417148050000002
90487109,2017,2017-06-26,9760,2017-06-22,1710,020495,,4,2,9,4200,0,1,2,,2,011,"US-101 SOUTHBOUND (EL CAMINO REAL)","OLIVE MILL ROAD",20.00,N,N,A,-,Y,,,101,,,,,,S,N,4,0,1,2,A,-,07,21658,A,F,B,C,A,A,H,-,A,D,0,,,Y,,Y,,A,01,0,0,1,0,0,0,0,0,1,"- ","- ",34.420310000000001,-119.64036,"SANTA BARBARA",UNINCORPORATED,-119.64044219,34.420481160000001
90487236,2017,2017-06-26,9760,2017-06-18,1600,020495,,7,2,9,4200,0,1,2,,2,010,"US-101 NORTHBOUND (EL CAMINO REAL)","EVANS AVENUE",1109.00,N,N,A,-,Y,,,101,,,,,,N,Y,3,0,4,2,A,-,03,22350,,N,C,C,A,A,H,-,A,D,0,,,,,Y,,A,01,0,1,3,0,0,0,0,0,0,"- ","- ",34.420839999999998,-119.60605,"SANTA BARBARA",UNINCORPORATED,-119.6060506,34.420849439999998
90499801,2017,2017-07-13,9760,2017-07-06,1742,020804,,4,2,9,4200,0,1,2,,2,020,"US-101 S/B","PATTERSON AVE",600.00,N,N,A,-,Y,,,,,,,,,,Y,4,0,2,3,A,-,03,22350,,N,C,C,A,A,H,-,A,D,0,,,,,Y,,D,22,0,0,2,0,0,0,0,0,0,"- ","- ",34.440849999999998,-119.81849,"SANTA BARBARA",UNINCORPORATED,-119.80846,34.441809999999997
90499917,2017,2017-07-13,9760,2017-07-06,1505,018431,,4,2,9,4200,0,1,2,,1,040,"US-101 S/B","TAJIGUAS LANDFILL RD.",410.00,S,N,A,-,Y,,,101,,,,,,S,Y,3,0,1,1,A,-,08,22107,,N,E,I,A,A,H,-,A,D,0,,,,,Y,,D,22,0,1,0,0,0,0,0,0,0,"- ","- ",34.472729999999999,-120.12738,"SANTA BARBARA",UNINCORPORATED,-120.1273873,34.47264363
90500115,2017,2017-07-13,9760,2017-07-09,1435,020964,,7,2,9,4200,0,3,5,,2,002,"HOLLISTER AVE","SAN MARCOS ROAD",528.00,W,N,A,-,N,,,,,,,,,,N,4,0,1,2,A,-,07,21658,A,N,B,C,A,A,H,-,A,D,0,,,,,Y,,A,01,0,0,1,0,0,0,0,0,0,"- ","- ",34.43506,-119.79796,"SANTA BARBARA",UNINCORPORATED,-119.79788717,34.435082970000003
90500177,2017,2017-07-13,9760,2017-07-11,0345,020757,,2,3,9,4200,0,1,2,,1,040,"US-101 N/B","MARIPOSA REINA",1700.00,N,N,A,-,Y,,,101,,,,,,N,Y,3,0,1,1,A,-,08,22107,,N,E,J,A,A,H,-,D,D,0,,,,,Y,,D,22,0,1,0,0,0,0,0,0,0,"- ","- ",34.47354,-120.21372,"SANTA BARBARA",UNINCORPORATED,-120.21371975,34.473483880000003
90500351,2017,2017-07-13,9760,2017-02-18,2200,021476,,6,3,9,4200,0,1,2,,2,020,"US-101 N/B TO EL SUENO ROAD","CALLE REAL",55.00,S,N,B,-,Y,,,101,,,,R,,N,Y,1,1,0,1,A,-,03,22350,,N,E,I,A,B,H,-,D,D,0,,,,,Y,,A,08,0,0,0,0,0,0,0,0,0,"- ","- ",34.441279999999999,-119.76929,"SANTA BARBARA",UNINCORPORATED,-119.76929,34.441279999999999
90501175,2017,2017-07-14,9750,2017-07-11,1342,015916,,2,1,9,4200,0,3,5,,2,020,"HARMONY LANE","CLARK AVENUE",0.00,,Y,A,-,N,,,,,,,,,,Y,4,0,1,2,A,-,09,21802,A,N,D,C,A,A,H,-,A,A,0,,,,,Y,,A,01,0,0,1,0,0,0,0,0,0,"- ","- ",34.865110000000001,-120.4061,"SANTA BARBARA",UNINCORPORATED,-120.40607,34.865070070000002
90501642,2017,2017-07-17,9750,2017-07-07,1958,017496,,5,2,5,4204,0,1,2,,2,001,"US-101 S/B","MAIN STREET",5.00,S,N,A,-,Y,,,101,,,,,,S,Y,4,0,3,1,A,-,08,22107,,N,E,I,A,A,H,-,A,D,0,,,,,Y,,A,01,0,0,3,0,0,0,0,0,0,"- ","- ",34.952660000000002,-120.41746000000001,"SANTA BARBARA","SANTA MARIA",-120.41739076,34.952654600000002
90501778,2017,2017-07-17,9750,2017-07-11,0430,015915,,2,3,9,4200,0,2,4,,1,024,"CLARK AVENUE","CHERRY AVENUE",0.00,,Y,A,-,N,,,,,,,,,,N,3,0,1,2,A,-,10,21950,A,F,G,B,D,A,H,-,C,A,0,Y,,,,Y,,A,07,0,1,0,0,1,0,0,0,0,"- ","- ",34.865130000000001,-120.4271,"SANTA BARBARA",UNINCORPORATED,-120.42706990000001,34.865030070000003
90501817,2017,2017-07-17,9755,2017-07-06,1900,017255,,4,2,9,4200,0,1,3,,2,041,"MEADOWVALE RD",SR-246,25.00,N,N,A,-,Y,,,,,,,,,,Y,4,0,1,1,A,-,08,22107,,N,E,I,A,A,H,-,A,D,0,,,,,Y,,A,08,0,0,1,0,0,0,0,0,0,"- ","- ",34.610759999999999,-120.07665,"SANTA BARBARA",UNINCORPORATED,-120.07655941,34.610628650000002
90502590,2017,2017-07-18,9750,2017-07-08,2135,020511,,6,2,9,4200,0,3,5,,2,030,"SANTA MARIA MESA RD","ANDREW AVE",150.00,E,N,A,-,N,,,,,,,,,,Y,4,0,1,2,A,-,05,21460,A,N,D,C,A,A,H,-,D,D,0,,,,,Y,,D,22,0,0,1,0,0,0,0,0,0,"- ","- ",34.893770000000004,-120.31176000000001,"SANTA BARBARA",UNINCORPORATED,-120.31196499000001,34.893731350000003
90502613,2017,2017-07-18,9750,2017-07-11,2000,017616,,2,2,9,4200,0,3,5,,2,020,"FOXENWOOD LN","STANSBURY DR",4.00,S,N,A,-,N,,,,,,,,,,N,4,0,1,2,A,-,01,23152,A,F,C,C,A,A,H,-,B,D,0,,,,,Y,Y,D,22,0,0,1,0,0,0,0,0,0,"- ","- ",34.870060000000002,-120.43715,"SANTA BARBARA",UNINCORPORATED,-120.43691989,34.87001901
90487238,2017,2017-06-26,9760,2017-06-24,1800,020473,,6,2,9,4200,0,1,2,,1,030,"US-101 N/B","101 SB 28.00",2000.00,N,N,A,-,Y,,,101,,,,,,N,N,4,0,1,2,A,-,07,21658,A,N,B,C,A,A,H,-,A,D,0,,,,,Y,,A,07,0,0,1,0,0,0,0,0,0,"- ","- ",34.439140000000002,-119.93293,"SANTA BARBARA",UNINCORPORATED,-119.93292302,34.439200620000001
90487240,2017,2017-06-26,9760,2017-06-18,1735,020495,,7,2,9,4200,0,1,2,,2,010,"US-101 SOUTHBOUND (EL CAMINO REAL)","SANTA YNEZ AVENUE",1245.00,N,N,A,-,Y,,,101,,,,,,S,N,3,0,1,2,A,-,07,21658,A,N,B,C,A,A,H,-,A,D,0,,,Y,,Y,,A,01,0,1,0,0,0,0,0,0,1,"- ","- ",34.403959999999998,-119.53064000000001,"SANTA BARBARA",UNINCORPORATED,-119.5306428,34.403944580000001
90487592,2017,2017-06-26,9755,2017-06-23,0405,020777,,5,3,9,4200,0,1,2,,2,004,"US-101 N/B","GAVIOTA STATE BEACH RD",1500.00,N,N,E,-,Y,,,101,,,,,,N,N,4,0,1,1,A,-,03,22350,,N,E,I,A,B,H,-,D,D,0,,,,,Y,,A,01,0,0,1,0,0,0,0,0,0,"- ","- ",34.482010000000002,-120.23033,"SANTA BARBARA",UNINCORPORATED,-120.23028838,34.482021119999999
90487777,2017,2017-06-26,9755,2017-06-25,2110,021011,,7,2,9,4200,0,1,3,,1,053,"SR-246 W/B","CAMPBELL RD.",0.28,E,N,A,-,N,,,,,,,,,,Y,4,0,1,1,C,-,18,,,N,E,H,A,A,H,-,D,D,0,,,,,Y,,-,"- ",0,0,1,0,0,0,0,0,0,"- ","- ",34.650100000000002,-118.31048,"SANTA BARBARA",UNINCORPORATED,-120.32870923999999,34.662839560000002
90488022,2017,2017-06-26,9760,2017-06-19,1930,020964,,1,2,9,4200,0,3,5,,2,002,"SAN SIMEON ROAD","SAN MARCOS ROAD",0.00,,Y,A,-,N,,,,,,,,,,N,3,0,1,2,A,-,09,21800,B,N,H,G,A,A,H,-,B,D,0,,Y,,,Y,,L,04,0,1,0,0,0,0,1,0,0,"- ","- ",34.439309999999999,-119.79591000000001,"SANTA BARBARA",UNINCORPORATED,-119.79588994,34.439280109999999
90488359,2017,2017-06-27,9750,2017-06-18,0030,019397,,7,3,9,4200,0,1,3,,1,022,"SR-1 N/B","CASMALIA RD",1848.00,S,N,A,-,Y,,,1,,,,,,N,Y,3,0,1,1,A,-,08,22107,,N,E,I,A,A,H,-,D,D,0,,,,,Y,Y,A,01,0,1,0,0,0,0,0,0,0,"- ","- ",34.874180000000003,-120.47696999999999,"SANTA BARBARA",UNINCORPORATED,-120.47698982999999,34.87411573
90488383,2017,2017-06-27,9755,2017-06-20,0525,020202,,2,3,9,4200,0,3,5,,2,050,"OCEAN AVE","FLORADALE AVE",0.00,,Y,A,-,Y,,,,,,,,,,Y,2,0,1,2,A,-,09,21802,A,F,D,C,A,A,H,-,D,A,0,,,Y,,Y,,D,22,1,0,0,0,0,0,0,0,1,"- ","- ",34.639899999999997,-120.4931,"SANTA BARBARA",UNINCORPORATED,-120.49315996,34.63988003
90488526,2017,2017-06-27,9750,2017-06-20,1730,017379,,2,2,9,4200,0,3,5,,2,030,"FOXEN CANYON ROAD","ORCUTT GAREY RD.",5808.00,S,N,A,-,N,,,,,,,,,,Y,3,0,1,1,A,-,03,22350,,N,E,I,A,A,H,-,A,D,0,,,Y,,Y,,C,02,0,1,0,0,0,0,0,0,1,"- ","- ",34.870869999999996,-120.30226,"SANTA BARBARA",UNINCORPORATED,-120.30284782,34.871503830000002
90489044,2017,2017-06-27,9760,2017-06-18,0049,021476,,7,3,9,4200,0,1,3,,1,022,SR-154,"N. SAN MARCOS ROAD",9504.00,E,N,A,-,Y,,,154,,,,,,,Y,2,0,1,1,A,-,01,23152,A,N,E,I,A,A,H,-,D,D,0,,,Y,,Y,Y,C,02,1,0,0,0,0,0,0,0,1,"- ","- ",34.482689999999998,-119.77358,"SANTA BARBARA",UNINCORPORATED,-119.7736072,34.482645830000003
90490401,2017,2017-06-29,9755,2017-06-28,0410,020202,,3,3,9,4200,0,1,3,,1,055,"SB SR-1","FIREFIGHTER RD",3168.00,S,N,A,-,Y,,,1,,,,,,,Y,4,0,1,1,A,-,08,22107,,N,F,A,A,A,H,-,D,D,0,,,,,Y,,D,22,0,0,1,0,0,0,0,0,0,"- ","- ",34.758699999999997,-120.5129,"SANTA BARBARA",UNINCORPORATED,-120.51372098,34.758857310000003
90490449,2017,2017-06-29,9755,2017-06-28,1545,017374,,3,2,9,4200,0,3,5,,2,050,"HARRIS GRADE RD","RUCKER RD",7392.00,N,N,A,-,N,,,,,,,,,,Y,4,0,1,2,A,-,05,21460,A,N,B,C,A,A,H,-,A,A,0,,,,,Y,,A,01,0,0,1,0,0,0,0,0,0,"- ","- ",34.739789999999999,-120.43762,"SANTA BARBARA",UNINCORPORATED,-120.44158836,34.728100480000002
90503022,2017,2017-07-18,9750,2017-07-13,1830,018616,,4,2,9,4200,0,1,3,,1,021,"SR-135 S/B","RICE RANCH RD",1584.00,S,N,A,-,Y,,,135,,,,,,S,Y,4,0,1,1,A,-,08,22107,,N,E,I,A,A,H,-,A,D,0,,,,,Y,,A,07,0,0,1,0,0,0,0,0,0,"- ","- ",34.858199999999997,-120.44356999999999,"SANTA BARBARA",UNINCORPORATED,-120.4435701,34.858172410000002
90503376,2017,2017-07-19,9760,2017-07-11,1410,021018,,2,2,9,4200,0,1,2,,2,010,"US-101 NORTHBOUND","PADARO LN",20.00,N,N,A,-,Y,,,101,,,,,,N,Y,4,0,1,1,A,-,08,22107,,N,E,I,A,A,H,-,A,D,0,,,,,Y,,A,07,0,0,1,0,0,0,0,0,0,"- ","- ",34.41675,-119.58283,"SANTA BARBARA",UNINCORPORATED,-119.58283339,34.416721279999997
90503642,2017,2017-07-19,9750,2017-07-16,1005,015915,,7,1,9,4200,0,1,3,,1,062,"SR-166 E/B","PINE CANYON ROAD",5755.00,E,N,A,-,Y,,,166,,,,,,E,Y,3,0,1,1,A,-,08,22107,,N,E,I,A,A,H,-,A,D,0,,,,,Y,,A,01,0,1,0,0,0,0,0,0,0,"- ","- ",35.036879999999996,-120.18197000000001,"SANTA BARBARA",UNINCORPORATED,-120.18201155,35.03693148
90504338,2017,2017-07-20,9760,2017-07-15,2300,017314,,6,3,9,4200,0,3,5,,2,005,"DEL PLAYA DRIVE","CAMINO DEL SUR",140.00,E,N,B,-,N,,,,,,,,,,N,4,0,1,2,D,-,00,,,F,G,B,E,A,H,-,C,D,0,Y,Y,,,Y,,-,"- ",0,0,1,0,1,0,0,0,0,"- ","- ",34.40981,-119.8622,"SANTA BARBARA",UNINCORPORATED,-119.86212616,34.409768589999999
90505402,2017,2017-07-21,9760,2017-03-02,2350,021476,,4,3,5,4203,0,1,2,,2,011,"US-101 SOUTHBOUND","MICHELTORENA STREET",311.00,N,N,A,-,Y,,,101,,,,,,S,Y,1,1,0,2,A,-,03,22350,,N,C,C,A,A,H,-,D,D,0,,,,Y,Y,,A,01,0,0,0,0,0,0,0,0,0,"- ","- ",34.418520000000001,-119.71091,"SANTA BARBARA","SANTA BARBARA",-119.71091002,34.418519969999998
90506056,2017,2017-07-24,9760,2017-02-17,2255,020226,,5,3,9,4200,0,1,2,,2,010,"US-101 SOUTHBOUND TO SOUTH PARDARO LANE","SOUTH PADARO LANE",1035.00,N,N,C,-,Y,,,101,,,,R,,S,Y,1,1,1,1,A,-,01,23152,A,N,E,I,A,B,H,-,C,D,0,,,,,Y,Y,A,01,0,1,0,0,0,0,0,0,0,"- ","- ",34.412649999999999,-119.55583,"SANTA BARBARA",UNINCORPORATED,-119.55583,34.412649999999999
90506158,2017,2017-07-24,9760,2017-07-16,0430,021294,,7,3,9,4200,0,1,2,,1,040,"US-101 S/B (EL CAMINO REAL)","DOS PUEBLOS CANYON RD",1925.00,N,N,A,-,Y,,,101,,,,,,S,Y,3,0,1,1,A,-,08,22107,,N,F,A,A,A,H,-,D,D,0,,,,,Y,,A,07,0,1,0,0,0,0,0,0,0,"- ","- ",34.451450000000001,-119.96442999999999,"SANTA BARBARA",UNINCORPORATED,-119.96449882,34.451360409999999
90507906,2017,2017-07-25,9760,2017-07-18,2244,020226,,2,3,5,4203,0,1,2,,2,011,"US-101 NORTHBOUND","GARDEN STREET",1100.00,N,N,A,-,Y,,,101,,,,,,N,Y,3,0,1,1,A,-,08,22107,,N,F,A,A,A,H,-,C,D,0,,,,,Y,,A,07,0,1,0,0,0,0,0,0,0,"- ","- ",34.415840000000003,-119.69244,"SANTA BARBARA","SANTA BARBARA",-119.69247699,34.415878759999998
90509622,2017,2017-07-27,9760,2017-07-20,1010,019464,,4,1,3,4205,0,1,2,,2,010,"US-101 NORTHBOUND","SANTA YNEZ AVENUE",100.00,N,N,A,-,Y,,,101,,,,,,N,N,4,0,2,2,A,-,03,22350,,N,C,C,A,A,H,-,A,D,0,,,,,Y,,A,07,0,0,2,0,0,0,0,0,0,"- ","- ",34.403530000000003,-119.52723,"SANTA BARBARA",CARPINTERIA,-119.52723426,34.40350754
90509693,2017,2017-07-27,9760,2017-07-21,2000,020483,,5,2,5,4203,0,1,2,,2,020,"US 101 S/B","STATE ST.",1500.00,S,N,A,-,Y,,,,,,,,,,Y,4,0,1,3,A,-,03,22350,,M,C,C,A,A,H,-,B,D,0,,,,,Y,,A,01,0,0,1,0,0,0,0,0,0,"- ","- ",34.439210000000003,-119.75452,"SANTA BARBARA","SANTA BARBARA",-119.75561,34.440150000000003
90509835,2017,2017-07-27,9760,2017-07-21,2055,020528,,5,2,9,4200,0,3,5,,2,005,"EMBARCADERO DEL MAR","MADRID RD",70.00,N,N,A,-,N,,,,,,,,,,N,4,0,1,2,A,-,11,21954,A,N,G,B,E,A,H,-,C,D,0,Y,,,,Y,,N,60,0,0,1,0,1,0,0,0,0,"- ","- ",34.412700000000001,-119.85709,"SANTA BARBARA",UNINCORPORATED,-119.85703085,34.41265207