CASE_ID,ACCIDENT_YEAR,PROC_DATE,JURIS,COLLISION_DATE,COLLISION_TIME,OFFICER_ID,REPORTING_DISTRICT,DAY_OF_WEEK,CHP_SHIFT,POPULATION,CNTY_CITY_LOC,SPECIAL_COND,BEAT_TYPE,CHP_BEAT_TYPE,CITY_DIVISION_LAPD,CHP_BEAT_CLASS,BEAT_NUMBER,PRIMARY_RD,SECONDARY_RD,DISTANCE,DIRECTION,INTERSECTION,WEATHER_1,WEATHER_2,STATE_HWY_IND,CALTRANS_COUNTY,CALTRANS_DISTRICT,STATE_ROUTE,ROUTE_SUFFIX,POSTMILE_PREFIX,POSTMILE,LOCATION_TYPE,RAMP_INTERSECTION,SIDE_OF_HWY,TOW_AWAY,COLLISION_SEVERITY,NUMBER_KILLED,NUMBER_INJURED,PARTY_COUNT,PRIMARY_COLL_FACTOR,PCF_CODE_OF_VIOL,PCF_VIOL_CATEGORY,PCF_VIOLATION,PCF_VIOL_SUBSECTION,HIT_AND_RUN,TYPE_OF_COLLISION,MVIW,PED_ACTION,ROAD_SURFACE,ROAD_COND_1,ROAD_COND_2,LIGHTING,CONTROL_DEVICE,CHP_ROAD_TYPE,PEDESTRIAN_ACCIDENT,BICYCLE_ACCIDENT,MOTORCYCLE_ACCIDENT,TRUCK_ACCIDENT,NOT_PRIVATE_PROPERTY,ALCOHOL_INVOLVED,STWD_VEHTYPE_AT_FAULT,CHP_VEHTYPE_AT_FAULT,COUNT_SEVERE_INJ,COUNT_VISIBLE_INJ,COUNT_COMPLAINT_PAIN,COUNT_PED_KILLED,COUNT_PED_INJURED,COUNT_BICYCLIST_KILLED,COUNT_BICYCLIST_INJURED,COUNT_MC_KILLED,COUNT_MC_INJURED,PRIMARY_RAMP,SECONDARY_RAMP,LATITUDE,LONGITUDE,COUNTY,CITY,POINT_X,POINT_Y
90491217,2017,2017-06-30,9760,2017-06-25,2000,021431,,7,2,9,4200,0,2,4,,2,026,"CATHEDRAL OAKS RD","CAMINO DEL RIO",900.00,W,N,A,-,N,,,,,,,,,,Y,3,0,1,1,A,-,01,23152,A,N,F,A,A,A,H,-,B,D,0,,,,,Y,Y,A,07,0,1,0,0,0,0,0,0,0,"- ","- ",34.453069999999997,-119.7825,"SANTA BARBARA",UNINCORPORATED,-119.78230573,34.453073570000001
90491283,2017,2017-06-30,9755,2017-06-10,1338,017378,,6,1,9,4200,0,1,3,,1,042,"RT 154","ST. FRANCIS RANCH",300.00,E,N,A,-,Y,,,154,,,,,,,Y,2,0,1,1,A,-,08,22107,,N,F,A,A,A,H,-,A,D,0,,,Y,,Y,,C,02,1,0,0,0,0,0,0,0,1,"- ","- ",34.561489999999999,-119.92343,"SANTA BARBARA",UNINCORPORATED,-119.92343592,34.561544429999998
90491469,2017,2017-06-30,9755,2017-06-29,1645,012436,,4,2,9,4200,0,1,3,,2,041,SR-246,"REFUGIO RD",300.00,E,N,A,-,Y,,,246,,,,,,,Y,4,0,1,2,A,-,04,21703,,N,C,C,A,A,H,-,A,A,0,,,,,Y,,A,07,0,0,1,0,0,0,0,0,0,"- ","- ",34.606670000000001,-120.09687,"SANTA BARBARA",UNINCORPORATED,-120.09687056,34.606598140000003
90491556,2017,2017-06-30,9750,2017-06-23,0536,014820,,5,3,5,4204,0,1,2,,2,001,"US-101 S/B","BETTERAVIA RD",787.00,N,N,A,-,Y,,,101,,,,,,S,Y,3,0,2,3,A,-,07,21658,A,N,C,C,A,A,H,-,B,D,0,,,,,Y,,D,22,0,1,1,0,0,0,0,0,0,"- ","- ",34.926639999999999,-120.41803,"SANTA BARBARA","SANTA MARIA",-120.41799648999999,34.926639610000002
90491841,2017,2017-06-30,9750,2017-06-02,0810,016874,,5,1,9,4200,0,2,4,,1,024,"WOODMERE ROAD","BRADLEY ROAD",0.00,,Y,A,-,N,,,,,,,,,,N,3,0,1,2,A,-,10,21950,A,N,G,B,B,A,H,-,A,A,0,Y,,,,Y,,D,22,0,1,0,0,1,0,0,0,0,"- ","- ",34.876370000000001,-120.41853,"SANTA BARBARA",UNINCORPORATED,-120.41874994,34.876350010000003
90492390,2017,2017-07-03,9760,2017-06-21,1528,018418,,3,2,5,4203,0,1,2,,2,011,"U.S. 101 S/B","MISSION ST",800.00,N,N,A,-,Y,,,,,,,,,,Y,4,0,2,4,A,-,03,22350,,N,C,C,A,A,H,-,A,D,0,,,,,Y,,D,22,0,0,2,0,0,0,0,0,0,"- ","- ",34.426110000000001,-119.72304,"SANTA BARBARA","SANTA BARBARA",-119.7229148,34.42605228
90492415,2017,2017-07-03,9760,2017-06-25,1240,020964,,7,1,9,4200,0,1,2,,2,020,"US-101 N/B","LAS POSITAS RD",470.00,N,N,A,-,Y,,,101,,,,,,N,Y,3,0,1,1,A,-,08,22107,,N,F,A,A,A,H,-,A,D,0,,,,,Y,,A,01,0,1,0,0,0,0,0,0,0,"- ","- ",34.428319999999999,-119.73535,"SANTA BARBARA",UNINCORPORATED,-119.73535596000001,34.428227939999999
90492499,2017,2017-07-03,9750,2017-06-26,0650,014358,,1,1,9,4200,0,1,2,,2,001,"US 101 NORTHBOUND","BETTERAVIA RD",3696.00,S,N,A,-,Y,,,,,,,,,,Y,4,0,1,1,A,-,08,22107,,N,E,I,A,A,H,-,A,D,0,,,,,Y,,A,01,0,0,1,0,0,0,0,0,0,"- ","- ",34.910260000000001,-120.41784,"SANTA BARBARA",UNINCORPORATED,-120.41781,34.92351
90492641,2017,2017-07-03,9755,2017-07-02,0914,016988,,7,1,9,4200,0,1,3,,1,051,SR-1,"US-101 S/B",22704.00,N,N,B,-,Y,,,1,,,,,,,Y,4,0,1,1,C,-,18,,,N,H,H,A,A,H,-,A,D,0,,,,,Y,,-,"- ",0,0,1,0,0,0,0,0,0,"- ","- ",34.521990000000002,-120.30718,"SANTA BARBARA",UNINCORPORATED,-120.30719013,34.522020589999997
90492663,2017,2017-07-03,9750,2017-06-25,1455,017379,,7,2,5,4204,0,1,2,,2,001,"US-101 S/B TO BROADWAY (SR-135)","BROADWAY (SR-135)",282.00,N,N,A,-,Y,,,101,,,,R,,S,Y,3,0,1,1,A,-,01,23152,A,N,E,I,A,A,H,-,A,D,0,,,Y,,Y,Y,C,02,0,1,0,0,0,0,0,0,1,"- ","- ",34.981850000000001,-120.43214,"SANTA BARBARA","SANTA MARIA",-120.43214,34.981850000000001
90493177,2017,2017-07-03,9760,2017-06-25,1230,021300,,7,1,9,4200,0,1,3,,1,022,"SR-154 E/B","MARIA YGNACIA LN",4963.00,W,N,A,-,Y,,,154,,,,,,E,N,4,0,1,2,A,-,03,22350,,N,C,C,A,A,H,-,A,D,0,,,Y,,Y,,C,02,0,0,1,0,0,0,0,0,1,"- ","- ",34.483640000000001,-119.77591,"SANTA BARBARA",UNINCORPORATED,-119.77590922,34.483642740000001
90448335,2017,2017-05-03,9750,2017-04-26,1740,020511,,3,2,9,4200,0,1,2,,2,002,"US-101 N/B (EL CAMINO REAL)","CAT CANYON RD",7920.00,N,N,A,-,Y,,,101,,,,,,N,Y,3,0,2,2,A,-,03,22350,,N,C,C,A,A,H,-,A,D,0,,,,,Y,,D,22,0,2,0,0,0,0,0,0,0,"- ","- ",34.770789999999998,-120.30703,"SANTA BARBARA",UNINCORPORATED,-120.30702831000001,34.770791269999997
90449260,2017,2017-05-04,9760,2017-04-25,1255,019831,,2,1,9,4200,0,1,2,,2,020,"US-101 NB (EL CAMINO REAL)","TURNPIKE ROAD",384.00,N,N,A,-,Y,,,101,,,,,,N,N,4,0,2,2,A,-,07,21658,A,N,B,C,A,A,H,-,A,D,0,,,,Y,Y,,G,27,0,0,2,0,0,0,0,0,0,"- ","- ",34.441850000000002,-119.79474,"SANTA BARBARA",UNINCORPORATED,-119.79473974,34.44184431
90515010,2017,2017-08-02,9760,2017-08-01,0951,014690,,2,1,5,4203,0,1,2,,2,011,"US-101 N/B","N. CALLE CESAR CHAVEZ",100.00,S,N,B,-,Y,,,101,,,,,,N,Y,4,0,1,3,A,-,03,22350,,N,C,C,A,A,H,-,A,D,0,,,,,Y,,A,01,0,0,1,0,0,0,0,0,0,"- ","- ",34.419910000000002,-119.68401,"SANTA BARBARA","SANTA BARBARA",-119.68400173000001,34.419824269999999
90515084,2017,2017-08-02,9760,2017-07-30,1750,021018,,7,2,5,4203,0,1,2,,2,011,"US-101 SOUTHBOUND","MILPAS ST",500.00,S,N,A,-,Y,,,101,,,,,,S,Y,4,0,1,3,A,-,03,22350,,N,C,C,A,A,C,-,A,D,0,,,,,Y,,A,07,0,0,1,0,0,0,0,0,0,"- ","- ",34.420009999999998,-119.67502,"SANTA BARBARA","SANTA BARBARA",-119.67497907000001,34.420158100000002
90515101,2017,2017-08-02,9760,2017-07-30,1850,020964,,7,2,5,4203,0,1,2,,2,011,"US-101 S/B","HOT SPRINGS RD",1056.00,S,N,A,-,Y,,,101,,,,,,S,Y,4,0,1,2,A,-,03,22350,,N,C,C,A,A,H,-,B,D,0,,,,,Y,,A,01,0,0,1,0,0,0,0,0,0,"- ","- ",34.420830000000002,-119.64891,"SANTA BARBARA","SANTA BARBARA",-119.64891312,34.420818019999999
90515161,2017,2017-08-02,9760,2017-07-31,1120,019831,,1,1,9,4200,0,1,2,,2,020,"US-101 NB TO EL SUENO ROAD","EL SUENO ROAD",35.00,S,N,A,-,Y,,,101,,,,R,,N,Y,4,0,1,1,A,-,03,22350,,N,E,I,A,A,H,-,A,D,0,,,,,Y,,A,01,0,0,1,0,0,0,0,0,0,"- ","- ",34.441310000000001,-119.7693,"SANTA BARBARA",UNINCORPORATED,-119.7693,34.441310000000001
90516292,2017,2017-08-03,9750,2017-07-31,1846,015916,,1,2,9,4200,0,3,5,,2,020,"MAIN STREET","AUGUSTA STREET",0.00,,Y,A,-,N,,,,,,,,,,Y,4,0,1,2,D,-,00,,,N,D,C,A,A,H,-,A,A,0,,,,,Y,,-,"- ",0,0,1,0,0,0,0,0,0,"- ","- ",34.742429999999999,-120.27612000000001,"SANTA BARBARA",UNINCORPORATED,-120.27607999,34.742480020000002
90516303,2017,2017-08-09,9750,2017-08-01,2003,017616,,2,2,9,4200,0,3,5,,2,030,"CLARK AVE","TELEPHONE RD",0.00,,Y,A,-,N,,,,,,,,,,Y,4,0,1,2,A,-,09,21801,A,N,D,C,A,A,H,-,B,D,0,,,,,Y,,D,22,0,0,1,0,0,0,0,0,0,"- ","- ",34.865409999999997,-120.38325,"SANTA BARBARA",UNINCORPORATED,-120.38319998999999,34.865330059999998
90516316,2017,2017-08-03,9750,2017-07-29,0850,013267,,6,1,9,4200,0,2,4,,1,024,"WOODMERE ROAD","BRADLEY ROAD",0.00,,Y,A,-,N,,,,,,,,,,Y,4,0,3,3,A,-,09,21802,A,N,D,C,A,A,H,-,A,A,0,,,,,Y,,D,22,0,0,3,0,0,0,0,0,0,"- ","- ",34.876280000000001,-120.41867000000001,"SANTA BARBARA",UNINCORPORATED,-120.41874994,34.876350010000003
90516922,2017,2017-08-04,9755,2017-08-03,1600,016058,,4,2,9,4200,0,3,5,,2,040,"BALLARD CANYON RD",SR-246,14256.00,N,N,B,-,N,,,,,,,,,,Y,2,0,1,1,A,-,08,22107,,N,F,A,A,A,H,-,A,D,0,,,,,Y,,D,22,1,0,0,0,0,0,0,0,0,"- ","- ",34.621949999999998,-120.14919,"SANTA BARBARA",UNINCORPORATED,-120.16401999999999,34.611600000000003
90517644,2017,2017-08-07,9750,2017-07-03,1850,017616,,1,2,9,4200,0,3,5,,2,010,"BROWN RD",SR-1,192.00,E,N,A,-,N,,,,,,,,,,Y,1,2,0,2,A,-,01,23152,A,N,C,C,A,A,H,-,A,D,0,,,,Y,Y,Y,A,01,0,0,0,0,0,0,0,0,0,"- ","- ",34.932690000000001,-120.56764,"SANTA BARBARA",UNINCORPORATED,-120.56772577,34.93261304
90509859,2017,2017-07-27,9760,2017-07-22,1559,020965,,6,2,4,4214,0,1,2,,2,020,"US-101 S/B","PATTERSON AVE",2640.00,N,N,A,-,Y,,,101,,,,,,S,Y,4,0,4,2,A,-,03,22350,,N,C,C,A,A,H,-,A,D,0,,,,,Y,,A,08,0,0,4,0,0,0,0,0,0,"- ","- ",34.44014,-119.81846,"SANTA BARBARA",GOLETA,-119.8185178,34.440723720000001
90509917,2017,2017-07-27,9760,2017-07-25,0050,021503,,2,3,9,4200,0,1,2,,2,020,"US-101 N/B","TURNPIKE ROAD",3696.00,S,N,A,-,Y,,,101,,,,,,N,Y,4,0,1,1,A,-,08,22107,,N,E,I,A,A,H,-,D,D,0,,,,,Y,,A,07,0,0,1,0,0,0,0,0,0,"- ","- ",34.442230000000002,-119.77661000000001,"SANTA BARBARA",UNINCORPORATED,-119.77661603,34.442148930000002
90511617,2017,2017-07-28,9760,2017-07-21,1215,16739,,5,1,4,4214,0,1,2,,1,030,"US-101 N/B (EL CAMINO REAL)","CATHEDRAL OAKS RD",3168.00,S,N,A,-,Y,,,101,,,,,,N,Y,4,0,1,3,A,-,07,21658,A,N,B,C,A,A,H,-,A,D,0,,,,Y,Y,,G,25,0,0,1,0,0,0,0,0,0,"- ","- ",34.432429999999997,-119.89588000000001,"SANTA BARBARA",GOLETA,-119.89588075,34.432495400000001
90534074,2017,2017-08-25,9750,2017-08-18,2137,017709,,5,2,9,4200,0,3,5,,2,020,"BLACK ROAD","SANDALWOOD DR",282.00,N,N,A,-,N,,,,,,,,,,Y,4,0,1,1,A,-,08,22107,,N,E,I,A,A,H,-,D,D,0,,,,,Y,,A,07,0,0,1,0,0,0,0,0,0,"- ","- ",34.897579999999998,-120.49038,"SANTA BARBARA",UNINCORPORATED,-120.49045111,34.89728444
90534407,2017,2017-08-25,9750,2017-08-22,1252,015916,,2,1,9,4200,0,2,4,,1,024,"ORCUTT ROAD","LAKEVIEW ROAD",0.00,,Y,A,-,Y,,,,,,,,,,Y,4,0,1,2,A,-,09,21802,A,N,D,C,A,A,H,-,A,A,0,,,,,Y,,A,01,0,0,1,0,0,0,0,0,0,"- ","- ",34.894489999999998,-120.43613000000001,"SANTA BARBARA",UNINCORPORATED,-120.43608986,34.894520100000001
90534967,2017,2017-08-28,9750,2017-08-21,1150,016170,,1,1,5,4204,0,1,2,,2,001,"US-101 N/B","ALVIN ST",220.00,S,N,A,-,Y,,,,,,,,,,Y,4,0,1,3,A,-,17,23114,A,N,C,C,A,A,H,-,A,D,0,,,,,Y,,A,01,0,0,1,0,0,0,0,0,0,"- ","- ",34.959009999999999,-120.41667,"SANTA BARBARA","SANTA MARIA",-120.41818618000001,34.959723019999998
90535120,2017,2017-08-28,9750,2017-08-12,0300,020510,,6,3,9,4200,0,1,3,,1,023,"SR-135 N/B","GRACIOSA RD",7392.00,N,N,A,-,Y,,,135,,,,,,N,Y,3,0,1,1,A,-,08,22107,,N,F,A,A,A,H,-,D,D,0,,,,,Y,,A,01,0,1,0,0,0,0,0,0,0,"- ","- ",34.791530000000002,-120.43787,"SANTA BARBARA",UNINCORPORATED,-120.43787325,34.791528360000001
90535258,2017,2017-08-28,9750,2017-06-19,0420,020511,,1,3,9,4200,0,1,3,,1,011,"SR-166 W/B","BONITA SCHOOL RD",1162.00,W,N,A,-,Y,,,166,,,,,,W,Y,1,1,0,2,A,-,03,22350,,N,C,C,A,A,H,-,D,D,0,,,,Y,Y,,A,01,0,0,0,0,0,0,0,0,0,"- ","- ",34.957520000000002,-120.51285,"SANTA BARBARA",UNINCORPORATED,-120.51285733,34.957453909999998
90535407,2017,2017-08-28,9760,2017-08-18,1205,021294,,5,1,9,4200,0,1,2,,1,040,"US-101 S/B","ARROYO HONDO CREEK  ROAD",1900.00,N,N,A,-,Y,,,101,,,,,,S,Y,4,0,1,2,A,-,01,23152,F,N,C,C,A,A,H,-,A,D,0,,,,,Y,,A,01,0,0,1,0,0,0,0,0,0,"- ","- ",34.474209999999999,-120.14854,"SANTA BARBARA",UNINCORPORATED,-120.14854034,34.474251459999998
90535917,2017,2017-08-29,9760,2017-08-20,1120,020495,,7,1,9,4200,0,1,2,,2,010,"US-101 SOUTHBOUND (EL CAMINO REAL)","S. PADARO LANE",500.00,N,N,A,-,Y,,,101,,,,,,S,N,4,0,5,3,A,-,03,22350,,N,C,C,A,A,H,-,A,D,0,,,,,Y,,D,22,0,0,5,0,0,0,0,0,0,"- ","- ",34.411090000000002,-119.55355,"SANTA BARBARA",UNINCORPORATED,-119.55355177,34.411087539999997
90536042,2017,2017-08-29,9755,2017-08-24,1835,021011,,4,2,9,4200,0,1,3,,1,042,"RT 154","LIVE OAK RD",870.00,W,N,A,-,N,,,154,,,,,,,Y,3,0,1,2,A,-,01,23152,A,N,C,C,A,A,H,-,B,D,0,,,,,Y,Y,A,07,0,1,0,0,0,0,0,0,0,"- ","- ",34.54589,-119.88082,"SANTA BARBARA",UNINCORPORATED,-119.88080936999999,34.545927040000002
90518593,2017,2017-08-08,9755,2017-07-19,2125,020777,,3,2,9,4200,0,1,3,,1,053,"HIGHWAY 246 E/B","DOMINGOS ROAD",4752.00,E,N,A,-,Y,,,,,,,,,,Y,1,1,0,1,A,-,08,22107,,N,E,I,A,A,D,-,D,D,0,,,,,Y,,A,07,0,0,0,0,0,0,0,0,0,"- ","- ",34.623899999999999,-120.26375,"SANTA BARBARA",UNINCORPORATED,-120.26374127,34.62395592
90518901,2017,2017-08-08,9755,2017-08-04,1530,016058,,5,2,9,4200,0,1,3,,1,055,"SR-1 S/B","TIMBER LN",5280.00,S,N,A,-,Y,,,1,,,,,,S,Y,4,0,1,1,A,-,08,22107,,N,E,I,A,A,H,-,A,D,0,,,,,Y,,D,22,0,0,1,0,0,0,0,0,0,"- ","- ",34.739570000000001,-120.50971,"SANTA BARBARA",UNINCORPORATED,-120.50969397999999,34.739585689999998
90519170,2017,2017-08-08,9755,2017-07-18,1728,018514,,2,2,9,4200,0,1,2,,2,004,"CHALK HILL RD","MESA VISTA RD.",855.00,S,N,A,-,N,,,,,,,,,,Y,3,0,1,1,A,-,08,22107,,N,E,I,A,A,H,-,A,D,0,,,,,Y,,A,07,0,1,0,0,0,0,0,0,0,"- ","- ",34.605229999999999,-120.14811,"SANTA BARBARA",UNINCORPORATED,-120.14863596000001,34.605723619999999
90519673,2017,2017-08-09,9760,2017-07-28,1700,021300,,5,2,5,4203,0,1,2,,2,011,"US-101 S/B","ARRELLAGA ST",260.00,S,N,A,-,Y,,,101,,,,,,S,Y,4,0,3,3,A,-,03,22350,,N,C,C,A,A,H,-,A,D,0,,,,,Y,,A,01,0,0,3,0,0,0,0,0,0,"- ","- ",34.421080000000003,-119.71442,"SANTA BARBARA","SANTA BARBARA",-119.71441124,34.421091779999998
90519707,2017,2017-08-09,9760,2017-07-30,1630,021018,,7,2,5,4203,0,1,2,,2,011,"US-101 SOUTHBOUND","OLIVE MILL RD",1000.00,N,N,A,-,Y,,,101,,,,,,S,Y,3,0,1,2,A,-,03,22350,,N,C,C,A,A,H,-,A,D,0,,,,,Y,,A,01,0,1,0,0,0,0,0,0,0,"- ","- ",34.41977,-119.64478,"SANTA BARBARA","SANTA BARBARA",-119.64478106999999,34.41976141
90520624,2017,2017-08-10,9750,2017-08-10,0815,016874,,4,1,9,4200,0,3,5,,2,020,"BERRYWOOD DRIVE","STRATFORD STREET",168.00,N,N,B,-,N,,,,,,,,,,Y,4,0,1,2,A,-,08,22107,,N,C,E,A,A,H,-,A,D,0,,,,,Y,,D,22,0,0,1,0,0,0,0,0,0,"- ","- ",34.885829999999999,-120.42353,"SANTA BARBARA",UNINCORPORATED,-120.42354322,34.885891409999999
90520788,2017,2017-08-10,9760,2017-08-02,0804,018418,,3,1,9,4200,0,1,2,,2,010,"U.S. 101 N/B","N. PADARO LANE",1200.00,S,N,A,-,Y,,,,,,,,,,N,4,0,1,2,A,-,03,22350,,M,C,C,A,A,H,-,A,D,0,,,,,Y,,A,01,0,0,1,0,0,0,0,0,0,"- ","- ",34.415649999999999,-119.57523,"SANTA BARBARA",UNINCORPORATED,-119.57877601,34.415909020000001
90521286,2017,2017-08-11,9760,2017-08-04,1745,021300,,5,2,5,4203,0,1,2,,2,011,"US-101 S/B","OLIVE MILL RD",2420.00,N,N,A,-,Y,,,101,,,,,,S,Y,3,0,1,2,A,-,17,21658,,N,B,C,A,A,H,-,A,D,0,,,Y,,Y,,A,01,0,1,0,0,0,0,0,0,1,"- ","- ",34.42062,-119.64803000000001,"SANTA BARBARA","SANTA BARBARA",-119.64803826000001,34.420588760000001
90521342,2017,2017-08-11,9755,2017-08-07,2145,020323,,1,2,9,4200,0,1,3,,1,042,SR-154,"LAKEVIEW RD",3066.00,E,N,A,-,Y,,,154,,,,,,,N,4,0,2,2,A,-,03,22350,,N,C,C,A,A,D,-,D,D,0,,,,,Y,,A,07,0,0,2,0,0,0,0,0,0,"- ","- ",34.568049999999999,-119.95195,"SANTA BARBARA",UNINCORPORATED,-119.95197502000001,34.567995600000003
90521387,2017,2017-08-11,9760,2017-08-05,1000,020495,,6,1,9,4200,0,3,5,,2,001,"GIBRALTAR ROAD","EL CIELITO ROAD",16896.00,N,N,A,-,N,,,,,,,,,,N,2,0,2,2,C,-,18,,,N,F,A,A,A,H,-,A,D,0,,Y,,,Y,,-,"- ",1,1,0,0,0,0,2,0,0,"- ","- ",34.496110000000002,-119.69911999999999,"SANTA BARBARA",UNINCORPORATED,-119.67538636,34.4679407
90521518,2017,2017-08-11,9760,2017-08-10,0820,020495,,4,1,4,4214,0,1,2,,2,020,"US-101 NORTHBOUND (EL CAMINO REAL)","PATTERSON AVENUE",1450.00,S,N,A,-,Y,,,101,,,,,,N,Y,4,0,1,3,A,-,03,22350,,N,C,C,A,A,H,-,A,D,0,,,,,Y,,A,01,0,0,1,0,0,0,0,0,0,"- ","- ",34.441670000000002,-119.80355,"SANTA BARBARA",GOLETA,-119.80355144000001,34.441604069999997
90493603,2017,2017-07-04,9750,2017-06-27,1810,017616,,2,2,9,4200,0,2,4,,1,024,"BRADLEY RD","PATTERSON RD",20.00,N,N,A,-,N,,,,,,,,,,N,4,0,1,2,A,-,03,22350,,N,C,C,A,A,H,-,A,A,0,,,,,Y,,D,22,0,0,1,0,0,0,0,0,0,"- ","- ",34.868589999999998,-120.41876000000001,"SANTA BARBARA",UNINCORPORATED,-120.41879881,34.868624920000002
90493751,2017,2017-07-05,9760,2017-06-26,1655,021300,,1,2,5,4203,0,1,2,,2,011,"US-101 S/B","LOS PATOS WAY",1160.00,N,N,A,-,Y,,,101,,,,,,S,Y,3,0,1,1,A,-,08,22107,,N,F,A,A,A,H,-,A,D,0,,,Y,,Y,,C,02,0,1,0,0,0,0,0,0,1,"- ","- ",34.421990000000001,-119.66332,"SANTA BARBARA","SANTA BARBARA",-119.66332765,34.422016249999999
90493782,2017,2017-07-05,9760,2017-06-27,2315,020757,,2,3,9,4200,0,3,5,,2,005,"EL EMBARCADERO ROAD","EL NIDO LANE",100.00,N,N,A,-,N,,,,,,,,,,N,4,0,1,2,A,-,03,22350,,N,C,C,A,D,H,-,C,D,0,,,Y,,Y,,C,02,0,0,1,0,0,0,0,0,1,"- ","- ",34.410159999999998,-119.85629,"SANTA BARBARA",UNINCORPORATED,-119.85624,34.410044599999999
90493879,2017,2017-07-05,9750,2017-07-01,1110,016874,,6,1,9,4200,0,1,3,,1,022,"SR-1 N/B","CALL BOX 1-SB-366",150.00,S,N,A,-,Y,,,1,,,,,,N,Y,4,0,1,1,A,-,08,22107,,N,E,I,A,A,H,-,A,D,0,,,,,Y,,A,01,0,0,1,0,0,0,0,0,0,"- ","- ",34.804630000000003,-120.44454,"SANTA BARBARA",UNINCORPORATED,-120.4446052,34.804596359999998
90493957,2017,2017-07-05,9750,2017-06-30,1450,019656,,5,2,9,4200,1,2,4,,1,024,"UNION VALLEY PKY","ORCUTT RD",0.00,,Y,A,-,N,,,,,,,,,,Y,4,0,1,2,A,-,12,21453,A,N,D,C,A,A,H,-,A,A,0,,,,,Y,,A,01,0,0,1,0,0,0,0,0,0,"- ","- ",34.8795,-120.43501000000001,"SANTA BARBARA",UNINCORPORATED,-120.43504987,34.879519999999999
90494451,2017,2017-07-05,9755,2017-07-05,0550,016058,,3,3,9,4200,0,1,3,,1,051,SR-1,"JALAMA BEACH RD",4224.00,S,N,B,-,Y,,,1,,,,,,,Y,4,0,2,3,A,-,05,21460,C,F,C,C,A,A,H,-,B,D,0,,,,,Y,,A,01,0,0,2,0,0,0,0,0,0,"- ","- ",34.58464,-120.39919,"SANTA BARBARA",UNINCORPORATED,-120.39920164999999,34.584703650000002
90494523,2017,2017-07-05,9755,2017-07-04,1318,015281,,2,1,9,4200,0,1,3,,2,041,"RT 246","BALLARD CANYON RD",3696.00,E,N,A,-,N,,,246,,,,,,,Y,4,0,1,3,A,-,03,22350,,N,C,C,A,A,H,-,A,D,0,,,,,Y,,A,01,0,0,1,0,0,0,0,0,0,"- ","- ",34.601950000000002,-120.16586,"SANTA BARBARA",UNINCORPORATED,-120.16589198,34.601878839999998
90495352,2017,2017-07-06,9760,2017-06-28,0845,16739,,3,1,9,4200,0,3,5,,2,002,"NUECES DR","NOGAL DR",0.00,,Y,A,-,N,,,,,,,,,,N,2,0,1,2,A,-,12,22450,A,N,H,G,A,A,H,-,A,A,0,,Y,,,Y,,L,04,1,0,0,0,0,0,1,0,0,"- ","- ",34.436430000000001,-119.77108,"SANTA BARBARA",UNINCORPORATED,-119.77107995,34.436370019999998
90495563,2017,2017-07-06,9755,2017-07-06,0930,017374,,4,1,9,4200,0,3,5,,2,040,"ALAMO PINTADO RD","BASELINE AVE",45.00,S,N,A,-,N,,,,,,,,,,N,4,0,1,1,A,-,03,22350,,N,F,A,A,A,H,-,A,A,0,,,Y,,Y,,C,02,0,0,1,0,0,0,0,0,1,"- ","- ",34.635620000000003,-120.1164,"SANTA BARBARA",UNINCORPORATED,-120.11635212,34.635704169999997
90495606,2017,2017-12-20,9750,2017-05-02,2109,016874,,2,2,9,4200,0,1,2,,2,002,"US-101 S/B (EL CAMINO REAL)","PALMER ROAD",3696.00,S,N,A,-,Y,,,101,,,,,,S,Y,1,1,0,3,A,-,01,23152,A,N,A,C,A,A,H,-,D,D,0,,,,Y,Y,Y,A,08,0,0,0,0,0,0,0,0,0,"- ","- ",34.786209999999997,-120.32274,"SANTA BARBARA",UNINCORPORATED,-120.32278835,34.786117410000003
90495998,2017,2017-07-07,9755,2017-07-02,1438,019292,,7,2,9,4200,0,1,3,,2,041,SR-246,"CASINO DR.",20.00,E,N,A,-,Y,,,246,,,,,,,N,4,0,2,2,A,-,03,22350,,N,C,C,A,A,H,-,A,A,0,,,,,Y,,A,08,0,0,2,0,0,0,0,0,0,"- ","- ",34.610379999999999,-120.08553000000001,"SANTA BARBARA",UNINCORPORATED,-120.08552836,34.610369230000003
90496561,2017,2017-07-10,9760,2017-06-28,0635,018418,,3,1,3,4205,0,1,2,,2,010,"U.S. 101 N/B","RT 150",1250.00,S,N,A,-,Y,,,,,,,,,,Y,4,0,3,3,A,-,03,22350,,N,C,C,A,A,H,-,A,D,0,,,,,Y,,D,22,0,0,3,0,0,0,0,0,0,"- ","- ",34.380760000000002,-119.48193999999999,"SANTA BARBARA",CARPINTERIA,-119.48213833,34.381059370000003