CASE_ID,ACCIDENT_YEAR,PROC_DATE,JURIS,COLLISION_DATE,COLLISION_TIME,OFFICER_ID,REPORTING_DISTRICT,DAY_OF_WEEK,CHP_SHIFT,POPULATION,CNTY_CITY_LOC,SPECIAL_COND,BEAT_TYPE,CHP_BEAT_TYPE,CITY_DIVISION_LAPD,CHP_BEAT_CLASS,BEAT_NUMBER,PRIMARY_RD,SECONDARY_RD,DISTANCE,DIRECTION,INTERSECTION,WEATHER_1,WEATHER_2,STATE_HWY_IND,CALTRANS_COUNTY,CALTRANS_DISTRICT,STATE_ROUTE,ROUTE_SUFFIX,POSTMILE_PREFIX,POSTMILE,LOCATION_TYPE,RAMP_INTERSECTION,SIDE_OF_HWY,TOW_AWAY,COLLISION_SEVERITY,NUMBER_KILLED,NUMBER_INJURED,PARTY_COUNT,PRIMARY_COLL_FACTOR,PCF_CODE_OF_VIOL,PCF_VIOL_CATEGORY,PCF_VIOLATION,PCF_VIOL_SUBSECTION,HIT_AND_RUN,TYPE_OF_COLLISION,MVIW,PED_ACTION,ROAD_SURFACE,ROAD_COND_1,ROAD_COND_2,LIGHTING,CONTROL_DEVICE,CHP_ROAD_TYPE,PEDESTRIAN_ACCIDENT,BICYCLE_ACCIDENT,MOTORCYCLE_ACCIDENT,TRUCK_ACCIDENT,NOT_PRIVATE_PROPERTY,ALCOHOL_INVOLVED,STWD_VEHTYPE_AT_FAULT,CHP_VEHTYPE_AT_FAULT,COUNT_SEVERE_INJ,COUNT_VISIBLE_INJ,COUNT_COMPLAINT_PAIN,COUNT_PED_KILLED,COUNT_PED_INJURED,COUNT_BICYCLIST_KILLED,COUNT_BICYCLIST_INJURED,COUNT_MC_KILLED,COUNT_MC_INJURED,PRIMARY_RAMP,SECONDARY_RAMP,LATITUDE,LONGITUDE,COUNTY,CITY,POINT_X,POINT_Y
90554525,2017,2017-09-25,9750,2017-09-20,1802,017910,,3,2,9,4200,0,3,5,,2,020,"HARRIS GRADE RD",SR-135,5280.00,S,N,A,-,N,,,,,,,,,,Y,3,0,1,1,A,-,08,22107,,N,E,I,A,A,H,-,A,D,0,,,,,Y,,A,01,0,1,0,0,0,0,0,0,0,"- ","- ",34.757800000000003,-120.43154,"SANTA BARBARA",UNINCORPORATED,-120.43200225,34.757194370000001
90554569,2017,2017-09-25,9750,2017-09-22,0755,014820,,5,1,9,4200,0,3,5,,2,020,"DOWNING  LANE","ATHERLY LN",115.00,W,N,A,-,N,,,,,,,,,,Y,4,0,1,2,A,-,21,22106,,N,D,C,A,A,H,-,A,D,0,,,,,Y,,A,01,0,0,1,0,0,0,0,0,0,"- ","- ",34.90211,-120.43113,"SANTA BARBARA",UNINCORPORATED,-120.43082341,34.90213
90554897,2017,2017-09-25,9760,2017-09-12,1850,021018,,2,2,4,4214,0,1,3,,2,027,"SR-217 WESTBOUND","HOLLISTER AVENUE",1000.00,W,N,A,-,Y,,,217,,,,,,W,Y,3,0,1,1,A,-,03,22350,,N,F,A,A,A,H,-,B,D,0,,,Y,,Y,,C,02,0,1,0,0,0,0,0,0,1,"- ","- ",34.428269999999998,-119.82379,"SANTA BARBARA",GOLETA,-119.82375356999999,34.428241219999997
90555045,2017,2017-09-25,9760,2017-09-15,1730,020965,,5,2,9,4200,0,2,4,,1,021,"HOLLISTER AVE","NOGAL DR",39.00,E,N,A,-,N,,,,,,,,,,N,3,0,1,2,A,-,08,22107,,N,H,G,A,A,H,-,A,D,0,,Y,,,Y,,A,01,0,1,0,0,0,0,1,0,0,"- ","- ",34.440109999999997,-119.77074,"SANTA BARBARA",UNINCORPORATED,-119.77085414,34.440034359999999
90555439,2017,2017-09-25,9760,2017-09-14,1510,019464,,4,2,9,4200,0,2,4,,1,021,"HOLLISTER AVENUE WESTBOUND","PUENTE DRIVE",790.00,W,N,A,-,N,,,,,,,,,,N,3,0,1,2,A,-,10,21952,,N,G,B,E,A,H,-,A,A,0,Y,,,,Y,,A,01,0,1,0,0,1,0,0,0,0,"- ","- ",34.437550000000002,-119.78538,"SANTA BARBARA",UNINCORPORATED,-119.78629650000001,34.437224829999998
90555785,2017,2017-09-26,9760,2017-09-17,0035,020483,,7,3,9,4200,0,1,2,,1,040,"US-101 N/B","ARROYO QUEMADA LN",2500.00,S,N,A,-,Y,,,101,,,,,,N,Y,4,0,2,1,A,-,08,22107,,N,E,I,A,A,H,-,D,D,0,,,,,Y,,A,01,0,0,2,0,0,0,0,0,0,"- ","- ",34.468940000000003,-120.11131,"SANTA BARBARA",UNINCORPORATED,-120.11136336,34.468828129999999
90555807,2017,2017-09-26,9755,2017-09-22,1514,017374,,5,2,9,4200,0,1,3,,1,042,SR-246,"MEADOWLARK RD",0.00,,Y,A,-,Y,,,246,,,,,,,Y,4,0,2,2,A,-,09,21801,A,N,D,C,A,A,H,-,A,A,0,,,,,Y,,A,01,0,0,2,0,0,0,0,0,0,"- ","- ",34.610590000000002,-120.06211999999999,"SANTA BARBARA",UNINCORPORATED,-120.06212008999999,34.610610870000002
90555853,2017,2017-09-26,9750,2017-09-22,2100,018616,,5,2,9,4200,0,1,3,,1,022,"SR-1 S/B",SR-135,1584.00,N,N,A,-,Y,,,1,,,,,,S,Y,3,0,1,1,A,-,01,23152,A,N,F,A,A,A,H,-,C,D,0,,,,,Y,Y,A,01,0,1,0,0,0,0,0,0,0,"- ","- ",34.80498,-120.44498,"SANTA BARBARA",UNINCORPORATED,-120.44504169,34.804948789999997
90556044,2017,2017-09-27,9755,2017-09-11,0847,016999,,1,1,2,4212,0,1,2,,2,004,"S/B US-101 TO OFF-RAMP SR-246",SR-246,30.00,N,N,A,-,Y,,,101,,,,R,,,Y,4,0,3,3,A,-,01,23152,F,N,C,C,A,A,H,-,A,A,0,,,,,Y,,A,01,0,0,3,0,0,0,0,0,0,"- ","- ",34.6126,-120.19064,"SANTA BARBARA",BUELLTON,-120.19064,34.6126
90542377,2017,2017-09-07,9760,2017-08-27,1755,020964,,7,2,5,4203,0,1,2,,2,020,"US-101 N/B","LA CUMBRE RD",490.00,N,N,A,-,Y,,,101,,,,,,N,Y,3,0,1,4,A,-,03,22350,,N,C,C,A,A,H,-,A,D,0,,,,,Y,,A,07,0,1,0,0,0,0,0,0,0,"- ","- ",34.437890000000003,-119.75275999999999,"SANTA BARBARA","SANTA BARBARA",-119.75273577999999,34.437917089999999
90542395,2017,2017-09-07,9760,2017-09-03,1150,019831,,7,1,3,4205,0,1,2,,2,010,"US-101 NORTHBOUND (EL CAMINO REAL)","CASITAS PASS RD",313.00,S,N,A,-,Y,,,101,,,,,,N,Y,4,0,4,3,A,-,03,22350,,N,C,C,A,A,H,-,A,D,0,,,,,Y,,A,01,0,0,4,0,0,0,0,0,0,"- ","- ",34.395899999999997,-119.51094999999999,"SANTA BARBARA",CARPINTERIA,-119.51088463000001,34.395944620000002
90542702,2017,2017-09-07,9755,2017-09-06,0720,017374,,3,1,9,4200,0,1,3,,1,055,SR-1,"SANTA LUCIA CANYON RD",0.00,,Y,A,-,Y,,,1,,,,,,,Y,3,0,6,2,A,-,09,21801,A,N,A,C,A,A,H,-,A,A,0,,,,,Y,,A,01,0,2,4,0,0,0,0,0,0,"- ","- ",34.713120000000004,-120.48918,"SANTA BARBARA",UNINCORPORATED,-120.48917255000001,34.71312227
90543095,2017,2017-09-07,9760,2017-08-31,1740,018431,,4,2,9,4200,0,1,2,,2,010,"US-101 S/B","SHEFFIELD DR.",600.00,N,N,A,-,Y,,,101,,,,,,S,N,4,0,2,2,A,-,03,22350,,N,C,C,A,A,H,-,A,D,0,,,,,Y,,A,01,0,0,2,0,0,0,0,0,0,"- ","- ",34.421390000000002,-119.61606,"SANTA BARBARA",UNINCORPORATED,-119.61606159,34.42145068
90543354,2017,2017-09-08,9760,2017-08-26,1919,020965,,6,2,9,4200,0,1,3,,1,022,SR-154,"PARADISE RD",0.00,,Y,A,-,Y,,,154,,,,,,,N,2,0,1,2,A,-,09,21802,A,N,D,C,A,A,H,-,A,D,0,,,Y,,Y,,A,01,1,0,0,0,0,0,0,0,1,"- ","- ",34.533569999999997,-119.85786,"SANTA BARBARA",UNINCORPORATED,-119.85786198,34.533565320000001
90543946,2017,2017-09-08,9755,2017-09-03,0010,021011,,7,3,4,4202,0,1,3,,1,055,"SR-1 S/B","FIREFIGHER RD.",2465.00,N,N,A,-,Y,,,,,,,,,,Y,4,0,1,2,A,-,03,22350,,N,A,C,A,A,H,-,D,D,0,,,,,Y,,A,01,0,0,1,0,0,0,0,0,0,"- ","- ",34.773179999999996,-120.51034,"SANTA BARBARA",LOMPOC,-120.5100875,34.77357164
90544226,2017,2017-09-11,9750,2017-08-26,1007,014820,,6,1,9,4200,0,3,5,,2,020,"BLACK ROAD",SR-1,10560.00,S,N,A,-,N,,,,,,,,,,Y,3,0,2,1,A,-,08,22107,,N,E,I,A,A,H,-,A,D,0,,,,,Y,,A,01,0,2,0,0,0,0,0,0,0,"- ","- ",34.863590000000002,-120.52276999999999,"SANTA BARBARA",UNINCORPORATED,-120.52282807,34.86567513
90544591,2017,2017-09-11,9750,2017-09-03,0630,014753,,7,1,5,4204,0,1,2,,2,001,"US-101 SOUTHBOUND","BETTERAVIA ROAD",2640.00,S,N,B,-,Y,,,101,,,,,,S,Y,3,0,1,2,A,-,08,22107,,N,C,C,A,A,H,-,A,D,0,,,,Y,Y,,A,07,0,1,0,0,0,0,0,0,0,"- ","- ",34.916170000000001,-120.41819,"SANTA BARBARA","SANTA MARIA",-120.41808270999999,34.916168839999997
90545120,2017,2017-09-11,9755,2017-09-09,1848,021125,,6,2,9,4200,0,1,3,,1,051,"SR-1 N/B","ALAMO CREEK ROAD",6864.00,S,N,A,-,Y,,,1,,,,,,N,Y,3,0,1,1,C,-,18,,,N,E,H,A,A,H,-,A,D,0,,,Y,,Y,,-,"- ",0,1,0,0,0,0,0,0,1,"- ","- ",34.538550000000001,-120.35279,"SANTA BARBARA",UNINCORPORATED,-120.35283034,34.538523859999998
90545135,2017,2017-09-11,9760,2017-09-08,1840,021300,,5,2,5,4203,0,1,2,,2,011,"US-101 N/B TO MISSION ST.","MISSION ST.",35.00,S,N,A,-,Y,,,101,,,,R,,N,Y,2,0,4,3,A,-,01,23152,A,F,C,C,A,A,H,-,B,A,0,,,,,Y,Y,A,01,1,2,1,0,0,0,0,0,0,"- ","- ",34.425620000000002,-119.71984,"SANTA BARBARA","SANTA BARBARA",-119.71984,34.425620000000002
90545333,2017,2017-09-12,9760,2017-09-03,1525,020964,,7,2,9,4200,0,3,5,,2,005,"LOS CARNEROS RD","MESA RD",380.00,N,N,C,-,N,,,,,,,,,,Y,4,0,1,4,A,-,03,22350,,N,C,C,A,B,H,-,A,D,0,,,,,Y,,A,07,0,0,1,0,0,0,0,0,0,"- ","- ",34.423189999999998,-119.8599,"SANTA BARBARA",UNINCORPORATED,-119.85977658,34.423123429999997
90526495,2017,2017-08-18,9760,2017-08-14,0710,018418,,1,1,3,4205,0,1,2,,2,010,"U.S. 101 N/B","SANTA YNEZ RD",500.00,S,N,B,-,Y,,,,,,,,,,Y,4,0,1,2,A,-,03,22350,,N,C,C,A,A,H,-,A,D,0,,,,,Y,,A,01,0,0,1,0,0,0,0,0,0,"- ","- ",34.40314,-119.52515,"SANTA BARBARA",CARPINTERIA,-119.52499238999999,34.40308589
90526499,2017,2017-08-18,9760,2017-08-16,0845,020495,,3,1,9,4200,0,3,5,,2,002,"HOLLISTER AVENUE","MAGNA VISTA STREET",0.00,,Y,A,-,N,,,,,,,,,,N,4,0,1,2,A,-,03,22350,,N,C,C,A,A,H,-,A,D,0,,,,,Y,,A,01,0,0,1,0,0,0,0,0,0,"- ","- ",34.437179999999998,-119.7877,"SANTA BARBARA",UNINCORPORATED,-119.78677989000001,34.437140020000001
90527365,2017,2017-08-21,9750,2017-07-28,2158,020510,,5,2,9,4200,0,2,4,,1,024,"BRADLEY RD","FOSTER RD",0.00,,Y,A,-,N,,,,,,,,,,Y,3,0,2,2,A,-,12,21453,A,N,D,C,A,A,H,-,C,A,0,,,,,Y,,D,22,0,1,1,0,0,0,0,0,0,"- ","- ",34.88317,-120.41858999999999,"SANTA BARBARA",UNINCORPORATED,-120.41867988,34.883110010000003
90527392,2017,2017-08-21,9760,2017-08-12,1647,021018,,6,2,9,4200,0,3,5,,2,001,"N JAMESON LANE","SHEFFIELD DRIVE",0.00,,Y,A,-,Y,,,,,,,,,,Y,3,0,3,2,A,-,09,21801,A,N,A,C,A,A,H,-,A,D,0,,,,,Y,,A,07,0,1,2,0,0,0,0,0,0,"- ","- ",34.422379999999997,-119.61418999999999,"SANTA BARBARA",UNINCORPORATED,-119.61249995999999,34.422300100000001
90528543,2017,2017-08-22,9760,2017-08-16,1650,021294,,3,2,4,4214,0,1,2,,1,030,"US-101 S/B","LOS CARNEROS RD",2600.00,S,N,A,-,Y,,,101,,,,,,S,Y,2,0,1,2,A,-,07,21658,A,F,B,C,A,A,H,-,A,D,0,,,Y,,Y,,-,99,1,0,0,0,0,0,0,0,1,"- ","- ",34.438429999999997,-119.84318,"SANTA BARBARA",GOLETA,-119.84317738999999,34.438409649999997
90528973,2017,2017-08-23,9760,2017-08-15,1800,020804,,2,2,5,4203,0,1,2,,2,020,"US-101 S/B","LAS POSITAS RD",1320.00,N,N,A,-,Y,,,101,,,,,,S,Y,4,0,1,2,A,-,07,21658,A,N,B,C,A,A,H,-,A,D,0,,,,,Y,,A,01,0,0,1,0,0,0,0,0,0,"- ","- ",34.429310000000001,-119.74023,"SANTA BARBARA","SANTA BARBARA",-119.74030412,34.429112340000003
90529010,2017,2017-08-23,9755,2017-08-12,0950,019292,,6,1,9,4200,0,3,5,,2,050,"JALAMA RD",SR-1,27456.00,W,N,A,-,N,,,,,,,,,,N,2,0,1,1,C,-,18,,,N,F,A,A,A,H,-,A,D,0,,Y,,,Y,,-,"- ",1,0,0,0,0,0,1,0,0,"- ","- ",34.525440000000003,-120.40575,"SANTA BARBARA",UNINCORPORATED,-120.39022881,34.527524829999997
90529033,2017,2017-08-23,9755,2017-08-15,1825,020773,,2,2,9,4200,0,1,3,,1,053,SR-246,"PURISIMA RD",5280.00,E,N,A,-,Y,,,246,,,,,,,Y,3,0,1,2,A,-,08,22107,,N,B,C,A,A,D,-,A,D,0,,,,,Y,,A,01,0,1,0,0,0,0,0,0,0,"- ","- ",34.664619999999999,-120.38885999999999,"SANTA BARBARA",UNINCORPORATED,-120.38885971000001,34.664694599999997
90529036,2017,2017-08-29,9755,2017-08-17,1415,016988,,4,2,9,4200,0,3,5,,2,040,"HAPPY CANYON RD","ARMOUR RANCH RD",3168.00,N,N,A,-,N,,,,,,,,,,Y,4,0,1,2,A,-,05,21460,A,N,B,C,A,A,H,-,A,D,0,,,,,Y,,A,07,0,0,1,0,0,0,0,0,0,"- ","- ",34.61233,-120.02444,"SANTA BARBARA",UNINCORPORATED,-120.03015000000001,34.607480000000002
90529697,2017,2017-08-23,9755,2017-08-20,2035,020323,,7,2,9,4200,0,1,3,,1,042,SR-154,"FIGUEROA MOUNTAIN RD",0.00,,Y,A,-,Y,,,154,,,,,,,Y,4,0,2,2,A,-,09,21802,A,N,D,C,A,A,H,-,C,A,0,,,,,Y,,A,07,0,0,2,0,0,0,0,0,0,"- ","- ",34.667760000000001,-120.11498,"SANTA BARBARA",UNINCORPORATED,-120.11498088,34.667731920000001
90529909,2017,2017-08-24,9760,2017-08-18,0123,020757,,5,3,5,4203,0,1,2,,2,011,"US-101 S/B","STATE STREET",10.00,S,N,A,-,Y,,,101,,,,,,S,N,2,0,1,2,A,-,11,21954,A,F,G,B,D,A,H,-,D,D,0,Y,,,,Y,Y,N,60,1,0,0,0,1,0,0,0,0,"- ","- ",34.415289999999999,-119.69280999999999,"SANTA BARBARA","SANTA BARBARA",-119.69280381,34.415283510000002
90556131,2017,2017-09-26,9750,2017-09-23,0654,014820,,6,1,9,4200,0,1,3,,1,012,SR-1,"BROWN RD",0.00,,Y,A,-,Y,,,1,,,,,,,Y,4,0,1,2,A,-,09,21802,A,N,D,C,A,A,H,-,B,A,0,,,,,Y,,A,01,0,0,1,0,0,0,0,0,0,"- ","- ",34.932609999999997,-120.5682,"SANTA BARBARA",UNINCORPORATED,-120.56836577,34.932511329999997
90556206,2017,2017-09-26,9755,2017-09-21,0750,016058,,4,1,9,4200,0,1,3,,1,051,SR-246,"TULAROSA RD",1750.00,E,N,A,-,Y,,,246,,,,,,,Y,4,0,1,3,A,-,03,22350,,N,C,C,A,A,H,-,A,D,0,,,,,Y,,A,07,0,0,1,0,0,0,0,0,0,"- ","- ",34.664349999999999,-120.364,"SANTA BARBARA",UNINCORPORATED,-120.36399745,34.664600120000003
90556305,2017,2017-09-26,9755,2017-09-22,0810,016058,,5,1,9,4200,0,1,3,,1,053,SR-246,"MAIL ROAD",1584.00,E,N,A,-,Y,,,246,,,,,,,Y,4,0,1,2,A,-,03,22350,,N,C,C,A,A,D,-,A,D,0,,,,,Y,,A,07,0,0,1,0,0,0,0,0,0,"- ","- ",34.629750000000001,-120.28249,"SANTA BARBARA",UNINCORPORATED,-120.28242426,34.629975260000002
90556611,2017,2017-09-27,9760,2017-09-15,1145,019446,,5,1,9,4200,0,1,3,,1,022,SR-154,"SAN MARCOS RD",7920.00,E,N,A,-,Y,,,154,,,,,,,Y,3,0,1,1,A,-,08,22107,,N,F,A,A,A,H,-,A,A,0,,,,,Y,,A,01,0,1,0,0,0,0,0,0,0,"- ","- ",34.483829999999998,-119.7792,"SANTA BARBARA",UNINCORPORATED,-119.77920525,34.483873129999999
90556617,2017,2017-09-27,9760,2017-09-21,0810,019446,,4,1,9,4200,0,1,2,,2,010,"US-101 N/B","EVANS AVE",3696.00,S,N,A,-,Y,,,101,,,,,,N,N,4,0,1,2,A,-,03,22350,,N,C,C,A,A,H,-,A,A,0,,,,,Y,,A,07,0,0,1,0,0,0,0,0,0,"- ","- ",34.417850000000001,-119.58916000000001,"SANTA BARBARA",UNINCORPORATED,-119.58916474999999,34.417834540000001
90556618,2017,2017-09-27,9760,2017-09-17,1335,020964,,7,1,9,4200,0,1,3,,1,022,SR-154,"SAN ANTONIO CREEK ROAD",2112.00,E,N,A,-,Y,,,154,,,,,,,Y,3,0,1,2,A,-,03,22350,,N,C,C,A,A,H,-,A,D,0,,,Y,,Y,,C,02,0,1,0,0,0,0,0,0,1,"- ","- ",34.46546,-119.77157,"SANTA BARBARA",UNINCORPORATED,-119.77153635000001,34.465461640000001
90556628,2017,2017-09-27,9760,2017-09-21,0745,015669,,4,1,4,4214,0,1,2,,2,020,"US-101 N/B","PATTERSON AVENUE",1056.00,S,N,A,-,Y,,,101,,,,,,N,Y,4,0,1,2,A,-,03,22350,,N,C,C,A,A,H,-,A,D,0,,,,,Y,,A,01,0,0,1,0,0,0,0,0,0,"- ","- ",34.441769999999998,-119.80459,"SANTA BARBARA",GOLETA,-119.80459842,34.441670199999997
90556641,2017,2017-09-27,9760,2017-09-20,1732,021531,,3,2,4,4214,0,1,2,,2,020,"US-101 S/B","PATTERSON AVE",2000.00,N,N,A,-,Y,,,101,,,,,,S,Y,4,0,1,2,A,-,03,22350,,N,C,C,A,A,H,-,A,D,0,,,,,Y,,A,01,0,0,1,0,0,0,0,0,0,"- ","- ",34.44061,-119.81941,"SANTA BARBARA",GOLETA,-119.81941249,34.440635129999997
90558091,2017,2017-09-28,9760,2017-09-21,1645,018431,,4,2,5,4203,0,1,2,,2,011,"US-101 S/B","MISSION ST.",2100.00,S,N,A,-,Y,,,101,,,,,,S,N,4,0,2,2,A,-,03,22350,,N,C,C,A,A,H,-,A,D,0,,,,,Y,,A,01,0,0,2,0,0,0,0,0,0,"- ","- ",34.42145,-119.71501000000001,"SANTA BARBARA","SANTA BARBARA",-119.71496815,34.421506229999999
90558129,2017,2017-09-28,9760,2017-09-22,1720,020964,,5,2,5,4203,0,1,2,,2,020,"US-101 NB TO STATE STREET","STATE STREET",40.00,S,N,A,-,Y,,,101,,,,R,,N,N,4,0,1,2,A,-,03,22350,,M,C,C,A,A,H,-,A,D,0,,,,,Y,,-,99,0,0,1,0,0,0,0,0,0,"- ","- ",34.439839999999997,-119.75400999999999,"SANTA BARBARA","SANTA BARBARA",-119.75400999999999,34.439839999999997
90558382,2017,2017-09-28,9760,2017-09-19,1720,019464,,2,2,4,4214,0,1,2,,1,030,"US-101 SOUTHBOUND","LOS CARNEROS ROAD O/C",2640.00,S,N,A,-,Y,,,101,,,,,,S,Y,4,0,1,2,A,-,03,22350,,N,C,C,A,A,H,-,A,D,0,,,,,Y,,D,22,0,0,1,0,0,0,0,0,0,"- ","- ",34.438450000000003,-119.84350999999999,"SANTA BARBARA",GOLETA,-119.84349953,34.438368349999998
90545992,2017,2017-09-12,9750,2017-09-10,1415,017379,,7,2,9,4200,0,2,4,,1,024,"HILLVIEW ROAD","LAKEVIEW ROAD",0.00,,Y,A,-,N,,,,,,,,,,Y,2,0,2,2,A,-,09,21802,A,N,D,C,A,A,H,-,A,D,0,,,Y,,Y,,A,07,2,0,0,0,0,0,0,0,2,"- ","- ",34.894469999999998,-120.42525000000001,"SANTA BARBARA",UNINCORPORATED,-120.42520988,34.894490079999997
90546001,2017,2017-09-12,9760,2017-09-04,1525,021018,,1,2,9,4200,0,1,3,,1,014,"SR-192 (EAST VALLEY ROAD)","TORO CANYON PARK ROAD",30.00,S,N,A,-,Y,,,192,,,,,,,Y,3,0,2,1,A,-,03,22350,,N,E,I,A,A,H,-,A,D,0,,,,,Y,,A,01,0,1,1,0,0,0,0,0,0,"- ","- ",34.433669999999999,-119.57088,"SANTA BARBARA",UNINCORPORATED,-119.57091797,34.433682130000001
90546203,2017,2017-09-12,9760,2017-09-05,1510,019464,,2,2,9,4200,0,1,2,,1,040,"US-101 NORTHBOUND","REFUGIO ROAD U/C",5280.00,N,N,A,-,Y,,,101,,,,,,N,Y,3,0,1,1,A,-,08,22107,,N,E,I,A,A,H,-,A,D,0,,,,,Y,,A,01,0,1,0,0,0,0,0,0,0,"- ","- ",34.461880000000001,-120.0844,"SANTA BARBARA",UNINCORPORATED,-120.08439897,34.461807380000003
90546555,2017,2017-09-13,9760,2017-09-06,0750,021294,,3,1,4,4214,0,1,2,,1,030,"US-101 S/B","LOS CARNEROS ROAD",150.00,S,N,A,-,Y,,,101,,,,,,S,N,4,0,1,2,A,-,03,22350,,N,C,C,A,A,H,-,B,D,0,,,,,Y,,A,07,0,0,1,0,0,0,0,0,0,"- ","- ",34.437620000000003,-119.85235,"SANTA BARBARA",GOLETA,-119.85235224,34.437652730000003
90546586,2017,2017-09-13,9755,2017-09-03,0145,018514,,7,3,9,4200,0,1,2,,2,004,"US 101 S/B",SR-154,2640.00,S,N,A,-,Y,,,,,,,,,,Y,2,0,1,1,A,-,08,22107,,N,F,A,A,A,H,-,D,D,0,,,Y,,Y,,C,02,1,0,0,0,0,0,0,0,1,"- ","- ",34.669179999999997,-120.16928,"SANTA BARBARA",UNINCORPORATED,-120.15723145,34.680779350000002
90546771,2017,2017-09-13,9760,2017-09-11,1720,019464,,1,2,5,4203,0,1,2,,2,011,"US-101 SOUTHBOUND","LAS POSITAS ROAD",1420.00,S,N,A,-,Y,,,101,,,,,,S,Y,4,0,1,3,A,-,03,22350,,N,C,C,A,A,H,-,A,D,0,,,,,Y,,A,01,0,0,1,0,0,0,0,0,0,"- ","- ",34.426450000000003,-119.72505,"SANTA BARBARA","SANTA BARBARA",-119.72504168,34.426493569999998
90547168,2017,2017-09-13,9760,2017-09-07,0715,019446,,4,1,9,4200,0,3,5,,2,002,"CALLE REAL","ORCHARD PARK LANE",14.00,E,N,A,-,N,,,,,,,,,,Y,4,0,1,1,A,-,08,22107,,N,E,I,A,A,H,-,A,A,0,,,,,Y,,A,01,0,0,1,0,0,0,0,0,0,"- ","- ",34.44359,-119.80982,"SANTA BARBARA",UNINCORPORATED,-119.80995593,34.443632020000003
90548021,2017,2017-09-14,9760,2017-09-07,0610,16739,,4,1,4,4214,0,1,2,,1,030,"US-101 N/B (EL CAMINO REAL)","WINCHESTER CANYON RD.",320.00,N,N,A,-,Y,,,101,,,,,,N,Y,4,0,2,1,A,-,08,22107,,N,E,I,A,A,H,-,B,D,0,,,,,Y,,D,22,0,0,2,0,0,0,0,0,0,"- ","- ",34.432099999999998,-119.90206000000001,"SANTA BARBARA",GOLETA,-119.90206315,34.432454900000003
90581057,2017,2017-10-27,9755,2017-10-22,0130,021011,,7,3,9,4200,0,1,3,,1,051,"STATE ROUTE 1 N/B","MPM 15.50",80.00,S,N,A,-,Y,,,1,,,,,,N,Y,3,0,1,1,A,-,08,22107,,N,F,A,A,A,H,-,D,A,0,,,,,Y,,D,22,0,1,0,0,0,0,0,0,0,"- ","- ",34.596539999999997,-120.41135,"SANTA BARBARA",UNINCORPORATED,-120.41145770999999,34.596348689999999
90581239,2017,2017-10-27,9755,2017-10-26,0730,016058,,4,1,9,4200,0,1,3,,1,053,"SR-246 E/B","SWEENEY RD",528.00,W,N,A,-,Y,,,246,,,,,,E,Y,4,0,2,2,A,-,03,22350,,N,C,C,A,A,H,-,A,D,0,,,,,Y,,A,01,0,0,2,0,0,0,0,0,0,"- ","- ",34.643650000000001,-120.43187,"SANTA BARBARA",UNINCORPORATED,-120.43188072,34.643667559999997
90581588,2017,2017-10-27,9755,2017-10-25,1125,017374,,3,1,9,4200,0,1,3,,1,042,SR-154,"PARADISE RD",1584.00,W,N,A,-,Y,,,154,,,,,,,N,4,0,1,2,A,-,03,22350,,N,C,C,A,A,D,-,A,A,0,,,,,Y,,A,01,0,0,1,0,0,0,0,0,0,"- ","- ",34.535919999999997,-119.86199999999999,"SANTA BARBARA",UNINCORPORATED,-119.86203399999999,34.535890549999998
90530083,2017,2017-08-24,9750,2017-08-16,2020,017616,,3,2,9,4200,0,1,3,,1,023,"SR-135 S/B","UNION VALLEY PKY",0.00,,Y,A,-,Y,,,135,,,,,,S,Y,3,0,2,3,A,-,12,21453,A,N,D,C,A,A,H,-,D,A,0,,,,,Y,,A,01,0,1,1,0,0,0,0,0,0,"- ","- ",34.87959,-120.43653999999999,"SANTA BARBARA",UNINCORPORATED,-120.43667467,34.87959043
90530362,2017,2017-08-24,9760,2017-08-18,0710,019464,,5,1,9,4200,0,1,2,,1,030,"US-101 SOUTHBOUND","DOS PUEBLOS CANYON RD. U/C",990.00,S,N,A,-,Y,,,101,,,,,,S,Y,4,0,1,1,A,-,08,22107,,N,F,A,A,A,H,-,A,D,0,,,,,Y,,A,01,0,0,1,0,0,0,0,0,0,"- ","- ",34.445900000000002,-119.95701,"SANTA BARBARA",UNINCORPORATED,-119.95713919000001,34.445727380000001
90564531,2017,2017-10-06,9760,2017-09-30,1650,021061,,6,2,9,4200,0,1,3,,1,022,"SR-154 (SAN MARCOS PASS ROAD)","PRIMAVERA RD",162.00,W,N,A,-,Y,,,154,,,,,,,Y,4,0,1,2,A,-,05,21460,A,N,D,C,A,A,G,H,A,D,0,,,,,Y,,A,08,0,0,1,0,0,0,0,0,0,"- ","- ",34.448459999999997,-119.76031,"SANTA BARBARA",UNINCORPORATED,-119.76023604,34.448494170000004
90565547,2017,2017-10-09,9750,2017-09-30,1930,018009,,6,2,5,4204,0,3,5,,2,030,"TELEPHONE ROAD","BETTERAVIA RD",1584.00,S,N,A,-,N,,,,,,,,,,Y,4,0,2,1,A,-,08,22107,,N,F,A,A,A,H,-,D,D,0,,,,,Y,,A,08,0,0,2,0,0,0,0,0,0,"- ","- ",34.918759999999999,-120.38303999999999,"SANTA BARBARA","SANTA MARIA",-120.38295264,34.919189889999998