CASE_ID,ACCIDENT_YEAR,PROC_DATE,JURIS,COLLISION_DATE,COLLISION_TIME,OFFICER_ID,REPORTING_DISTRICT,DAY_OF_WEEK,CHP_SHIFT,POPULATION,CNTY_CITY_LOC,SPECIAL_COND,BEAT_TYPE,CHP_BEAT_TYPE,CITY_DIVISION_LAPD,CHP_BEAT_CLASS,BEAT_NUMBER,PRIMARY_RD,SECONDARY_RD,DISTANCE,DIRECTION,INTERSECTION,WEATHER_1,WEATHER_2,STATE_HWY_IND,CALTRANS_COUNTY,CALTRANS_DISTRICT,STATE_ROUTE,ROUTE_SUFFIX,POSTMILE_PREFIX,POSTMILE,LOCATION_TYPE,RAMP_INTERSECTION,SIDE_OF_HWY,TOW_AWAY,COLLISION_SEVERITY,NUMBER_KILLED,NUMBER_INJURED,PARTY_COUNT,PRIMARY_COLL_FACTOR,PCF_CODE_OF_VIOL,PCF_VIOL_CATEGORY,PCF_VIOLATION,PCF_VIOL_SUBSECTION,HIT_AND_RUN,TYPE_OF_COLLISION,MVIW,PED_ACTION,ROAD_SURFACE,ROAD_COND_1,ROAD_COND_2,LIGHTING,CONTROL_DEVICE,CHP_ROAD_TYPE,PEDESTRIAN_ACCIDENT,BICYCLE_ACCIDENT,MOTORCYCLE_ACCIDENT,TRUCK_ACCIDENT,NOT_PRIVATE_PROPERTY,ALCOHOL_INVOLVED,STWD_VEHTYPE_AT_FAULT,CHP_VEHTYPE_AT_FAULT,COUNT_SEVERE_INJ,COUNT_VISIBLE_INJ,COUNT_COMPLAINT_PAIN,COUNT_PED_KILLED,COUNT_PED_INJURED,COUNT_BICYCLIST_KILLED,COUNT_BICYCLIST_INJURED,COUNT_MC_KILLED,COUNT_MC_INJURED,PRIMARY_RAMP,SECONDARY_RAMP,LATITUDE,LONGITUDE,COUNTY,CITY,POINT_X,POINT_Y
90565789,2017,2017-10-09,9755,2017-10-06,2011,021125,,5,2,9,4200,0,1,3,,1,051,"SR-1 N/B","JALAMA BEACH RD",4752.00,S,N,A,-,Y,,,1,,,,,,N,Y,3,0,1,1,A,-,08,22107,,N,E,I,A,A,H,-,D,D,0,,,,,Y,,A,01,0,1,0,0,0,0,0,0,0,"- ","- ",34.584969999999998,-120.39794000000001,"SANTA BARBARA",UNINCORPORATED,-120.39793373000001,34.58493576
90566093,2017,2017-10-09,9760,2017-09-28,1555,021531,,4,2,4,4214,0,1,2,,2,020,"US-101 S/B","PATTRSON AVENUE",900.00,N,N,A,-,Y,,,101,,,,,,S,Y,4,0,1,3,A,-,03,22350,,N,C,C,A,A,H,-,A,D,0,,,,,Y,,A,01,0,0,1,0,0,0,0,0,0,"- ","- ",34.440959999999997,-119.81619000000001,"SANTA BARBARA",GOLETA,-119.81618955,34.44095566
90566245,2017,2017-10-09,9760,2017-09-29,2245,020473,,5,3,9,4200,0,3,5,,2,005,"CAMINO DEL SUR (800 BLOCK)","SUENO RD.",194.00,N,N,A,-,N,,,,,,,,,,N,3,0,1,2,A,-,08,22107,,N,H,E,A,A,H,-,C,D,0,,Y,,,Y,,L,04,0,1,0,0,0,0,1,0,0,"- ","- ",34.413200000000003,-119.86257000000001,"SANTA BARBARA",UNINCORPORATED,-119.86257000000001,34.413192719999998
90566301,2017,2017-10-09,9760,2017-09-30,2117,021431,,6,2,5,4203,0,1,2,,2,011,"US-101 NB","MILPAS ST",300.00,S,N,A,-,Y,,,101,,,,,,N,Y,4,0,1,2,A,-,07,21658,A,N,B,C,A,A,H,-,D,D,0,,,,,Y,,D,22,0,0,1,0,0,0,0,0,0,"- ","- ",34.420409999999997,-119.67597000000001,"SANTA BARBARA","SANTA BARBARA",-119.67596988,34.42041176
90566461,2017,2017-10-10,9760,2017-10-01,1256,020211,,7,1,5,4203,0,1,2,,2,011,"US-101 SOUTHBOUND","CABRILLO BLVD",900.00,S,N,A,-,Y,,,101,,,,,,S,Y,4,0,1,4,A,-,04,21703,,N,C,C,A,A,H,-,A,D,0,,,,,Y,,A,07,0,0,1,0,0,0,0,0,0,"- ","- ",34.42163,-119.65210999999999,"SANTA BARBARA","SANTA BARBARA",-119.65210641,34.421643629999998
90566473,2017,2017-10-10,9760,2017-10-02,0855,014690,,1,1,3,4205,0,1,2,,2,010,"US-101 N/B","SANTA MONICA RD.",0.00,,N,A,-,Y,,,101,,,,,,N,N,4,0,1,3,A,-,04,21703,,N,C,C,A,A,H,-,A,D,0,,,,Y,Y,,G,25,0,0,1,0,0,0,0,0,0,"- ","- ",34.405799999999999,-119.53673999999999,"SANTA BARBARA",CARPINTERIA,-119.53682994,34.405322200000001
90566603,2017,2017-10-10,9750,2017-10-05,2052,020510,,4,2,9,4200,0,1,2,,2,001,"US-101 N/B","UNION VALLEY PKY",2957.00,S,N,A,-,Y,,,101,,,,,,N,Y,4,0,1,1,A,-,01,23152,A,N,E,I,A,A,H,-,D,D,0,,,,,Y,Y,A,01,0,0,1,0,0,0,0,0,0,"- ","- ",34.87332,-120.40297,"SANTA BARBARA",UNINCORPORATED,-120.40291114999999,34.873371159999998
90560870,2017,2017-10-02,9760,2017-09-26,1655,019464,,2,2,5,4203,0,1,2,,2,011,"US-101 SOUTHBOUND TO MILPAS STREET","MILPAS STREET",600.00,N,N,A,-,Y,,,101,,,,R,,S,Y,4,0,1,2,A,-,03,22350,,N,C,C,A,A,H,-,A,A,0,,,,,Y,,A,01,0,0,1,0,0,0,0,0,0,"- ","- ",34.420200000000001,-119.67962,"SANTA BARBARA","SANTA BARBARA",-119.67962,34.420200000000001
90560897,2017,2017-10-02,9760,2017-09-23,1600,021018,,6,2,9,4200,0,1,2,,2,010,"US-101 SOUTHBOUND","S. PADARO LN.",2000.00,S,N,A,-,Y,,,101,,,,,,S,Y,4,0,4,4,A,-,03,22350,,N,C,C,A,A,H,-,A,D,0,,,,,Y,,A,01,0,0,4,0,0,0,0,0,0,"- ","- ",34.408250000000002,-119.5497,"SANTA BARBARA",UNINCORPORATED,-119.54965914,34.408306469999999
90561460,2017,2017-10-02,9760,2017-09-20,1815,018431,,3,2,5,4203,0,1,2,,2,011,"US-101 S/B","HOT SPRINGS RD.",1300.00,N,N,A,-,Y,,,101,,,,,,S,Y,3,0,1,2,A,-,03,22350,,N,C,C,A,A,H,-,A,D,0,,,Y,,Y,,C,02,0,1,0,0,0,0,0,0,1,"- ","- ",34.422939999999997,-119.65985999999999,"SANTA BARBARA","SANTA BARBARA",-119.65985298,34.422884510000003
90561594,2017,2017-10-03,9760,2017-09-22,1805,020965,,5,2,5,4203,0,1,2,,2,011,"US-101 S/B","CABRILLO BLVD",1300.00,N,N,A,-,Y,,,101,,,,,,S,N,4,0,1,2,A,-,03,22350,,F,C,C,A,A,H,-,A,D,0,,,,,Y,,A,07,0,0,1,0,0,0,0,0,0,"- ","- ",34.423029999999997,-119.65867,"SANTA BARBARA","SANTA BARBARA",-119.65866655000001,34.42298151
90561749,2017,2017-10-03,9760,2017-09-19,1155,012263,,2,1,5,4203,0,1,2,,2,011,"US101 N/B","MILPAS ST.",1050.00,S,N,B,-,Y,,,101,,,,,,N,Y,4,0,2,3,A,-,03,22350,,N,C,C,A,A,D,-,A,A,0,,,,,Y,,A,01,0,0,2,0,0,0,0,0,0,"- ","- ",34.420180000000002,-119.67019999999999,"SANTA BARBARA","SANTA BARBARA",-119.67019121,34.420139419999998
90561758,2017,2017-10-03,9760,2017-09-23,0950,020765,,6,1,9,4200,0,1,2,,2,010,"US-101 NORTHBOUND","SHEFFIELD DRIVE",1100.00,N,N,A,-,Y,,,101,,,,,,N,N,4,0,1,3,A,-,03,22350,,N,C,C,A,A,H,-,A,A,0,,,,,Y,,A,01,0,0,1,0,0,0,0,0,0,"- ","- ",34.421419999999998,-119.61803,"SANTA BARBARA",UNINCORPORATED,-119.61803279999999,34.421441729999998
90562152,2017,2017-10-03,9760,2017-09-22,2310,021300,,5,3,5,4203,0,1,2,,2,011,"US-101 N/B TO CARRILLO ST.","CARRILLO ST",28.00,S,N,A,-,Y,,,101,,,,R,,N,N,3,0,1,2,A,-,12,21453,A,N,H,G,A,A,H,-,C,A,0,,Y,Y,,Y,,L,04,0,1,0,0,0,0,0,0,1,"- ","- ",34.416559999999997,-119.70694,"SANTA BARBARA","SANTA BARBARA",-119.70694,34.416559999999997
90562285,2017,2017-10-03,9750,2017-09-22,2005,016542,,5,2,9,4200,0,1,2,,2,003,"US 101 S/B","PALMER ROAD",891.00,S,N,A,-,Y,,,,,,,,,,Y,3,0,1,1,A,-,01,23152,A,N,F,A,A,A,H,-,D,D,0,,,,,Y,Y,A,01,0,1,0,0,0,0,0,0,0,"- ","- ",34.790480000000002,-120.33053,"SANTA BARBARA",UNINCORPORATED,-120.33055001,34.790272700000003
90562292,2017,2017-10-03,9750,2017-09-23,2358,020510,,6,3,5,4204,0,3,5,,2,030,"DOMINION RD","FOXEN CANYON RD",1283.00,S,N,A,-,N,,,,,,,,,,Y,2,0,6,2,A,-,01,23152,A,N,E,E,A,A,H,-,D,D,0,,,,,Y,Y,D,22,2,0,4,0,0,0,0,0,0,"- ","- ",34.906939999999999,-120.34775,"SANTA BARBARA","SANTA MARIA",-120.34782484999999,34.907022310000002
90562452,2017,2017-10-04,9760,2017-09-24,0735,020765,,7,1,4,4214,0,1,2,,1,030,"US-101 SOUTHBOUND","LOS CARNEROS RD",400.00,S,N,A,-,Y,,,101,,,,,,S,Y,4,0,1,1,A,-,08,22107,,N,E,I,A,A,H,-,A,D,0,,,,,Y,,A,01,0,0,1,0,0,0,0,0,0,"- ","- ",34.437640000000002,-119.85166,"SANTA BARBARA",GOLETA,-119.85166408000001,34.43769975
90562560,2017,2017-10-04,9760,2017-09-26,1605,021294,,2,2,9,4200,0,2,4,,2,026,"CATHEDRAL OAKS RD","RIBERA DRIVE",165.00,W,N,A,-,N,,,,,,,,,,Y,3,0,2,2,A,-,03,22350,,N,C,C,A,A,H,-,A,A,0,,,,,Y,,A,01,0,1,1,0,0,0,0,0,0,"- ","- ",34.451520000000002,-119.80055,"SANTA BARBARA",UNINCORPORATED,-119.80049635,34.451570740000001
90581632,2017,2017-10-30,9760,2017-10-17,1535,020765,,2,2,5,4203,0,1,2,,2,020,"US-101 NORTHBOUND","HOPE AVE",250.00,N,N,A,-,Y,,,101,,,,,,N,Y,4,0,1,4,A,-,03,22350,,N,C,C,A,A,H,-,A,D,0,,,,,Y,,D,22,0,0,1,0,0,0,0,0,0,"- ","- ",34.434260000000002,-119.74869,"SANTA BARBARA","SANTA BARBARA",-119.74866633000001,34.434285500000001
90581829,2017,2017-10-30,9750,2017-10-15,2216,019656,,7,3,5,4204,0,1,2,,2,001,"US-101 S/B","STOWELL RD.",99.00,S,N,A,-,Y,,,101,,,,,,S,Y,2,0,1,3,A,-,01,23152,A,N,C,C,A,A,H,-,C,D,0,,,Y,,Y,Y,A,01,1,0,0,0,0,0,0,0,1,"- ","- ",34.937640000000002,-120.41795,"SANTA BARBARA","SANTA MARIA",-120.41791016000001,34.937639410000003
90581858,2017,2017-10-30,9750,2017-10-23,1645,017379,,1,2,9,4200,0,3,5,,2,030,"TELEPHONE RD. (N/B)","FALLEN LEAF DR.",1584.00,N,N,A,-,N,,,,,,,,,,Y,3,0,1,1,A,-,01,23152,A,N,E,I,A,A,H,-,A,D,0,,,,,Y,Y,A,01,0,1,0,0,0,0,0,0,0,"- ","- ",34.875830000000001,-120.38311,"SANTA BARBARA",UNINCORPORATED,-120.38305501000001,34.875480230000001
90582234,2017,2017-10-30,9750,2017-10-27,0645,016874,,5,1,5,4204,0,1,2,,2,001,"US-101 N/B","SR-135 (BROADWAY)",2640.00,S,N,A,-,Y,,,101,,,,,,N,Y,4,0,1,2,A,-,03,22350,,N,C,C,A,A,H,-,B,D,0,,,,,Y,,D,22,0,0,1,0,0,0,0,0,0,"- ","- ",34.976320000000001,-120.42829999999999,"SANTA BARBARA","SANTA MARIA",-120.42823228,34.976360870000001
90582549,2017,2017-10-30,9760,2017-10-19,1710,020757,,4,2,9,4200,0,1,2,,2,020,"US-101 S/B","TURNPIKE ROAD",1000.00,N,N,A,-,Y,,,101,,,,,,S,Y,3,0,1,1,A,-,03,22350,,N,F,A,A,A,H,-,A,D,0,,,Y,,Y,,C,02,0,1,0,0,0,0,0,0,1,"- ","- ",34.441940000000002,-119.79143999999999,"SANTA BARBARA",UNINCORPORATED,-119.79145308,34.442039379999997
90582582,2017,2017-10-30,9750,2017-10-27,2340,020511,,5,3,9,4200,0,3,5,,2,060,"FOOTHILL RD","KIRSCHENMANN RD",8026.00,E,N,A,-,N,,,,,,,,,,Y,2,0,1,1,A,-,08,22107,,N,F,A,A,A,H,-,D,D,0,,,,,Y,,A,07,1,0,0,0,0,0,0,0,0,"- ","- ",34.897919999999999,-119.5685,"SANTA BARBARA",UNINCORPORATED,-119.56874737,34.897938740000001
90582766,2017,2017-10-30,9760,2017-10-19,1605,020495,,4,2,5,4203,0,1,2,,2,020,"US-101 NORTHBOUND (EL CAMINO REAL)","LAS POSITAS ROAD",565.00,N,N,A,-,Y,,,101,,,,,,N,N,4,0,1,2,A,-,03,22350,,N,C,C,A,A,H,-,A,D,0,,,,,Y,,A,01,0,0,1,0,0,0,0,0,0,"- ","- ",34.428249999999998,-119.73576,"SANTA BARBARA","SANTA BARBARA",-119.73575974000001,34.428254099999997
90582983,2017,2017-10-30,9760,2017-10-20,1735,020473,,5,2,9,4200,0,3,5,,2,005,"PARDALL RD.","EMBARCADERO DEL NORTE",0.00,,Y,A,-,N,,,,,,,,,,N,4,0,1,2,A,-,09,21801,A,N,H,G,A,A,H,-,A,A,0,,Y,,,Y,,A,01,0,0,1,0,0,0,1,0,0,"- ","- ",34.413150000000002,-119.85545,"SANTA BARBARA",UNINCORPORATED,-119.85538993999999,34.413090050000001
90583937,2017,2017-10-31,9755,2017-10-20,1735,020777,,5,2,9,4200,0,3,5,,2,040,"RT 246","RT 154",500.00,W,N,A,-,Y,,,246,,,,,,,Y,3,0,1,2,A,-,09,21801,A,N,D,C,A,A,H,-,B,D,0,,,,,Y,,A,01,0,1,0,0,0,0,0,0,0,"- ","- ",34.61045,-120.05692999999999,"SANTA BARBARA",UNINCORPORATED,-120.05692949,34.610470669999998
90583982,2017,2017-10-31,9755,2017-10-15,0756,016999,,7,1,9,4200,0,1,2,,2,004,"US-101 S/B",SR-154,7392.00,S,N,A,-,Y,,,101,,,,,,S,Y,1,2,0,1,A,-,03,22350,,N,E,I,A,A,H,-,A,D,0,,,Y,,Y,,C,02,0,0,0,0,0,0,0,2,0,"- ","- ",34.669220000000003,-120.16612000000001,"SANTA BARBARA",UNINCORPORATED,-120.16619324,34.669727950000002
90584261,2017,2017-10-31,9760,2017-10-24,1332,020804,,2,1,9,4200,0,1,2,,2,010,"US-101 N/B","EVANS AVE",2640.00,S,N,A,-,Y,,,101,,,,,,N,Y,3,0,1,1,A,-,01,23152,F,N,F,A,A,A,H,-,A,D,0,,,,,Y,,A,01,0,1,0,0,0,0,0,0,0,"- ","- ",34.41883,-119.59155,"SANTA BARBARA",UNINCORPORATED,-119.59157248,34.418767680000002
90566715,2017,2017-12-26,9750,2017-10-05,0635,017709,,4,1,9,4200,0,3,5,,2,010,"BETTERAVIA RD","BROWN RD",0.00,,Y,A,-,N,,,,,,,,,,Y,2,0,6,2,A,-,09,21802,A,N,D,C,A,A,H,-,B,A,0,,,,,Y,,A,01,1,2,3,0,0,0,0,0,0,"- ","- ",34.935079999999999,-120.54658000000001,"SANTA BARBARA",UNINCORPORATED,-120.54642995,34.935200080000001
90566817,2017,2017-10-10,9760,2017-10-01,2140,020528,,7,2,5,4203,0,1,3,,1,022,"SR-154 (SAN MARCOS PASS ROAD)","US-101 SB FROM SR-154",0.00,,Y,A,-,Y,,,154,,,,,,,Y,3,0,1,2,A,-,09,21453,C,N,D,C,A,A,H,-,C,A,0,,,Y,,Y,,-,"- ",0,1,0,0,0,0,0,0,1,"- ","- ",34.440899999999999,-119.75998,"SANTA BARBARA","SANTA BARBARA",-119.76002094,34.440901070000002
90566918,2017,2017-10-10,9750,2017-10-09,1520,017379,,1,2,9,4200,0,1,3,,1,021,"SR-135 (N/B)","UNION VALLEY PKWY.",42.00,S,N,A,-,Y,,,,,,,,,,N,4,0,1,2,A,-,03,22350,,N,C,C,A,A,H,-,A,A,0,,,,,Y,,A,01,0,0,1,0,0,0,0,0,0,"- ","- ",34.524500000000003,-120.2611,"SANTA BARBARA",UNINCORPORATED,-120.43668,34.879434639999999
90566951,2017,2017-11-22,9750,2017-10-10,0810,015915,,2,1,5,4204,0,1,2,,2,001,"US 101 N/B TO DONOVAN ROAD","DONOVAN ROAD",283.00,S,N,A,-,Y,,,,,,,,,,N,3,0,3,3,A,-,03,22350,,N,C,C,A,A,H,-,A,A,0,,,,,Y,,A,01,0,3,0,0,0,0,0,0,0,"- ","- ",34.96669,-120.42103,"SANTA BARBARA","SANTA MARIA",-120.42246043,34.96698791
90567247,2017,2017-10-11,9755,2017-09-30,1755,021011,,6,2,9,4200,0,1,3,,1,042,"SR-246 E/B","REFGIO RD.",350.00,E,N,A,-,N,,,246,,,,,,E,Y,4,0,1,4,A,-,01,23152,A,N,C,C,A,A,H,-,B,A,0,,,,,Y,Y,A,01,0,0,1,0,0,0,0,0,0,"- ","- ",34.606659999999998,-120.09732,"SANTA BARBARA",UNINCORPORATED,-120.09732046000001,34.606601650000002
90568008,2017,2017-10-11,9760,2017-10-03,1640,018431,,2,2,9,4200,0,1,2,,1,040,"US-101 N/B","REFUGIO RD.",3800.00,N,N,A,-,Y,,,101,,,,,,N,Y,3,0,1,1,A,-,08,22107,,N,F,A,A,A,H,-,A,D,0,,,,,Y,,A,01,0,1,0,0,0,0,0,0,0,"- ","- ",34.461649999999999,-120.08082,"SANTA BARBARA",UNINCORPORATED,-120.0808205,34.46171322
90568053,2017,2017-10-11,9750,2017-07-07,2500,014820,,5,4,9,4200,0,1,3,,1,062,SR-166,"WILD COW UNDERCROSSING",1584.00,E,N,A,-,Y,,,166,,,,,,,Y,1,1,0,1,A,-,01,23152,A,N,E,I,A,A,H,-,D,D,0,,,,,Y,,A,07,0,0,0,0,0,0,0,0,0,"- ","- ",35.106310000000001,-120.10680000000001,"SANTA BARBARA",UNINCORPORATED,-120.10675598,35.106305880000001
90568154,2017,2018-01-04,9760,2017-10-04,0810,015669,,3,1,3,4205,0,1,2,,2,010,"US-101 N/B","CASITAS PASS RD",50.00,N,N,A,-,Y,,,101,,,,,,N,N,4,0,3,3,A,-,07,21658,A,N,B,C,A,A,D,-,A,D,0,,,,,Y,,D,22,0,0,3,0,0,0,0,0,0,"- ","- ",34.396990000000002,-119.51157000000001,"SANTA BARBARA",CARPINTERIA,-119.51158925999999,34.396976850000001
90568477,2017,2017-10-11,9760,2017-10-04,0620,16739,,3,1,3,4205,0,1,2,,2,010,"US-101 N/B (EL CAMINO REAL)","BAILARD AVE",2112.00,S,N,A,-,Y,,,101,,,,,,N,Y,4,0,2,4,A,-,03,22350,,N,C,C,A,A,H,-,D,D,0,,,,,Y,,D,22,0,0,2,0,0,0,0,0,0,"- ","- ",34.386029999999998,-119.49016,"SANTA BARBARA",CARPINTERIA,-119.49018194999999,34.385960939999997
90568812,2017,2017-10-12,9760,2017-10-04,1045,019446,,3,1,9,4200,0,3,5,,2,005,"PARDALL RD","EMBARCADERO DEL NORTE",145.00,W,N,A,-,N,,,,,,,,,,N,3,0,1,2,A,-,05,21460,A,N,H,G,A,A,H,-,A,A,0,,Y,,,Y,,L,04,0,1,0,0,0,0,1,0,0,"- ","- ",34.4131,-119.85593,"SANTA BARBARA",UNINCORPORATED,-119.85587031,34.413098789999999
90568952,2017,2017-10-12,9760,2017-10-05,0750,020495,,4,1,5,4203,0,1,2,,2,011,"US-101 NORTHBOUND (EL CAMINO REAL)","CARRILLO STREET",1600.00,S,N,A,-,Y,,,101,,,,,,N,Y,4,0,2,3,A,-,03,22350,,M,C,C,A,A,H,-,A,D,0,,,,,Y,,A,01,0,0,2,0,0,0,0,0,0,"- ","- ",34.414119999999997,-119.70453999999999,"SANTA BARBARA","SANTA BARBARA",-119.70452751000001,34.414133270000001
90562799,2017,2017-10-04,9750,2017-07-17,0625,015915,,1,1,9,4200,0,3,5,,2,010,"BROWN ROAD","BETTERAVIA ROAD",1584.00,W,N,A,-,N,,,,,,,,,,Y,1,1,0,1,A,-,08,22107,,N,F,A,A,A,H,-,A,D,0,,,,,Y,,A,01,0,0,0,0,0,0,0,0,0,"- ","- ",34.934609999999999,-120.55195999999999,"SANTA BARBARA",UNINCORPORATED,-120.55165782,34.93457034
90562831,2017,2017-10-04,9750,2017-09-27,0531,014820,,3,3,9,4200,0,1,3,,1,011,SR-166,"SIMAS RD",2112.00,E,N,A,-,Y,,,166,,,,,,,Y,4,0,2,2,A,-,08,22107,,N,D,C,A,A,H,-,D,D,0,,,,,Y,,A,01,0,0,2,0,0,0,0,0,0,"- ","- ",34.957549999999998,-120.55076,"SANTA BARBARA",UNINCORPORATED,-120.55076725000001,34.957610870000003
90563132,2017,2017-10-04,9750,2017-09-27,1025,016874,,3,1,9,4200,0,3,5,,2,030,"CLARK AVENUE","FRONTAGE RD",1320.00,E,N,A,-,N,,,,,,,,,,Y,4,0,1,2,A,-,03,22350,,N,C,C,A,A,H,-,A,D,0,,,,Y,Y,,A,01,0,0,1,0,0,0,0,0,0,"- ","- ",34.865389999999998,-120.39033000000001,"SANTA BARBARA",UNINCORPORATED,-120.38250139,34.865321969999997
90563300,2017,2017-10-04,9750,2017-09-24,0130,016542,,7,3,9,4200,0,1,3,,1,011,"BETTERAVIA RD","BROWN ROAD",528.00,W,N,A,-,N,,,,,,,,,,Y,4,0,1,1,A,-,08,22107,,N,F,A,A,A,H,-,D,D,0,,,,,Y,Y,A,07,0,0,1,0,0,0,0,0,0,"- ","- ",34.935850000000002,-120.54725000000001,"SANTA BARBARA",UNINCORPORATED,-120.54781745,34.936093300000003
90563631,2017,2017-10-05,9760,2017-09-28,1425,019464,,4,2,9,4200,0,1,2,,2,010,"US-101 SOUTHBOUND","S. PADARO LANE",400.00,S,N,A,-,Y,,,101,,,,,,S,Y,4,0,1,1,A,-,03,22350,,N,E,I,A,A,H,-,A,D,0,,,,,Y,,A,07,0,0,1,0,0,0,0,0,0,"- ","- ",34.40849,-119.55004,"SANTA BARBARA",UNINCORPORATED,-119.54999628,34.408550429999998
90564000,2017,2017-10-05,9750,2017-09-29,2030,020511,,5,2,9,4200,0,2,4,,1,024,"BRADLEY RD","CLARK AVE",15.00,S,N,A,-,N,,,,,,,,,,N,4,0,1,2,A,-,03,22350,,N,C,C,A,A,H,-,C,A,0,,,,,Y,Y,D,22,0,0,1,0,0,0,0,0,0,"- ","- ",34.86477,-120.41871,"SANTA BARBARA",UNINCORPORATED,-120.41878862999999,34.864978819999997
90564022,2017,2017-10-05,9760,2017-09-28,0750,015669,,4,1,9,4200,0,3,5,,2,005,"PARDALL ROAD","EMBARCADERO DEL NORTE",250.00,E,N,A,-,N,,,,,,,,,,N,2,0,2,2,C,-,18,,,N,H,B,E,A,H,-,A,D,0,Y,Y,,,Y,,-,"- ",1,1,0,0,1,0,1,0,0,"- ","- ",34.413080000000001,-119.85455,"SANTA BARBARA",UNINCORPORATED,-119.85456186,34.4131
90564225,2017,2017-10-05,9750,2017-09-29,2055,017910,,5,2,5,4204,0,1,2,,2,001,"US-101 N/B TO BROADWAY AVE","BROADWAY AVENUE",750.00,N,N,A,-,Y,,,101,,,,R,,N,Y,4,0,1,1,A,-,01,23152,A,N,E,I,A,A,H,-,C,D,0,,,,,Y,Y,A,01,0,0,1,0,0,0,0,0,0,"- ","- ",34.983370000000001,-120.43177,"SANTA BARBARA","SANTA MARIA",-120.43177,34.983370000000001
90564327,2017,2017-10-05,9750,2017-10-02,1200,015915,,1,1,9,4200,0,1,2,,2,002,"US 101 N/B","CLARK AVENUE",7920.00,S,N,A,-,Y,,,,,,,,,,Y,3,0,1,1,A,-,08,22107,,N,E,J,A,A,H,-,A,D,0,,,,Y,Y,,G,25,0,1,0,0,0,0,0,0,0,"- ","- ",34.836889999999997,-120.37081000000001,"SANTA BARBARA",UNINCORPORATED,-120.38065867,34.847707040000003
90564357,2017,2017-10-05,9750,2017-09-30,0815,016542,,6,1,9,4200,0,1,3,,2,061,"SR-166 E/B","ALISO CREEK",21120.00,E,N,A,-,N,,,166,,,,,,E,Y,4,0,1,1,A,-,08,22107,,N,E,I,A,A,H,-,A,D,0,,,,,Y,,A,01,0,0,1,0,0,0,0,0,0,"- ","- ",35.030230000000003,-120.24854999999999,"SANTA BARBARA",UNINCORPORATED,-120.24858571999999,35.030162160000003
90596720,2017,2017-11-17,9755,2017-11-15,0700,017374,,3,1,9,4200,0,1,3,,1,042,"SR-154 W/B","ST. FRANCIS RANCH (3200 SR-154)",3696.00,E,N,A,-,Y,,,154,,,,,,W,Y,2,0,1,1,A,-,08,22107,,N,E,I,A,A,H,-,A,A,0,,,,Y,Y,,F,26,1,0,0,0,0,0,0,0,0,"- ","- ",34.55791,-119.91324,"SANTA BARBARA",UNINCORPORATED,-119.91323589,34.557918000000001
90568991,2017,2017-10-12,9760,2017-10-05,1420,021061,,4,2,5,4203,0,1,2,,2,011,"US-101 S/B","CARRILLO ST",1500.00,N,N,A,-,Y,,,101,,,,,,S,Y,3,0,1,2,A,-,03,22350,,N,C,C,A,A,H,-,A,D,0,,,,,Y,,A,01,0,1,0,0,0,0,0,0,0,"- ","- ",34.4191,-119.71160999999999,"SANTA BARBARA","SANTA BARBARA",-119.71164041,34.419058810000003
90569839,2017,2017-10-13,9750,2017-10-07,1634,017910,,6,2,5,4204,0,1,2,,2,001,"US-101 S/B TO BROADWAY",BROADWAY,190.00,N,N,A,-,Y,,,101,,,,R,,S,Y,3,0,1,1,A,-,01,23152,A,N,E,I,A,A,H,-,A,D,0,,,,,Y,Y,D,22,0,1,0,0,0,0,0,0,0,"- ","- ",34.981209999999997,-120.43261,"SANTA BARBARA","SANTA MARIA",-120.43261,34.981209999999997
90570923,2017,2017-11-14,9760,2017-10-05,0733,021531,,4,1,9,4200,0,3,5,,2,002,"PARADISE ROAD","EL GAUCHO LANE",0.00,,Y,A,-,N,,,,,,,,,,N,3,0,1,2,A,-,09,21804,A,N,F,A,A,A,H,-,A,D,0,,,Y,,Y,,A,01,0,1,0,0,0,0,0,0,1,"- ","- ",34.53989,-119.78466,"SANTA BARBARA",UNINCORPORATED,-119.78454997,34.53985007
90571121,2017,2017-10-16,9760,2017-10-06,1310,16739,,5,1,4,4214,0,1,2,,1,030,"US-101 N/B (EL CAMINO REAL)","GLEN ANNIE RD.",2112.00,N,N,A,-,Y,,,101,,,,,,N,Y,2,0,3,1,A,-,08,22107,,N,E,I,A,A,H,-,A,D,0,,,,,Y,,A,01,1,1,1,0,0,0,0,0,0,"- ","- ",34.432769999999998,-119.87754,"SANTA BARBARA",GOLETA,-119.87754996,34.432846259999998
90571402,2017,2017-10-16,9760,2017-10-06,2024,021300,,5,2,9,4200,0,3,5,,2,005,"CAMINO DEL SUR","TRIGO RD.",0.00,,Y,A,-,N,,,,,,,,,,N,3,0,1,2,D,-,00,,,N,H,G,A,A,H,-,C,A,0,,Y,,,Y,,-,"- ",0,1,0,0,0,0,1,0,0,"- ","- ",34.41113,-119.86262000000001,"SANTA BARBARA",UNINCORPORATED,-119.86258995,34.41115009