CASE_ID,ACCIDENT_YEAR,PROC_DATE,JURIS,COLLISION_DATE,COLLISION_TIME,OFFICER_ID,REPORTING_DISTRICT,DAY_OF_WEEK,CHP_SHIFT,POPULATION,CNTY_CITY_LOC,SPECIAL_COND,BEAT_TYPE,CHP_BEAT_TYPE,CITY_DIVISION_LAPD,CHP_BEAT_CLASS,BEAT_NUMBER,PRIMARY_RD,SECONDARY_RD,DISTANCE,DIRECTION,INTERSECTION,WEATHER_1,WEATHER_2,STATE_HWY_IND,CALTRANS_COUNTY,CALTRANS_DISTRICT,STATE_ROUTE,ROUTE_SUFFIX,POSTMILE_PREFIX,POSTMILE,LOCATION_TYPE,RAMP_INTERSECTION,SIDE_OF_HWY,TOW_AWAY,COLLISION_SEVERITY,NUMBER_KILLED,NUMBER_INJURED,PARTY_COUNT,PRIMARY_COLL_FACTOR,PCF_CODE_OF_VIOL,PCF_VIOL_CATEGORY,PCF_VIOLATION,PCF_VIOL_SUBSECTION,HIT_AND_RUN,TYPE_OF_COLLISION,MVIW,PED_ACTION,ROAD_SURFACE,ROAD_COND_1,ROAD_COND_2,LIGHTING,CONTROL_DEVICE,CHP_ROAD_TYPE,PEDESTRIAN_ACCIDENT,BICYCLE_ACCIDENT,MOTORCYCLE_ACCIDENT,TRUCK_ACCIDENT,NOT_PRIVATE_PROPERTY,ALCOHOL_INVOLVED,STWD_VEHTYPE_AT_FAULT,CHP_VEHTYPE_AT_FAULT,COUNT_SEVERE_INJ,COUNT_VISIBLE_INJ,COUNT_COMPLAINT_PAIN,COUNT_PED_KILLED,COUNT_PED_INJURED,COUNT_BICYCLIST_KILLED,COUNT_BICYCLIST_INJURED,COUNT_MC_KILLED,COUNT_MC_INJURED,PRIMARY_RAMP,SECONDARY_RAMP,LATITUDE,LONGITUDE,COUNTY,CITY,POINT_X,POINT_Y
90571448,2017,2017-10-16,9755,2017-10-09,2140,020773,,1,2,9,4200,0,1,3,,1,042,SR-154,"EDISON ST",0.00,,Y,A,-,Y,,,154,,,,,,,Y,4,0,3,2,A,-,12,22450,A,N,D,C,A,A,H,-,C,A,0,,,,,Y,,A,01,0,0,3,0,0,0,0,0,0,"- ","- ",34.633740000000003,-120.08099,"SANTA BARBARA",UNINCORPORATED,-120.08102748,34.6337081
90571491,2017,2017-10-16,9760,2017-10-07,1425,021018,,6,2,9,4200,0,1,2,,2,010,"US-101 NORTHBOUND","S PADARO LANE",1000.00,S,N,A,-,Y,,,101,,,,,,N,Y,4,0,1,2,A,-,03,22350,,N,C,C,A,A,H,-,A,D,0,,,,,Y,,A,01,0,0,1,0,0,0,0,0,0,"- ","- ",34.409619999999997,-119.55106000000001,"SANTA BARBARA",UNINCORPORATED,-119.55110015,34.409562090000001
90571512,2017,2017-10-16,9760,2017-10-07,1929,021061,,6,2,9,4200,0,1,2,,2,010,"US-101 N/B","SHEFFIELD DR.",1584.00,S,N,A,-,Y,,,101,,,,,,N,Y,4,0,1,1,A,-,08,22107,,N,E,I,A,A,H,-,C,D,0,,,,,Y,,A,01,0,0,1,0,0,0,0,0,0,"- ","- ",34.420900000000003,-119.60686,"SANTA BARBARA",UNINCORPORATED,-119.60686179,34.42082843
90571752,2017,2017-10-18,9755,2017-10-09,0400,020323,,1,3,9,4200,0,1,3,,1,051,SR-1,"JALAMA BEACH RD",1500.00,S,N,A,-,Y,,,1,,,,,,,Y,4,0,1,2,A,-,01,23152,A,N,B,C,A,A,H,-,D,D,0,,,,,Y,Y,A,01,0,0,1,0,0,0,0,0,0,"- ","- ",34.584119999999999,-120.4066,"SANTA BARBARA",UNINCORPORATED,-120.40657295,34.584167149999999
90571831,2017,2017-10-18,9760,2017-10-07,0221,021476,,6,3,5,4203,0,1,2,,2,020,"US-101 N/B",SR-154,540.00,S,N,A,-,Y,,,101,,,,,,N,Y,3,0,1,2,A,-,03,22350,,N,D,C,A,A,H,-,D,D,0,,,,Y,Y,,A,01,0,1,0,0,0,0,0,0,0,"- ","- ",34.441189999999999,-119.75809,"SANTA BARBARA","SANTA BARBARA",-119.75808349,34.441226180000001
90572626,2017,2017-10-18,9760,2017-10-09,0919,015669,,1,1,9,4200,0,3,5,,2,005,"CAMINO DEL SUR","ABREGO ROAD",285.00,S,N,A,-,N,,,,,,,,,,N,3,0,1,1,A,-,08,22107,,N,F,A,A,A,H,-,A,D,0,,Y,,,Y,,L,04,0,1,0,0,0,0,1,0,0,"- ","- ",34.413330000000002,-119.8626,"SANTA BARBARA",UNINCORPORATED,-119.86257000000001,34.413408109999999
90584372,2017,2017-11-01,9760,2017-10-21,1906,020965,,6,2,9,4200,0,1,2,,2,010,"US-101 N/B","SAN YSIDRO RD",600.00,N,N,A,-,Y,,,101,,,,,,N,Y,4,0,2,2,A,-,08,22107,,N,C,E,A,A,H,-,D,D,0,,,,,Y,,A,07,0,0,2,0,0,0,0,0,0,"- ","- ",34.422849999999997,-119.6336,"SANTA BARBARA",UNINCORPORATED,-119.63360462999999,34.422761889999997
90584456,2017,2017-11-20,9760,2017-10-21,0935,019464,,6,1,9,4200,0,3,5,,2,001,"BELLA VISTA DRIVE","ROMERO CANYON ROAD",1584.00,E,N,A,-,N,,,,,,,,,,N,4,0,1,2,A,-,05,21460,A,N,B,G,A,A,H,-,A,D,0,,Y,,,Y,,L,04,0,0,1,0,0,0,1,0,0,"- ","- ",34.4529,-119.59063999999999,"SANTA BARBARA",UNINCORPORATED,-119.59198000000001,34.449689999999997
90584542,2017,2017-11-01,9755,2017-10-30,0435,020323,,1,3,9,4200,0,1,3,,1,055,"SR-1 N/B","FIREFIGHTER RD",2112.00,N,N,E,-,Y,,,1,,,,,,N,Y,4,0,1,1,A,-,03,22350,,N,E,I,A,B,H,-,D,D,0,,,,,Y,,A,01,0,0,1,0,0,0,0,0,0,"- ","- ",34.774659999999997,-120.50671,"SANTA BARBARA",UNINCORPORATED,-120.5067133,34.774706639999998
90585323,2017,2017-11-02,9760,2017-10-22,2048,021503,,7,2,9,4200,0,1,2,,2,010,"US-101 S/B","N. PADARO",1056.00,N,N,A,-,Y,,,101,,,,,,S,Y,3,0,3,2,A,-,03,22350,,N,C,C,A,A,H,-,D,D,0,,,,,Y,,A,01,0,1,2,0,0,0,0,0,0,"- ","- ",34.416910000000001,-119.58617,"SANTA BARBARA",UNINCORPORATED,-119.58616435,34.416955969999997
90585423,2017,2017-11-02,9760,2017-10-23,0244,021531,,1,3,9,4200,0,1,2,,2,010,"US-101 N/B","SOUTH PADARO LANE",3400.00,N,N,A,-,Y,,,101,,,,,,N,Y,3,0,2,1,A,-,08,22107,,N,F,A,A,A,H,-,D,D,0,,,,,Y,Y,A,01,0,2,0,0,0,0,0,0,0,"- ","- ",34.416449999999998,-119.56152,"SANTA BARBARA",UNINCORPORATED,-119.56153267000001,34.416345800000002
90585704,2017,2017-11-02,9755,2017-10-28,1105,016058,,6,1,9,4200,0,1,3,,1,055,SR-154,"ROBLAR AVE",0.00,,Y,A,-,Y,,,154,,,,,,,Y,3,0,2,2,A,-,09,21802,A,N,D,C,A,A,H,-,A,A,0,,,,,Y,,A,01,0,1,1,0,0,0,0,0,0,"- ","- ",34.650500000000001,-120.0954,"SANTA BARBARA",UNINCORPORATED,-120.09532397,34.650564500000002
90586214,2017,2017-11-02,9760,2017-10-25,2147,020226,,3,2,9,4200,0,1,3,,1,014,SR-192,"MISSION OAKS LANE",290.00,E,N,A,-,Y,,,192,,,,,,,Y,3,0,1,1,A,-,01,23152,A,N,E,J,A,A,H,-,D,D,0,,,,,Y,Y,A,01,0,1,0,0,0,0,0,0,0,"- ","- ",34.446779999999997,-119.70874000000001,"SANTA BARBARA",UNINCORPORATED,-119.70873829999999,34.446784110000003
90586701,2017,2017-11-03,9755,2017-11-02,1740,012436,,4,2,9,4200,0,1,2,,2,004,"US-101 N/B","OLD COAST HWY",2640.00,N,N,A,-,Y,,,101,,,,,,N,Y,3,0,1,1,A,-,08,22107,,N,E,I,A,A,H,-,A,D,0,,,,,Y,,A,01,0,1,0,0,0,0,0,0,0,"- ","- ",34.53904,-120.19710000000001,"SANTA BARBARA",UNINCORPORATED,-120.19702109000001,34.539034700000002
90587146,2017,2017-11-03,9755,2017-11-03,1128,017374,,5,1,9,4200,0,1,3,,1,042,"SR-154 W/B","3200 SAN MARCOS PASS RD. (SR-154)",528.00,W,N,B,-,Y,,,154,,,,,,W,Y,4,0,1,1,A,-,03,22350,,N,E,I,A,A,H,-,A,A,0,,,,,Y,,A,07,0,0,1,0,0,0,0,0,0,"- ","- ",34.561579999999999,-119.92573,"SANTA BARBARA",UNINCORPORATED,-119.92573286,34.56156395
90587421,2017,2017-11-06,9750,2017-10-28,1308,017709,,6,1,9,4200,0,1,2,,2,003,"US-101 S/B","ALISOS CANYON RD",3696.00,S,N,A,-,Y,,,101,,,,,,S,N,3,0,1,2,A,-,08,22107,,N,H,G,A,A,H,-,A,D,0,,Y,,,Y,,A,01,0,1,0,0,0,0,1,0,0,"- ","- ",34.726460000000003,-120.22405999999999,"SANTA BARBARA",UNINCORPORATED,-120.22403792,34.726538240000004
90587430,2017,2017-11-06,9750,2017-11-01,0640,017709,,3,1,9,4200,0,3,5,,2,030,"CLARK AVENUE","TELEPHONE ROAD",0.00,,Y,B,-,N,,,,,,,,,,Y,3,0,1,2,A,-,09,21801,A,N,D,C,A,A,H,-,B,A,0,,,,Y,Y,,A,07,0,1,0,0,0,0,0,0,0,"- ","- ",34.865360000000003,-120.38323,"SANTA BARBARA",UNINCORPORATED,-120.38319998999999,34.865330059999998
90572760,2017,2017-10-18,9760,2017-10-09,2325,020483,,1,3,9,4200,0,1,2,,2,020,"US 101 N/B TO EL SUENO RD.","CALLE REAL",80.00,S,N,A,-,Y,,,,,,,,,,Y,3,0,1,3,A,-,01,23152,A,N,F,I,A,A,H,-,C,D,0,,,,,Y,Y,A,01,0,1,0,0,0,0,0,0,0,"- ","- ",34.441310000000001,-119.76929,"SANTA BARBARA",UNINCORPORATED,-120.17444999999999,34.471679999999999
90572984,2017,2017-10-18,9750,2017-10-10,2315,020510,,2,3,9,4200,0,1,2,,2,003,"US-101 N/B","ALISOS CANYON RD",3696.00,N,N,A,-,Y,,,101,,,,,,N,Y,4,0,1,1,A,-,08,22107,,N,E,I,A,A,H,-,D,D,0,,,,,Y,,A,01,0,0,1,0,0,0,0,0,0,"- ","- ",34.73574,-120.24737,"SANTA BARBARA",UNINCORPORATED,-120.24738162,34.735656110000001
90573285,2017,2017-10-18,9760,2017-10-10,1520,021294,,2,2,9,4200,0,1,2,,2,020,"US-101 SB","TURNPIKE ROAD",2630.00,S,N,A,-,Y,,,101,,,,,,S,N,4,0,1,2,A,-,03,22350,,N,C,C,A,A,H,-,A,D,0,,,,,Y,,D,22,0,0,1,0,0,0,0,0,0,"- ","- ",34.442120000000003,-119.78044,"SANTA BARBARA",UNINCORPORATED,-119.78043833,34.442053389999998
90573427,2017,2017-10-18,9760,2017-10-11,1640,017314,,3,2,9,4200,0,3,5,,2,001,"SAN YSIDRO ROAD","SAN LEANDRO LANE",0.00,,Y,A,-,N,,,,,,,,,,N,4,0,1,2,A,-,09,21802,A,N,D,C,A,A,H,-,A,A,0,,,,,Y,,D,22,0,0,1,0,0,0,0,0,0,"- ","- ",34.423999999999999,-119.63155999999999,"SANTA BARBARA",UNINCORPORATED,-119.63153997000001,34.42404002
90574153,2017,2017-10-19,9755,2017-10-18,0821,017374,,3,1,9,4200,0,1,3,,1,042,SR-154,"CACHUMA VILLAGE",2640.00,W,N,A,-,Y,,,154,,,,,,,Y,4,0,2,3,A,-,03,22350,,N,C,C,A,A,D,-,A,A,0,,,,,Y,,D,22,0,0,2,0,0,0,0,0,0,"- ","- ",34.58605,-120.00438,"SANTA BARBARA",UNINCORPORATED,-120.00437814,34.586066580000001
90574781,2017,2017-10-20,9755,2017-10-19,1505,012436,,4,2,9,4200,0,1,2,,2,004,"US-101 S/B",SR-1,6864.00,S,N,A,-,Y,,,101,,,,,,S,Y,3,0,1,1,A,-,08,22107,,N,E,I,A,A,H,-,A,D,0,,,,,Y,,A,01,0,1,0,0,0,0,0,0,0,"- ","- ",34.491950000000003,-120.22666,"SANTA BARBARA",UNINCORPORATED,-120.22668950000001,34.491944910000001
90575629,2017,2017-10-23,9750,2017-10-15,1525,017379,,7,2,9,4200,0,1,3,,1,022,"SR-1 N/B","GRACIOSA RD.",478.00,S,N,A,-,Y,,,1,,,,,,N,Y,3,0,4,1,A,-,08,22107,,N,F,A,A,A,H,-,A,D,0,,,,,Y,,A,01,0,1,3,0,0,0,0,0,0,"- ","- ",34.808430000000001,-120.4468,"SANTA BARBARA",UNINCORPORATED,-120.44661263,34.808527300000002
90576097,2017,2017-10-23,9755,2017-10-13,1855,021818,,5,2,9,4200,0,3,5,,2,040,"ALAMO PINTADO RD","BASELINE AVE",1584.00,N,N,A,-,N,,,,,,,,,,N,2,0,1,2,A,-,08,22107,,F,G,B,E,A,H,-,C,D,0,Y,,,,Y,,-,99,1,0,0,0,1,0,0,0,0,"- ","- ",34.639200000000002,-120.1152,"SANTA BARBARA",UNINCORPORATED,-120.11557268,34.640079909999997
90576387,2017,2017-10-23,9750,2017-10-16,1954,020510,,1,2,5,4204,0,1,2,,2,001,"US-101 S/B","BETTERAVIA RD",445.00,N,N,A,-,Y,,,101,,,,,,S,Y,3,0,2,2,A,-,07,21658,A,N,D,C,A,A,H,-,C,D,0,,,,,Y,,A,01,0,1,1,0,0,0,0,0,0,"- ","- ",34.925020000000004,-120.41795999999999,"SANTA BARBARA","SANTA MARIA",-120.41802574,34.925021229999999
90576494,2017,2017-10-23,9750,2017-10-16,1700,017379,,1,2,9,4200,0,1,3,,1,011,"SR-166 (E/B)","HANSON WAY",1692.00,W,N,A,-,Y,,,,,,,,,,Y,3,0,1,1,A,-,01,23152,A,N,E,I,A,A,H,-,A,D,0,,,,,Y,Y,A,01,0,1,0,0,0,0,0,0,0,"- ","- ",34.571199999999997,-120.2757,"SANTA BARBARA",UNINCORPORATED,-120.46579305,34.95355945
90576825,2017,2017-10-24,9760,2017-10-12,1930,021061,,4,2,9,4200,0,1,3,,1,022,"SR-154 E/B","HIDDEN VALLEY RD",231.00,W,N,A,-,Y,,,154,,,,,,E,Y,2,0,1,1,A,-,01,23152,A,N,E,I,A,A,H,-,D,D,0,,,,,Y,Y,A,07,1,0,0,0,0,0,0,0,0,"- ","- ",34.503259999999997,-119.80683000000001,"SANTA BARBARA",UNINCORPORATED,-119.80685124999999,34.503357569999999
90596741,2017,2017-11-17,9755,2017-11-16,0546,017374,,4,3,9,4200,0,1,3,,1,042,"SR-154 E/B",SR-246,1056.00,E,N,B,-,Y,,,154,,,,,,E,Y,4,0,1,1,A,-,03,22350,,N,F,A,A,B,H,-,B,A,0,,,,,Y,,D,22,0,0,1,0,0,0,0,0,0,"- ","- ",34.609099999999998,-120.05368,"SANTA BARBARA",UNINCORPORATED,-120.05366004,34.60911986
90597166,2017,2017-11-17,9755,2017-11-13,1139,016988,,1,1,9,4200,0,1,2,,2,004,"US-101 S/B",SR-1,5280.00,S,N,A,-,Y,,,101,,,,,,S,Y,4,0,1,1,A,-,08,22107,,N,E,I,A,A,H,-,A,D,0,,,,,Y,,A,01,0,0,1,0,0,0,0,0,0,"- ","- ",34.512610000000002,-120.22239,"SANTA BARBARA",UNINCORPORATED,-120.22238507,34.51260371
90597587,2017,2017-11-20,9750,2017-11-08,1005,014753,,3,1,5,4204,0,1,2,,2,002,"US-101 SOUTHBOUND","CLARK AVENUE",8976.00,S,N,A,-,Y,,,,,,,,,,Y,3,0,1,2,A,-,03,22350,,N,C,C,A,A,H,-,A,D,0,,,,Y,Y,,D,22,0,1,0,0,0,0,0,0,0,"- ","- ",34.844880000000003,-120.37863,"SANTA BARBARA","SANTA MARIA",-120.37899434000001,34.84533304
90597604,2017,2017-11-20,9750,2017-11-12,0740,014753,,7,1,5,4204,0,1,2,,2,001,"US-101 SOUTHBOUND","MAIN STREET",2112.00,S,N,B,-,Y,,,101,,,,,,S,N,4,0,1,1,A,-,08,22107,,N,E,I,A,A,H,-,A,D,0,,,,,Y,,A,01,0,0,1,0,0,0,0,0,0,"- ","- ",34.946750000000002,-120.41777999999999,"SANTA BARBARA","SANTA MARIA",-120.41774395,34.94674843
90597609,2017,2017-11-20,9750,2017-11-11,1715,018616,,6,2,5,4204,0,1,2,,2,001,"US-101 SOUTHBOUND TO DONOVAN RD.","DONOVAN RD",573.00,N,N,A,-,Y,,,101,,,,R,,S,Y,3,0,2,1,A,-,01,23152,A,N,F,I,A,A,H,-,C,D,0,,,,,Y,Y,A,01,0,2,0,0,0,0,0,0,0,"- ","- ",34.968679999999999,-120.42471,"SANTA BARBARA","SANTA MARIA",-120.42471,34.968679999999999
90597654,2017,2017-11-20,9750,2017-11-12,2316,017910,,7,3,9,4200,0,1,3,,1,021,"SR-135 S/B",SR-1,2112.00,N,N,A,-,Y,,,135,,,,,,S,Y,3,0,2,1,A,-,01,23152,A,N,E,I,A,A,H,-,D,D,0,,,,,Y,Y,D,22,0,2,0,0,0,0,0,0,0,"- ","- ",34.858069999999998,-120.44617,"SANTA BARBARA",UNINCORPORATED,-120.44616651,34.858051699999997
90597721,2017,2018-03-06,9760,2017-11-07,1608,020804,,2,2,5,4203,0,1,2,,2,020,"US-101 S/B","LAS POSITAS RD.",1000.00,N,N,A,-,Y,,,101,,,,,,S,Y,3,0,1,3,A,-,03,22350,,N,B,C,A,A,H,-,A,D,0,,,Y,,Y,Y,C,02,0,1,0,0,0,0,0,0,1,"- ","- ",34.430500000000002,-119.74348999999999,"SANTA BARBARA","SANTA BARBARA",-119.74346921999999,34.430537710000003
90598105,2017,2017-11-20,9750,2017-11-17,0120,018786,,5,3,9,4200,0,3,5,,2,030,"SANTA MARIA MESA RD","RANCHO TEPUSQUET",41.00,W,N,C,-,N,,,,,,,,,,Y,4,0,2,2,A,-,01,23152,A,N,A,C,A,B,H,-,D,D,0,,,,,Y,Y,A,01,0,0,2,0,0,0,0,0,0,"- ","- ",34.893549999999998,-120.2996,"SANTA BARBARA",UNINCORPORATED,-120.29961518,34.893506600000002
90598525,2017,2017-11-20,9750,2017-11-13,2318,017910,,1,3,5,4204,0,1,2,,2,001,"US-101 S/B TO BROADWAY AVE","BROADWAY AVENUE",275.00,N,N,B,-,Y,,,101,,,,R,,S,Y,3,0,1,1,A,-,01,23152,A,N,E,I,A,A,H,-,C,D,0,,,,,Y,Y,A,01,0,1,0,0,0,0,0,0,0,"- ","- ",34.981659999999998,-120.43225,"SANTA BARBARA","SANTA MARIA",-120.43225,34.981659999999998
90598583,2017,2017-11-20,9750,2017-11-13,1415,016542,,1,2,9,4200,0,3,5,,2,030,"FOXEN CANYON RD","ALISO CANYON RD",9715200.00,S,N,A,-,N,,,,,,,,,,Y,2,0,1,1,A,-,08,22107,,N,E,I,A,A,H,-,A,D,0,,,,,Y,,A,01,1,0,0,0,0,0,0,0,0,"- ","- ",34.776020000000003,-120.1493,"SANTA BARBARA",UNINCORPORATED,-120.1332,34.7241
90598918,2017,2017-11-21,9750,2017-11-14,1440,017379,,2,2,9,4200,0,1,2,,2,002,"US-101 (S/B)","PALMER RD.",1295.00,S,N,A,-,Y,,,101,,,,,,,Y,3,0,3,2,A,-,07,21658,A,N,E,I,A,A,H,-,A,D,0,,,,,Y,,D,22,0,1,2,0,0,0,0,0,0,"- ","- ",34.789729999999999,-120.32931000000001,"SANTA BARBARA",UNINCORPORATED,-120.32936203,34.789631620000002
90588077,2017,2017-11-06,9760,2017-10-30,1720,020211,,1,2,5,4203,0,1,2,,2,011,"US-101 SOUTHBOUND TO MISSION STREET","MISSION STREET",650.00,N,N,A,-,Y,,,101,,,,R,,S,N,4,0,1,2,A,-,03,22350,,N,C,C,A,A,H,-,B,D,0,,,,,Y,,A,01,0,0,1,0,0,0,0,0,0,"- ","- ",34.425870000000003,-119.72278,"SANTA BARBARA","SANTA BARBARA",-119.72278,34.425870000000003
90588670,2017,2017-11-07,9750,2017-11-01,1230,015916,,3,1,9,4200,0,2,4,,1,024,"CLARK AVENUE W/B","KENNETH AVENUE",370.00,E,N,B,-,N,,,,,,,,,,Y,3,0,1,1,A,-,08,22107,,N,E,I,A,A,H,-,A,D,0,,,,,Y,,A,01,0,1,0,0,0,0,0,0,0,"- ","- ",34.865160000000003,-120.40801,"SANTA BARBARA",UNINCORPORATED,-120.40806714999999,34.865070000000003
90588733,2017,2017-11-07,9760,2017-10-27,1730,020765,,5,2,5,4203,0,1,2,,2,011,"US-101 SOUTHBOUND","ARRELLAGA ST",100.00,N,N,A,-,Y,,,101,,,,,,S,N,3,0,2,4,A,-,03,22350,,N,C,C,A,A,H,-,A,D,0,,,,,Y,,D,22,0,1,1,0,0,0,0,0,0,"- ","- ",34.422040000000003,-119.71581999999999,"SANTA BARBARA","SANTA BARBARA",-119.71577203,34.42210446
90588844,2017,2017-11-07,9760,2017-10-30,1840,021294,,1,2,9,4200,0,3,5,,2,002,"MODOC ROAD","VIA SENDA",88.00,E,N,A,-,N,,,,,,,,,,Y,4,0,1,2,A,-,21,22106,,N,C,C,A,A,H,-,B,D,0,,,,,Y,,A,01,0,0,1,0,0,0,0,0,0,"- ","- ",34.436630000000001,-119.75331,"SANTA BARBARA",UNINCORPORATED,-119.75338367000001,34.436633579999999
90589634,2017,2017-11-07,9755,2017-11-04,1115,017374,,6,1,9,4200,0,1,3,,2,041,"SR-246 E/B","800 SR-246",25.00,E,N,B,-,Y,,,246,,,,,,E,N,4,0,1,2,A,-,03,22350,,N,C,C,A,A,H,-,A,A,0,,,,,Y,,A,01,0,0,1,0,0,0,0,0,0,"- ","- ",34.602739999999997,-120.16782000000001,"SANTA BARBARA",UNINCORPORATED,-120.16781496999999,34.602751079999997
90589734,2017,2017-11-08,9750,2017-11-05,0600,014358,,7,1,9,4200,0,1,2,,2,002,"US 101 NORTHBOUND","PALMER ROAD",1056.00,N,N,A,-,Y,,,,,,,,,,Y,3,0,1,1,A,-,08,22107,,N,F,A,A,A,H,-,D,D,0,,,,,Y,,A,01,0,1,0,0,0,0,0,0,0,"- ","- ",34.793280000000003,-120.33542,"SANTA BARBARA",UNINCORPORATED,-120.33568849,34.793523860000001
90589735,2017,2017-11-08,9750,2017-11-03,2255,020511,,5,3,9,4200,0,1,2,,2,002,"US-101 (EL CAMINO REAL)","PALMER RD",0.00,,Y,A,-,Y,,,101,,,,,,,Y,2,0,2,2,A,-,09,21800,B,N,D,C,A,A,H,-,D,D,0,,,,,Y,,A,07,1,0,1,0,0,0,0,0,0,"- ","- ",34.791800000000002,-120.33284999999999,"SANTA BARBARA",UNINCORPORATED,-120.33284999,34.791800010000003
90589847,2017,2017-11-08,9760,2017-10-31,1220,015669,,2,1,9,4200,0,3,5,,2,005,"PICASSO ROAD","EMBARCADERO DEL MAR",0.00,,Y,A,-,N,,,,,,,,,,N,3,0,1,2,A,-,12,22450,A,N,D,G,A,A,H,-,A,D,0,,Y,,,Y,,L,04,0,1,0,0,0,0,1,0,0,"- ","- ",34.415140000000001,-119.85705,"SANTA BARBARA",UNINCORPORATED,-119.85701994999999,34.415100099999997
90589874,2017,2017-11-08,9760,2017-11-02,1920,020473,,4,2,9,4200,0,2,4,,1,021,"HOLLISTER AVE.","WALNUT LN.",16.00,E,N,A,-,N,,,,,,,,,,N,4,0,1,2,A,-,03,22350,,N,C,C,A,A,H,-,C,A,0,,,,,Y,,A,07,0,0,1,0,0,0,0,0,0,"- ","- ",34.43497,-119.80212,"SANTA BARBARA",UNINCORPORATED,-119.80218698,34.434949340000003
90589980,2017,2017-11-08,9760,2017-10-30,1556,020211,,1,2,5,4203,0,1,2,,2,011,"US-101 SOUTHBOUND","JUNIPERO ST",455.00,S,N,A,-,Y,,,101,,,,,,S,Y,3,0,1,1,A,-,08,22107,,N,F,A,A,A,H,-,A,D,0,,,,,Y,,D,22,0,1,0,0,0,0,0,0,0,"- ","- ",34.426749999999998,-119.72672,"SANTA BARBARA","SANTA BARBARA",-119.72672279,34.426729860000002
90590101,2017,2017-11-08,9755,2017-11-07,1530,012436,,2,2,9,4200,0,1,2,,2,004,"US-101 S/B","LA LATA DR",2112.00,S,N,A,-,Y,,,101,,,,,,S,Y,3,0,1,2,A,-,07,21658,A,F,B,C,A,A,H,-,A,D,0,,,,,Y,,E,22,0,1,0,0,0,0,0,0,0,"- ","- ",34.52469,-120.20088,"SANTA BARBARA",UNINCORPORATED,-120.20090728,34.524754350000002
90592412,2017,2017-11-13,9750,2017-11-03,1640,018009,,5,2,9,4200,0,1,2,,2,001,"U.S. 101 S/B TO UNION VALLEY PARKWAY","UNION VALLEY PARKWAY",0.00,,Y,B,-,Y,,,,,,,,,,N,4,0,1,2,A,-,21,22106,,N,C,C,A,A,H,-,A,A,0,,,,,Y,,D,22,0,0,1,0,0,0,0,0,0,"- ","- ",34.880000000000003,-120.41025,"SANTA BARBARA",UNINCORPORATED,-120.40904997,34.880010030000001
90593841,2017,2017-11-14,9760,2017-11-05,0105,021431,,7,3,4,4214,0,1,2,,1,030,"US-101 NB TO GLEN ANNIE ROAD","GLEN ANNIE ROAD",570.00,S,N,B,-,Y,,,101,,,,R,,N,Y,3,0,1,1,A,-,01,23152,A,N,F,A,A,A,H,-,D,D,0,,,,,Y,Y,A,01,0,1,0,0,0,0,0,0,0,"- ","- ",34.435549999999999,-119.86911000000001,"SANTA BARBARA",GOLETA,-119.86911000000001,34.435549999999999
90594335,2017,2017-11-14,9750,2017-11-05,1130,014753,,7,1,9,4200,0,3,5,,2,020,"ORCUTT ROAD","VALLEY VIEW",0.00,,Y,A,-,N,,,,,,,,,,N,4,0,1,2,A,-,08,22100,A,N,B,C,A,A,H,-,A,D,0,,,,,Y,,D,22,0,0,1,0,0,0,0,0,0,"- ","- ",34.859969999999997,-120.43635,"SANTA BARBARA",UNINCORPORATED,-120.43640997,34.860250100000002
90594554,2017,2017-11-15,9760,2017-11-09,1750,018431,,4,2,9,4200,0,1,2,,2,010,"US-101 S/B","SHEFFIELD DR.",200.00,S,N,A,-,Y,,,101,,,,,,S,N,4,0,1,2,A,-,03,22350,,N,C,C,A,A,H,-,C,D,0,,,,,Y,,A,08,0,0,1,0,0,0,0,0,0,"- ","- ",34.421469999999999,-119.61346,"SANTA BARBARA",UNINCORPORATED,-119.61346003,34.421466199999998
90594563,2017,2017-11-15,9760,2017-11-08,1815,020765,,3,2,5,4203,0,1,2,,2,011,"US-101 NORTHBOUND","CARRILLO ST",1500.00,N,N,A,-,Y,,,101,,,,,,N,Y,3,0,2,2,A,-,03,22350,,N,C,C,A,A,H,-,C,D,0,,,,,Y,,A,01,0,2,0,0,0,0,0,0,0,"- ","- ",34.419119999999999,-119.71132,"SANTA BARBARA","SANTA BARBARA",-119.71135431,34.419075390000003
90594568,2017,2017-11-15,9760,2017-11-07,1820,018431,,2,2,5,4203,0,1,2,,2,020,"US-101 N/B","LAS POSITAS RD.",500.00,N,N,A,-,Y,,,101,,,,,,N,Y,4,0,1,2,A,-,03,22350,,N,C,C,A,A,H,-,C,D,0,,,,,Y,,A,01,0,0,1,0,0,0,0,0,0,"- ","- ",34.428280000000001,-119.73559,"SANTA BARBARA","SANTA BARBARA",-119.73559238,34.428243250000001