CASE_ID,ACCIDENT_YEAR,PROC_DATE,JURIS,COLLISION_DATE,COLLISION_TIME,OFFICER_ID,REPORTING_DISTRICT,DAY_OF_WEEK,CHP_SHIFT,POPULATION,CNTY_CITY_LOC,SPECIAL_COND,BEAT_TYPE,CHP_BEAT_TYPE,CITY_DIVISION_LAPD,CHP_BEAT_CLASS,BEAT_NUMBER,PRIMARY_RD,SECONDARY_RD,DISTANCE,DIRECTION,INTERSECTION,WEATHER_1,WEATHER_2,STATE_HWY_IND,CALTRANS_COUNTY,CALTRANS_DISTRICT,STATE_ROUTE,ROUTE_SUFFIX,POSTMILE_PREFIX,POSTMILE,LOCATION_TYPE,RAMP_INTERSECTION,SIDE_OF_HWY,TOW_AWAY,COLLISION_SEVERITY,NUMBER_KILLED,NUMBER_INJURED,PARTY_COUNT,PRIMARY_COLL_FACTOR,PCF_CODE_OF_VIOL,PCF_VIOL_CATEGORY,PCF_VIOLATION,PCF_VIOL_SUBSECTION,HIT_AND_RUN,TYPE_OF_COLLISION,MVIW,PED_ACTION,ROAD_SURFACE,ROAD_COND_1,ROAD_COND_2,LIGHTING,CONTROL_DEVICE,CHP_ROAD_TYPE,PEDESTRIAN_ACCIDENT,BICYCLE_ACCIDENT,MOTORCYCLE_ACCIDENT,TRUCK_ACCIDENT,NOT_PRIVATE_PROPERTY,ALCOHOL_INVOLVED,STWD_VEHTYPE_AT_FAULT,CHP_VEHTYPE_AT_FAULT,COUNT_SEVERE_INJ,COUNT_VISIBLE_INJ,COUNT_COMPLAINT_PAIN,COUNT_PED_KILLED,COUNT_PED_INJURED,COUNT_BICYCLIST_KILLED,COUNT_BICYCLIST_INJURED,COUNT_MC_KILLED,COUNT_MC_INJURED,PRIMARY_RAMP,SECONDARY_RAMP,LATITUDE,LONGITUDE,COUNTY,CITY,POINT_X,POINT_Y
90594656,2017,2017-11-15,9760,2017-11-07,2133,021431,,2,2,5,4203,0,1,2,,2,011,"US-101 NB","LAS POSITAS RD",2112.00,S,N,A,-,Y,,,101,,,,,,N,Y,3,0,2,2,A,-,01,23152,A,N,C,C,A,A,H,-,D,D,0,,,,,Y,Y,A,01,0,1,1,0,0,0,0,0,0,"- ","- ",34.426900000000003,-119.72698,"SANTA BARBARA","SANTA BARBARA",-119.72698095,34.426892580000001
90595054,2017,2017-11-15,9760,2017-11-07,0840,021476,,2,1,9,4200,0,3,5,,2,001,"LILLIE AVENUE E/B","OLIVE STREET",15.00,W,N,A,-,N,,,,,,,,,,N,4,0,1,2,A,-,21,22106,,N,C,C,A,A,H,-,A,D,0,,,,,Y,,D,22,0,0,1,0,0,0,0,0,0,"- ","- ",34.419710000000002,-119.59425,"SANTA BARBARA",UNINCORPORATED,-119.59421841,34.41965931
90595445,2017,2017-11-16,9760,2017-11-10,1732,020965,,5,2,9,4200,0,1,2,,2,010,"VIA REAL","SANDPIPER DR",920.00,W,N,A,-,N,,,,,,,,,,Y,4,0,1,2,A,-,09,21804,A,N,B,C,A,A,H,-,D,D,0,,,,,Y,,A,07,0,0,1,0,0,0,0,0,0,"- ","- ",34.406230000000001,-119.54418,"SANTA BARBARA",UNINCORPORATED,-119.54426585,34.406225249999999
90595765,2017,2017-11-16,9760,2017-11-08,0800,019446,,3,1,9,4200,0,2,4,,1,021,"HOLLISTER AVE","TURNPIKE RD",315.00,E,N,A,-,N,,,,,,,,,,N,4,0,1,2,A,-,09,21804,A,N,H,G,A,A,H,-,A,D,0,,Y,,,Y,,A,07,0,0,1,0,0,0,1,0,0,"- ","- ",34.436929999999997,-119.78830000000001,"SANTA BARBARA",UNINCORPORATED,-119.78843088000001,34.436827440000002
90595930,2017,2017-11-16,9755,2017-11-13,0130,020323,,1,3,9,4200,0,3,5,,2,050,"SAN MIGUELITO RD","WILLOW AVE",3168.00,S,N,A,-,N,,,,,,,,,,Y,3,0,1,1,A,-,03,22350,,N,F,A,A,A,H,-,C,D,0,,,,,Y,,A,01,0,1,0,0,0,0,0,0,0,"- ","- ",34.621940000000002,-120.45923999999999,"SANTA BARBARA",UNINCORPORATED,-120.45886365,34.62272806
90599086,2017,2017-11-21,9760,2017-11-13,1613,020804,,1,2,9,4200,0,2,4,,2,024,"CALLE REAL","OLD MILL RD.",50.00,W,N,A,-,N,,,,,,,,,,N,4,0,1,2,A,-,03,22350,,N,C,C,A,A,H,-,A,D,0,,,,,Y,,A,07,0,0,1,0,0,0,0,0,0,"- ","- ",34.34413,-119.76546,"SANTA BARBARA",UNINCORPORATED,-119.76481563,34.441305749999998
90599124,2017,2017-11-21,9760,2017-11-13,1750,020765,,1,2,5,4203,0,1,2,,2,011,"US-101 NORTHBOUND","STATE ST.",100.00,S,N,A,-,Y,,,101,,,,,,N,Y,3,0,1,2,A,-,03,22350,,N,C,A,A,A,H,-,C,D,0,,,,,Y,,A,01,0,1,0,0,0,0,0,0,0,"- ","- ",34.415460000000003,-119.69296,"SANTA BARBARA","SANTA BARBARA",-119.69293894,34.415437930000003
90599324,2017,2017-11-21,9755,2017-11-18,0915,017374,,6,1,9,4200,0,1,3,,1,042,SR-154,"DRIVEWAY LOCATED AT 4505 SR-154",6.00,W,N,A,-,Y,,,154,,,,,,,Y,2,0,4,4,C,-,18,,,N,C,C,A,A,H,-,A,A,0,,,,,Y,,-,"- ",1,0,3,0,0,0,0,0,0,"- ","- ",34.546239999999997,-119.88215,"SANTA BARBARA",UNINCORPORATED,-119.88213253000001,34.54630186
90599463,2017,2017-12-13,9755,2017-09-10,2255,020202,,7,3,9,4200,0,1,2,,2,004,"US-101 S/B",SR-154,5808.00,S,N,C,-,Y,,,101,,,,,,S,Y,1,1,1,1,A,-,03,22350,,N,F,A,A,B,H,-,D,D,0,,,,,Y,,A,07,0,0,1,0,0,0,0,0,0,"- ","- ",34.672780000000003,-120.16052000000001,"SANTA BARBARA",UNINCORPORATED,-120.16067439,34.672928659999997
90600568,2017,2017-11-22,9760,2017-11-12,2103,021531,,7,2,9,4200,0,1,2,,2,010,"US-101 N/B","SOUTH PADARO LANE",3000.00,N,N,A,-,Y,,,101,,,,,,N,Y,3,0,1,1,A,-,08,22107,,N,E,J,A,A,H,-,D,D,0,,,,,Y,,A,07,0,1,0,0,0,0,0,0,0,"- ","- ",34.416260000000001,-119.5604,"SANTA BARBARA",UNINCORPORATED,-119.56042515999999,34.416155670000002
90601256,2017,2017-11-22,9760,2017-11-09,0915,019464,,4,1,5,4203,0,1,2,,2,020,"US-101 SOUTHBOUND","LAS POSITAS ROAD",1584.00,N,N,A,-,Y,,,101,,,,,,S,Y,2,0,1,1,A,-,08,22107,,N,E,I,A,A,H,-,A,D,0,,,,,Y,,D,22,1,0,0,0,0,0,0,0,0,"- ","- ",34.429119999999998,-119.74024,"SANTA BARBARA","SANTA BARBARA",-119.74025042,34.42909221
90601539,2017,2017-11-24,9750,2017-11-15,0952,014820,,3,1,9,4200,0,2,4,,1,024,"BRADLEY RD","PATTERSON ROAD",288.00,S,N,A,-,N,,,,,,,,,,N,4,0,1,2,A,-,07,21658,A,N,B,C,A,A,H,-,A,D,0,,,,,Y,,A,07,0,0,1,0,0,0,0,0,0,"- ","- ",34.866900000000001,-120.41896,"SANTA BARBARA",UNINCORPORATED,-120.4188,34.867778950000002
90601570,2017,2017-11-24,9750,2017-11-15,1303,015916,,3,1,5,4204,0,1,2,,2,001,"US-101 S/B (EL CAMINO REAL)","BROADWAY O/C",1056.00,S,N,A,-,Y,,,101,,,,,,S,Y,3,0,1,2,C,-,18,,,N,B,C,A,A,H,-,A,D,0,,,,,Y,,-,"- ",0,1,0,0,0,0,0,0,0,"- ","- ",34.979210000000002,-120.43016,"SANTA BARBARA","SANTA MARIA",-120.4302679,34.979146470000003
90601610,2017,2017-11-24,9750,2017-11-16,0605,015915,,4,1,9,4200,0,1,3,,1,062,SR-166,"TEPUSQUET RD",26400.00,E,N,A,-,Y,,,166,,,,,,,Y,3,0,1,1,A,-,08,22107,,N,E,I,A,A,H,-,D,D,0,,,,Y,Y,,G,27,0,1,0,0,0,0,0,0,0,"- ","- ",35.081699999999998,-120.1497,"SANTA BARBARA",UNINCORPORATED,-120.14976583000001,35.08180952
90601639,2017,2017-11-24,9750,2017-11-19,2028,017496,,7,2,9,4200,0,1,2,,2,002,"US 101 S/B","CLARK AVE",7920.00,S,N,A,-,Y,,,,,,,,,,Y,4,0,1,1,A,-,08,22107,,N,E,I,A,A,H,-,D,D,0,,,,,Y,,A,01,0,0,1,0,0,0,0,0,0,"- ","- ",34.844839999999998,-120.37858,"SANTA BARBARA",UNINCORPORATED,-120.38104747,34.847688329999997
90601715,2017,2017-11-24,9750,2017-02-06,0137,020510,,1,3,9,4200,0,1,3,,1,021,"SR-135 N/B","LAKEVIEW RD",1300.00,N,N,C,-,Y,,,135,,,,,,N,Y,1,2,1,1,A,-,01,23152,A,N,E,I,A,B,H,-,C,D,0,,,,,Y,Y,A,01,0,1,0,0,0,0,0,0,0,"- ","- ",34.898220000000002,-120.43607,"SANTA BARBARA",UNINCORPORATED,-120.43616409000001,34.898235909999997
90577547,2017,2017-10-24,9755,2017-10-23,0720,019292,,1,1,9,4200,0,1,3,,1,042,SR-154,"LAKEVIEW DR.",6336.00,E,N,A,-,Y,,,154,,,,,,,Y,4,0,2,2,A,-,03,22350,,N,C,C,A,A,H,-,A,D,0,,,,,Y,,A,01,0,0,2,0,0,0,0,0,0,"- ","- ",34.566670000000002,-119.94091,"SANTA BARBARA",UNINCORPORATED,-119.94089547,34.566700599999997
90577630,2017,2017-10-24,9760,2017-10-14,0945,020765,,6,1,9,4200,0,3,5,,2,001,"PARK LANE","E MOUNTAIN DRIVE",1320.00,N,N,A,-,N,,,,,,,,,,N,2,0,2,3,A,-,09,21804,B,N,H,G,A,A,H,-,A,D,0,,Y,,,Y,,L,04,1,1,0,0,0,0,2,0,0,"- ","- ",34.44652,-119.6142,"SANTA BARBARA",UNINCORPORATED,-119.61475790999999,34.445269770000003
90578243,2017,2017-10-25,9750,2017-10-20,0810,013267,,5,1,9,4200,0,3,5,,2,030,"SANTA MARIA MESA ROAD","TEPUSQUET ROAD",500.00,W,N,B,-,N,,,,,,,,,,Y,4,0,1,1,A,-,08,22107,,N,F,A,A,B,H,-,A,D,0,,,,,Y,,D,22,0,0,1,0,0,0,0,0,0,"- ","- ",34.865270000000002,-120.25288,"SANTA BARBARA",UNINCORPORATED,-120.25249488999999,34.865775190000001
90578862,2017,2017-10-26,9760,2017-10-18,0827,020211,,3,1,9,4200,0,1,3,,1,014,"SR-192 (FOOTHILL ROAD)","GLEN ALBYN DR",0.00,,Y,A,-,Y,,,192,,,,,,,Y,3,0,2,2,A,-,09,21802,A,N,D,C,A,A,H,-,A,A,0,,,,,Y,,A,01,0,2,0,0,0,0,0,0,0,"- ","- ",34.446620000000003,-119.72317,"SANTA BARBARA",UNINCORPORATED,-119.72317243000001,34.446593640000003
90578877,2017,2017-10-26,9760,2017-10-16,2335,020226,,1,3,9,4200,0,3,5,,2,005,"EL COLEGIO ROAD","CAMINO CORTO",0.00,,Y,A,-,N,,,,,,,,,,N,4,0,1,2,A,-,12,21453,A,N,H,G,A,A,H,-,C,A,0,,Y,,,Y,,L,04,0,0,1,0,0,0,1,0,0,"- ","- ",34.417459999999998,-119.86649,"SANTA BARBARA",UNINCORPORATED,-119.86655992999999,34.417450109999997
90578889,2017,2017-10-26,9760,2017-10-17,0718,014690,,2,1,3,4205,0,1,2,,2,010,"US-101 S/B","CASITAS PASS RD",460.00,N,N,A,-,Y,,,101,,,,,,S,Y,4,0,1,2,D,-,00,,,N,C,C,A,A,D,-,A,D,0,,,,,Y,,-,"- ",0,0,1,0,0,0,0,0,0,"- ","- ",34.397849999999998,-119.51248,"SANTA BARBARA",CARPINTERIA,-119.51246066,34.397863389999998
90579177,2017,2017-10-26,9760,2017-10-16,1716,020965,,1,2,9,4200,0,3,5,,2,001,"NORTH JAMESON LN","SAN YSIDRO RD",0.00,,Y,A,-,Y,,,,,,,,,,N,3,0,1,2,A,-,12,22450,A,N,H,G,A,A,H,-,A,A,0,,Y,,,Y,,L,04,0,1,0,0,0,0,1,0,0,"- ","- ",34.422800000000002,-119.63181,"SANTA BARBARA",UNINCORPORATED,-119.63153991,34.422990110000001
90613892,2017,2017-12-11,9760,2017-11-28,1240,020211,,2,1,9,4200,0,3,5,,2,001,"HILL ROAD (1200 BLOCK)","BUTTERFLY LN",600.00,E,N,A,-,N,,,,,,,,,,N,3,0,1,1,A,-,08,22107,,N,F,A,A,A,H,-,A,D,0,,Y,,,Y,,L,04,0,1,0,0,0,0,1,0,0,"- ","- ",34.418500000000002,-119.6465,"SANTA BARBARA",UNINCORPORATED,-119.64611561,34.418667480000003
90613899,2017,2017-12-11,9760,2017-11-30,0805,019446,,4,1,5,4203,0,1,2,,2,020,"US-101 S/B","LA CUMBRE RD",1500.00,S,N,A,-,Y,,,101,,,,,,S,N,3,0,1,2,A,-,03,22350,,N,C,C,A,A,H,-,A,D,0,,,,,Y,,A,01,0,1,0,0,0,0,0,0,0,"- ","- ",34.433689999999999,-119.74818999999999,"SANTA BARBARA","SANTA BARBARA",-119.74822759,34.433642290000002
90613905,2017,2017-12-11,9760,2017-11-30,1105,019464,,4,1,9,4200,0,3,5,,2,002,"PATTERSON AVENUE","CALLE REAL",0.00,,Y,A,-,N,,,,,,,,,,Y,4,0,2,2,A,-,12,21453,A,N,D,C,A,A,H,-,A,A,0,,,,,Y,,A,07,0,0,2,0,0,0,0,0,0,"- ","- ",34.443680000000001,-119.80825,"SANTA BARBARA",UNINCORPORATED,-119.80817,34.443630059999997
90613909,2017,2017-12-11,9760,2017-12-01,1740,018431,,5,2,5,4203,0,1,2,,2,011,"US-101 S/B","MISSION ST.",700.00,S,N,A,-,Y,,,101,,,,,,S,Y,4,0,1,2,A,-,03,22350,,N,C,C,A,A,H,-,C,D,0,,,,,Y,,A,01,0,0,1,0,0,0,0,0,0,"- ","- ",34.424120000000002,-119.71849,"SANTA BARBARA","SANTA BARBARA",-119.71851658999999,34.424085820000002
90596214,2017,2017-11-16,9760,2017-11-09,1735,020765,,4,2,5,4203,0,1,2,,2,011,"US-101 NORTHBOUND","MILPAS ST",1400.00,S,N,A,-,Y,,,101,,,,,,N,Y,3,0,2,2,A,-,03,22350,,N,C,C,A,A,H,-,C,D,0,,,,,Y,,A,01,0,2,0,0,0,0,0,0,0,"- ","- ",34.419879999999999,-119.67229,"SANTA BARBARA","SANTA BARBARA",-119.67229048,34.41989564
90631561,2017,2018-01-02,9760,2017-12-20,0655,018264,,3,1,3,4205,0,1,2,,2,010,"US-101 NORTHBOUND","SANTA YNEZ AVE",5.00,N,N,A,-,Y,,,,,,,,,,Y,4,0,1,4,A,-,03,22350,,N,C,C,A,A,H,-,A,D,0,,,,,Y,,D,22,0,0,1,0,0,0,0,0,0,"- ","- ",34.433729999999997,-119.52666000000001,"SANTA BARBARA",CARPINTERIA,-119.52662614,34.403383079999998
90632212,2017,2018-01-03,9750,2017-12-24,2015,017884,,7,2,9,4200,0,1,3,,1,021,"SR-135 N/B","CLARK AVE",3168.00,N,N,A,-,Y,,,135,,,,,,N,N,2,0,1,2,A,-,11,21954,A,F,G,B,D,A,H,-,D,D,0,Y,,,,Y,Y,N,60,1,0,0,0,1,0,0,0,0,"- ","- ",34.873869999999997,-120.43653,"SANTA BARBARA",UNINCORPORATED,-120.43658205,34.87387004
90632515,2017,2018-01-04,9760,2017-12-24,0955,019464,,7,1,5,4203,0,1,2,,2,020,"US-101 SOUTHBOUND TO LAS POSITAS ROAD","LOS POSITAS ROAD",10.00,N,N,A,-,Y,,,101,,,,R,,S,N,4,0,1,2,A,-,03,22350,,N,C,C,A,A,H,-,A,A,0,,,,,Y,,A,07,0,0,1,0,0,0,0,0,0,"- ","- ",34.42794,-119.73575,"SANTA BARBARA","SANTA BARBARA",-119.73575,34.42794
90632604,2017,2018-01-04,9760,2017-12-24,1140,019464,,7,1,9,4200,0,1,3,,1,022,SR-154,"PARADISE ROAD",3059.00,W,N,A,-,Y,,,154,,,,,,,Y,3,0,1,2,A,-,05,21460,A,F,F,A,A,A,H,-,A,D,0,,,Y,,Y,,A,07,0,1,0,0,0,0,0,0,1,"- ","- ",34.532400000000003,-119.84796,"SANTA BARBARA",UNINCORPORATED,-119.84795917,34.53245519
90633438,2017,2018-01-04,9760,2017-12-24,0430,021061,,7,3,4,4214,0,1,2,,1,030,"US-101 N/B","STORKE RD.",2100.00,S,N,A,-,Y,,,101,,,,,,N,Y,3,0,1,1,A,-,01,23152,A,N,E,I,A,A,H,-,C,A,0,,,,,Y,Y,A,01,0,1,0,0,0,0,0,0,0,"- ","- ",34.435679999999998,-119.86387999999999,"SANTA BARBARA",GOLETA,-119.86388303,34.435693299999997
90635102,2017,2018-01-08,9760,2017-12-28,1755,020495,,4,2,5,4203,0,1,2,,2,020,"US-101 NORTHBOUND (EL CAMINO REAL)","LAS POSITAS ROAD",350.00,N,N,A,-,Y,,,101,,,,,,N,Y,4,0,1,2,A,-,03,22350,,N,C,C,A,A,H,-,D,D,0,,,,,Y,,A,01,0,0,1,0,0,0,0,0,0,"- ","- ",34.428159999999998,-119.73442,"SANTA BARBARA","SANTA BARBARA",-119.73442015000001,34.428158660000001
90637213,2017,2018-01-10,9760,2017-12-29,0208,020528,,5,3,9,4200,0,3,5,,2,002,"UNIVERSITY DRIVE","PATTERSON AVENUE",390.00,W,N,A,-,N,,,,,,,,,,Y,4,0,1,2,A,-,08,22107,,N,B,E,A,A,H,-,C,D,0,,,,,Y,,A,01,0,0,1,0,0,0,0,0,0,"- ","- ",34.445450000000001,-119.80916999999999,"SANTA BARBARA",UNINCORPORATED,-119.8091222,34.445472440000003
90637277,2017,2018-01-10,9760,2017-12-30,1135,019464,,6,1,3,4205,0,1,2,,2,010,"US-101 NORTHBOUND","CASITAS PASS ROAD",650.00,S,N,A,-,Y,,,101,,,,,,N,Y,4,0,2,2,A,-,03,22350,,N,C,C,A,A,D,-,A,D,0,,,,,Y,,A,01,0,0,2,0,0,0,0,0,0,"- ","- ",34.395510000000002,-119.51044,"SANTA BARBARA",CARPINTERIA,-119.51054092,34.39544111
90637373,2017,2018-01-10,9760,2017-12-29,2155,021503,,5,2,9,4200,0,3,5,,2,001,SR-150,"GOBERNADOR CANYON RD",25.00,E,N,A,-,Y,,,150,,,,,,,Y,2,0,2,1,A,-,01,23152,A,N,E,I,A,A,H,-,D,D,0,,,,,Y,Y,A,01,2,0,0,0,0,0,0,0,0,"- ","- ",34.396050000000002,-119.45372999999999,"SANTA BARBARA",UNINCORPORATED,-119.45373062,34.396022500000001
90641016,2017,2018-01-16,9755,2017-12-17,0157,021125,,7,3,9,4200,0,1,3,,1,042,SR-154,"VIA DEL LOS RANCHOS ROAD",175.00,W,N,A,-,Y,,,154,,,,,,,Y,1,2,4,3,A,-,01,23152,A,N,A,C,A,A,H,-,C,D,0,,,,,Y,Y,A,07,3,0,1,0,0,0,0,0,0,"- ","- ",34.681759999999997,-120.15564999999999,"SANTA BARBARA",UNINCORPORATED,-120.15567187000001,34.681741520000003
90601912,2017,2017-11-27,9755,2017-11-17,0515,021011,,5,3,9,4200,0,1,3,,1,051,"RT 1","MPM 13.09",65.00,S,N,C,-,Y,,,1,,,,,,,Y,3,0,1,1,A,-,08,22107,,N,F,A,A,B,H,-,D,D,0,,,,,Y,,D,22,0,1,0,0,0,0,0,0,0,"- ","- ",34.5807,-120.3817,"SANTA BARBARA",UNINCORPORATED,-120.38166262999999,34.580809469999998
90602640,2017,2017-12-12,9755,2017-11-25,2025,020777,,6,2,9,4200,0,3,5,,2,040,"BASELINE AVE","REFUGIO RD",1000.00,W,N,A,-,N,,,,,,,,,,Y,4,0,1,1,A,-,01,23152,A,N,F,A,A,A,H,-,D,D,0,,,,,Y,Y,A,01,0,0,1,0,0,0,0,0,0,"- ","- ",34.635649999999998,-120.10124,"SANTA BARBARA",UNINCORPORATED,-120.10126249,34.635676599999996
90602768,2017,2017-11-27,9760,2017-11-14,1620,020804,,2,2,5,4203,0,1,2,,2,020,"US-101 N/B",SR-154,50.00,S,N,A,-,Y,,,101,,,,,,N,Y,4,0,1,2,A,-,07,21658,A,N,E,I,A,A,H,-,A,D,0,,,,,Y,,A,01,0,0,1,0,0,0,0,0,0,"- ","- ",34.441270000000003,-119.75915999999999,"SANTA BARBARA","SANTA BARBARA",-119.75915977,34.441328900000002
90603900,2017,2017-11-28,9750,2017-11-24,1545,018786,,5,2,9,4200,0,3,5,,2,020,"CALIFORNIA BLVD","FLAGSTONE DR",0.00,,Y,A,-,N,,,,,,,,,,Y,2,0,1,2,A,-,01,23152,A,N,B,C,A,A,H,-,A,D,0,,,Y,,Y,Y,C,02,1,0,0,0,0,0,0,0,1,"- ","- ",34.87012,-120.4469,"SANTA BARBARA",UNINCORPORATED,-120.44697995,34.870100059999999
90604092,2017,2017-11-28,9760,2017-11-15,1635,020804,,3,2,9,4200,0,3,5,,2,005,"CAMINO PESCADERO","SUENO RD.",0.00,,Y,A,-,N,,,,,,,,,,N,2,0,1,2,A,-,09,21802,A,N,H,G,A,A,H,-,A,A,0,,Y,,,Y,,L,04,1,0,0,0,0,0,1,0,0,"- ","- ",34.412680000000002,-119.85869,"SANTA BARBARA",UNINCORPORATED,-119.85869998,34.412630059999998
90604233,2017,2017-11-28,9760,2017-11-15,0800,019446,,3,1,5,4203,0,1,2,,2,020,"US-101 N/B","LAS POSITAS ROAD",550.00,N,N,A,-,Y,,,101,,,,,,N,Y,4,0,1,5,A,-,03,22350,,N,C,C,A,A,H,-,A,D,0,,,,,Y,,D,22,0,0,1,0,0,0,0,0,0,"- ","- ",34.428280000000001,-119.73560999999999,"SANTA BARBARA","SANTA BARBARA",-119.7356123,34.428244540000001
90604651,2017,2017-11-29,9760,2017-11-16,0305,021294,,4,3,9,4200,0,1,2,,1,040,"US-101 NB","REFUGIO ROAD",8976.00,N,N,A,-,Y,,,101,,,,,,N,Y,3,0,1,1,A,-,08,22107,,N,E,I,A,A,H,-,D,D,0,,,,,Y,,A,01,0,1,0,0,0,0,0,0,0,"- ","- ",34.461790000000001,-120.08732000000001,"SANTA BARBARA",UNINCORPORATED,-120.08731824,34.461729079999998
90604689,2017,2017-11-29,9760,2017-11-16,1540,018431,,4,2,5,4203,0,1,2,,2,020,"US-101 S/B","HOPE AVE.",1640.00,S,N,C,-,Y,,,101,,,,,,S,Y,3,0,2,3,A,-,07,21658,A,N,B,C,A,B,H,-,A,D,0,,,,Y,Y,,D,22,0,2,0,0,0,0,0,0,0,"- ","- ",34.430610000000001,-119.74362000000001,"SANTA BARBARA","SANTA BARBARA",-119.74361342,34.430621250000002
90604919,2017,2017-11-29,9760,2017-11-20,1250,015669,,1,1,9,4200,0,3,5,,2,005,"CAMINO PESCADERO","ABREGO ROAD",0.00,,Y,A,-,N,,,,,,,,,,N,4,0,1,2,A,-,08,22107,,N,B,G,A,A,H,-,A,D,0,,Y,,,Y,,L,04,0,0,1,0,0,0,1,0,0,"- ","- ",34.414250000000003,-119.8587,"SANTA BARBARA",UNINCORPORATED,-119.85869999000001,34.414150059999997
90605238,2017,2017-11-29,9755,2017-11-27,0621,021818,,1,1,9,4200,0,1,2,,2,004,"US-101 S/B",SR-1,3696.00,N,N,C,-,Y,,,101,,,,,,S,Y,3,0,1,2,A,-,03,22350,,N,D,C,A,B,H,-,D,D,0,,,,,Y,,A,07,0,1,0,0,0,0,0,0,0,"- ","- ",34.516539999999999,-120.21823999999999,"SANTA BARBARA",UNINCORPORATED,-120.2182524,34.516546990000002
90605351,2017,2017-11-29,9755,2017-11-26,2218,021125,,7,3,9,4200,0,1,3,,1,055,"SR-1 N/B","FIREFIGHTER ROAD",325.00,N,N,C,-,Y,,,1,,,,,,N,Y,4,0,1,2,A,-,03,22350,,N,D,C,A,B,H,-,C,D,0,,,,,Y,,A,07,0,0,1,0,0,0,0,0,0,"- ","- ",34.768320000000003,-120.51195,"SANTA BARBARA",UNINCORPORATED,-120.5118882,34.76830803
90605521,2017,2017-11-29,9760,2017-11-21,1929,018431,,2,2,5,4203,0,1,2,,2,011,"US-101 S/B","MILPAS ST.",3200.00,S,N,A,-,Y,,,101,,,,,,S,Y,4,0,2,4,A,-,03,22350,,N,C,C,A,A,H,-,C,D,0,,,,,Y,,A,07,0,0,2,0,0,0,0,0,0,"- ","- ",34.421219999999998,-119.66616999999999,"SANTA BARBARA","SANTA BARBARA",-119.66616489,34.421202350000002
90605790,2017,2017-11-30,9760,2017-11-21,0750,015669,,2,1,9,4200,0,1,2,,1,030,"US-101 S/B","SIGNAL OIL",1056.00,S,N,A,-,Y,,,101,,,,,,S,Y,2,0,1,1,A,-,08,22107,,N,E,I,A,A,H,-,A,D,0,,,,,Y,,D,22,1,0,0,0,0,0,0,0,0,"- ","- ",34.438490000000002,-119.92923999999999,"SANTA BARBARA",UNINCORPORATED,-119.92923595000001,34.438522419999998
90606196,2017,2017-11-30,9760,2017-11-18,1700,021018,,6,2,4,4214,0,1,2,,1,030,"US-101 S/B","FAIRVIEW AVE",2500.00,N,N,A,-,Y,,,101,,,,,,S,Y,4,0,1,2,A,-,01,23152,A,N,B,C,A,A,H,-,B,D,0,,,,,Y,Y,A,01,0,0,1,0,0,0,0,0,0,"- ","- ",34.438659999999999,-119.84105,"SANTA BARBARA",GOLETA,-119.84105024,34.438662069999999
90606414,2017,2017-11-30,9755,2017-11-27,0030,020323,,1,3,9,4200,0,1,3,,1,042,SR-154,"FOXEN CANYON RD",3960.00,W,N,C,-,Y,,,154,,,,,,,Y,2,0,1,1,A,-,03,22350,,N,E,I,A,B,H,-,D,D,0,,,,,Y,,D,22,1,0,0,0,0,0,0,0,0,"- ","- ",34.675840000000001,-120.13212,"SANTA BARBARA",UNINCORPORATED,-120.13206286,34.675949299999999
90606461,2017,2017-11-30,9760,2017-11-19,0100,021531,,7,3,9,4200,0,2,4,,1,021,"HOLLISTER AVENUE","EVONSHIRE AVENUE",0.00,,Y,A,-,N,,,,,,,,,,N,3,0,1,1,A,-,01,23152,A,M,E,I,A,A,H,-,C,D,0,,,,,Y,Y,A,07,0,1,0,0,0,0,0,0,0,"- ","- ",34.436,-119.79158,"SANTA BARBARA",UNINCORPORATED,-119.79147997,34.436250100000002
90608874,2017,2017-12-04,9760,2017-11-21,0930,020495,,2,1,5,4203,0,1,2,,2,011,"US-101 SOUTHBOUND FROM LAS POSITAS ROAD","LAS POSITAS ROAD",13.00,S,N,A,-,Y,,,,,,,,,,N,3,0,1,2,A,-,11,21456,B,N,G,B,D,A,H,-,A,A,0,Y,,,,Y,,N,60,0,1,0,0,1,0,0,0,0,"- ","- ",34.327669999999998,-119.73354999999999,"SANTA BARBARA","SANTA BARBARA",-119.73370777,34.427942960000003
90608901,2017,2017-12-04,9760,2017-11-22,1035,014690,,3,1,3,4205,0,1,2,,2,010,"US-101 N/B","BAILARD AVE",800.00,N,N,A,-,Y,,,101,,,,,,N,N,3,0,1,1,A,-,04,21703,,N,F,A,A,A,H,-,A,D,0,,,Y,,Y,,C,02,0,1,0,0,0,0,0,0,1,"- ","- ",34.388890000000004,-119.49972,"SANTA BARBARA",CARPINTERIA,-119.49968366,34.389002720000001