CASE_ID,ACCIDENT_YEAR,PROC_DATE,JURIS,COLLISION_DATE,COLLISION_TIME,OFFICER_ID,REPORTING_DISTRICT,DAY_OF_WEEK,CHP_SHIFT,POPULATION,CNTY_CITY_LOC,SPECIAL_COND,BEAT_TYPE,CHP_BEAT_TYPE,CITY_DIVISION_LAPD,CHP_BEAT_CLASS,BEAT_NUMBER,PRIMARY_RD,SECONDARY_RD,DISTANCE,DIRECTION,INTERSECTION,WEATHER_1,WEATHER_2,STATE_HWY_IND,CALTRANS_COUNTY,CALTRANS_DISTRICT,STATE_ROUTE,ROUTE_SUFFIX,POSTMILE_PREFIX,POSTMILE,LOCATION_TYPE,RAMP_INTERSECTION,SIDE_OF_HWY,TOW_AWAY,COLLISION_SEVERITY,NUMBER_KILLED,NUMBER_INJURED,PARTY_COUNT,PRIMARY_COLL_FACTOR,PCF_CODE_OF_VIOL,PCF_VIOL_CATEGORY,PCF_VIOLATION,PCF_VIOL_SUBSECTION,HIT_AND_RUN,TYPE_OF_COLLISION,MVIW,PED_ACTION,ROAD_SURFACE,ROAD_COND_1,ROAD_COND_2,LIGHTING,CONTROL_DEVICE,CHP_ROAD_TYPE,PEDESTRIAN_ACCIDENT,BICYCLE_ACCIDENT,MOTORCYCLE_ACCIDENT,TRUCK_ACCIDENT,NOT_PRIVATE_PROPERTY,ALCOHOL_INVOLVED,STWD_VEHTYPE_AT_FAULT,CHP_VEHTYPE_AT_FAULT,COUNT_SEVERE_INJ,COUNT_VISIBLE_INJ,COUNT_COMPLAINT_PAIN,COUNT_PED_KILLED,COUNT_PED_INJURED,COUNT_BICYCLIST_KILLED,COUNT_BICYCLIST_INJURED,COUNT_MC_KILLED,COUNT_MC_INJURED,PRIMARY_RAMP,SECONDARY_RAMP,LATITUDE,LONGITUDE,COUNTY,CITY,POINT_X,POINT_Y
90608929,2017,2017-12-04,9760,2017-11-22,1215,014690,,3,1,9,4200,0,1,2,,2,010,"US-101 N/B","S. PARDARO LANE",50.00,S,N,A,-,Y,,,101,,,,,,N,Y,4,0,2,2,A,-,03,22350,,N,C,C,A,A,H,-,A,D,0,,,,,Y,,A,01,0,0,2,0,0,0,0,0,0,"- ","- ",34.41075,-119.55273,"SANTA BARBARA",UNINCORPORATED,-119.55274409,34.410730340000001
90608983,2017,2017-12-04,9760,2017-11-22,1440,018431,,3,2,9,4200,0,1,2,,2,010,"US-101 S/B","SHEFFIELD DR.",950.00,S,N,A,-,Y,,,101,,,,,,S,N,4,0,1,2,A,-,07,21658,A,N,B,C,A,A,H,-,A,D,0,,,Y,,Y,,A,07,0,0,1,0,0,0,0,0,1,"- ","- ",34.421340000000001,-119.61089,"SANTA BARBARA",UNINCORPORATED,-119.61089157000001,34.421329909999997
90609315,2017,2017-12-04,9760,2017-12-02,0155,021431,,6,3,5,4203,0,1,2,,2,011,"US-101 NB","MICHELTORENA ST",150.00,S,N,A,-,Y,,,101,,,,,,N,Y,3,0,1,2,A,-,01,23152,A,N,B,C,A,A,H,-,D,D,0,,,,,Y,Y,A,07,0,1,0,0,0,0,0,0,0,"- ","- ",34.420630000000003,-119.71343,"SANTA BARBARA","SANTA BARBARA",-119.71344071,34.420614829999998
90609759,2017,2017-12-04,9760,2017-11-20,2333,021431,,1,3,9,4200,0,1,3,,1,014,"SR-192 (FOOTHILL ROAD)","LA COMBADURA RD",120.00,W,N,A,-,Y,,,192,,,,,,,Y,3,0,1,4,A,-,01,23152,A,N,E,I,A,A,H,-,D,D,0,,,Y,,Y,Y,D,22,0,1,0,0,0,0,0,0,0,"- ","- ",34.446539999999999,-119.72284999999999,"SANTA BARBARA",UNINCORPORATED,-119.72284956999999,34.446584199999997
90613912,2017,2017-12-11,9760,2017-12-01,1533,021018,,5,2,5,4203,0,1,2,,2,011,"US-101 SOUTHBOUND","CABRILLO BLVD",2500.00,N,N,A,-,Y,,,101,,,,,,S,N,4,0,1,2,A,-,03,22350,,N,C,C,A,A,H,-,A,D,0,,,,,Y,,A,01,0,0,1,0,0,0,0,0,0,"- ","- ",34.421900000000001,-119.66359,"SANTA BARBARA","SANTA BARBARA",-119.66360069,34.421936700000003
90613971,2017,2017-12-11,9760,2017-11-29,1733,018431,,3,2,4,4214,0,1,2,,1,030,"US-101 N/B TO FAIRVIEW AVE.","FAIRVIEW AVE.",150.00,S,N,A,-,Y,,,101,,,,R,,N,N,4,0,1,3,A,-,03,22350,,M,C,C,A,A,H,-,C,D,0,,,,,Y,,A,07,0,0,1,0,0,0,0,0,0,"- ","- ",34.44041,-119.83008,"SANTA BARBARA",GOLETA,-119.83008,34.44041
90615183,2017,2017-12-12,9750,2017-12-06,1740,017379,,3,2,9,4200,0,1,3,,1,021,SR-135,"GOODWIN ROAD",0.00,,Y,A,-,Y,,,135,,,,,,,Y,4,0,2,2,A,-,09,21453,C,N,D,C,A,A,H,-,C,A,0,,,,,Y,,A,01,0,0,2,0,0,0,0,0,0,"- ","- ",34.899439999999998,-120.43598,"SANTA BARBARA",UNINCORPORATED,-120.43598824999999,34.899441359999997
90615210,2017,2017-12-12,9750,2017-12-09,2025,017616,,6,2,9,4200,0,1,3,,1,012,SR-1,"BLACK RD",14784.00,N,N,A,-,Y,,,1,,,,,,,Y,3,0,1,1,A,-,08,22107,,N,F,A,A,A,H,-,D,D,0,,,,,Y,,D,22,0,1,0,0,0,0,0,0,0,"- ","- ",34.90596,-120.53849,"SANTA BARBARA",UNINCORPORATED,-120.53863355999999,34.905757080000001
90615342,2017,2017-12-12,9750,2017-12-11,0240,019656,,1,3,9,4200,0,1,3,,1,062,SR-166,"CABLE CORRAL RD",3168.00,W,N,A,-,Y,,,166,,,,,,,Y,2,0,1,1,A,-,01,23152,A,N,F,A,A,A,H,-,D,D,0,,,,,Y,Y,A,01,1,0,0,0,0,0,0,0,0,"- ","- ",35.106819999999999,-120.10651,"SANTA BARBARA",UNINCORPORATED,-120.10660126000001,35.106861260000002
90615653,2017,2017-12-12,9755,2017-12-05,1635,019292,,2,2,9,4200,0,1,3,,1,053,SR-246,"MISSION GATE RD",40.00,W,N,A,-,Y,,,246,,,,,,,Y,3,0,2,2,A,-,01,23152,A,N,C,C,A,A,H,-,A,D,0,,,,,Y,Y,A,07,0,1,1,0,0,0,0,0,0,"- ","- ",34.663490000000003,-120.42218,"SANTA BARBARA",UNINCORPORATED,-120.42220951,34.663527680000001
90615702,2017,2017-12-12,9755,2017-12-09,1915,012436,,6,2,9,4200,0,3,5,,2,040,"ROBLAR AVE","CALZADA AVE",700.00,E,N,A,-,N,,,,,,,,,,Y,2,0,1,1,A,-,08,22107,,N,E,I,A,A,H,-,D,D,0,,,,,Y,,A,01,1,0,0,0,0,0,0,0,0,"- ","- ",34.650089999999999,-120.08664,"SANTA BARBARA",UNINCORPORATED,-120.08678383,34.650125240000001
90615828,2017,2017-12-12,9755,2017-12-11,1805,017255,,1,2,9,4200,0,3,5,,2,050,"BURTON MESA BLVD","RUCKER ROAD",334.00,W,N,A,-,N,,,,,,,,,,Y,4,0,1,2,A,-,03,22350,,N,C,C,A,A,H,-,C,D,0,,,,,Y,,A,01,0,0,1,0,0,0,0,0,0,"- ","- ",34.692300000000003,-120.43801000000001,"SANTA BARBARA",UNINCORPORATED,-120.43796001,34.692329469999997
90616388,2017,2017-12-13,9760,2017-12-03,1905,020528,,7,2,9,4200,0,1,3,,1,014,"SR-192 (EAST VALLEY ROAD)","BUENA VISTA DRIVE",0.00,,Y,A,-,Y,,,192,,,,,,,Y,2,0,1,1,A,-,01,23152,A,N,E,I,A,A,H,-,D,D,0,,,,,Y,Y,A,01,1,0,0,0,0,0,0,0,0,"- ","- ",34.43938,-119.61541,"SANTA BARBARA",UNINCORPORATED,-119.61538877,34.439463910000001
90616513,2017,2018-04-18,9760,2017-12-06,1720,020473,,3,2,5,4203,0,1,2,,2,011,"US-101 N/B","PUEBLO ST",450.00,S,N,A,-,Y,,,101,,,,,,N,Y,4,0,1,3,A,-,03,22350,,M,C,C,A,A,H,-,B,D,0,,,,,Y,,A,01,0,0,1,0,0,0,0,0,0,"- ","- ",34.426639999999999,-119.72511,"SANTA BARBARA","SANTA BARBARA",-119.72510984,34.426640949999999
90617622,2017,2018-10-29,9760,2017-12-11,1045,020495,,1,1,4,4214,0,1,2,,2,020,"US-101 SOUTHBOUND (EL CAMINO REAL)",SR-217,415.00,S,N,A,-,Y,,,101,,,,,,S,Y,1,1,0,1,A,-,08,22107,,N,E,I,A,A,H,-,A,D,0,,,,,Y,,D,22,0,0,0,0,0,0,0,0,0,"- ","- ",34.441569999999999,-119.81171999999999,"SANTA BARBARA",GOLETA,-119.81172952,34.441632800000001
90610840,2017,2017-12-06,9760,2017-11-22,1950,020473,,3,2,9,4200,0,1,3,,1,028,"SR-192 (FOOTHILL RD.)","CATHEDRAL VISTA LN",5.00,W,N,A,-,N,,,192,,,,,,,N,3,0,1,2,A,-,03,22350,,N,C,C,A,A,H,-,D,D,0,,,,,Y,,D,22,0,1,0,0,0,0,0,0,0,"- ","- ",34.453490000000002,-119.75326,"SANTA BARBARA",UNINCORPORATED,-119.75326296,34.453494599999999
90610853,2017,2017-12-06,9760,2017-11-24,1600,020964,,5,2,9,4200,0,2,4,,1,021,"RHOADS AVENUE","MAYRUM ST",215.00,W,N,A,-,N,,,,,,,,,,N,4,0,1,2,A,-,21,22106,,N,D,C,A,A,H,-,A,D,0,,,,,Y,,A,01,0,0,1,0,0,0,0,0,0,"- ","- ",34.428440000000002,-119.79446,"SANTA BARBARA",UNINCORPORATED,-119.79451258,34.428760169999997
90611138,2017,2017-12-06,9760,2017-11-27,0110,021531,,1,3,5,4203,0,1,2,,2,011,"US-101 N/B","GARDEN STREET",300.00,S,N,A,-,Y,,,101,,,,,,N,N,4,0,1,1,A,-,08,22107,,N,E,I,A,A,H,-,C,D,0,,,,,Y,,A,07,0,0,1,0,0,0,0,0,0,"- ","- ",34.418880000000001,-119.68884,"SANTA BARBARA","SANTA BARBARA",-119.68886319000001,34.418925639999998
90611348,2017,2017-12-06,9755,2017-11-30,0905,016999,,4,1,9,4200,0,1,3,,1,055,"SR-1 S/B","AZALEA LN",508.00,S,N,A,-,Y,,,1,,,,,,S,Y,2,0,1,1,A,-,08,22107,,M,F,A,A,A,H,-,A,D,0,,,,,Y,,A,01,1,0,0,0,0,0,0,0,0,"- ","- ",34.733330000000002,-120.50364999999999,"SANTA BARBARA",UNINCORPORATED,-120.50360468,34.733374339999997
90611351,2017,2017-12-06,9760,2017-11-24,2225,021503,,5,3,9,4200,0,1,3,,1,022,"SR-154 (SAN MARCOS PASS)","STAGECOACH ROAD",1056.00,E,N,A,-,Y,,,154,,,,,,,Y,2,0,2,1,A,-,01,23152,F,N,E,I,A,A,H,-,D,D,0,,,,,Y,,A,07,2,0,0,0,0,0,0,0,0,"- ","- ",34.519350000000003,-119.82914,"SANTA BARBARA",UNINCORPORATED,-119.82921478,34.519342549999998
90611402,2017,2017-12-06,9750,2017-12-05,0740,016874,,2,1,9,4200,0,3,5,,2,030,"UNION VALLEY PARKWAY",US-101,81.00,E,N,A,-,Y,,,,,,,,,,Y,4,0,1,2,A,-,03,22350,,N,C,C,A,A,H,-,A,D,0,,,,,Y,,A,07,0,0,1,0,0,0,0,0,0,"- ","- ",34.880139999999997,-120.40797000000001,"SANTA BARBARA",UNINCORPORATED,-120.40878209,34.880037479999999
90611413,2017,2017-12-06,9760,2017-11-24,1617,020495,,5,2,9,4200,0,3,5,,2,001,"N. PADARO LANE","VIA REAL",140.00,S,N,A,-,N,,,,,,,,,,N,3,0,1,2,A,-,09,21801,A,N,H,G,A,A,H,-,A,D,0,,Y,,,Y,,A,01,0,1,0,0,0,0,1,0,0,"- ","- ",34.417189999999998,-119.58286,"SANTA BARBARA",UNINCORPORATED,-119.58281588,34.417249210000001
90611573,2017,2017-12-06,9760,2017-11-25,1705,021018,,6,2,9,4200,0,1,2,,2,010,"US-101 N/B","S. PADARO LANE",1500.00,N,N,A,-,Y,,,101,,,,,,N,Y,3,0,2,2,A,-,01,23152,A,N,C,C,A,A,H,-,B,D,0,,,,,Y,Y,A,01,0,1,1,0,0,0,0,0,0,"- ","- ",34.414149999999999,-119.55723999999999,"SANTA BARBARA",UNINCORPORATED,-119.55722645,34.414165609999998
90611580,2017,2018-01-30,9755,2017-11-14,1730,017255,,2,2,9,4200,0,1,3,,1,042,SR-154,"SANTA YNEZ RIVER",2640.00,W,N,A,-,Y,,,154,,,,,,,Y,1,2,0,3,C,-,18,,,N,E,H,A,A,H,-,D,D,0,,,,,Y,,-,"- ",0,0,0,0,0,0,0,0,0,"- ","- ",34.594940000000001,-120.03794000000001,"SANTA BARBARA",UNINCORPORATED,-120.03797665,34.59490023
90612095,2017,2017-12-07,9760,2017-11-29,1554,017314,,3,2,9,4200,0,1,2,,2,010,"US-101 S/B","S PADARO LANE",1575.00,N,N,A,-,Y,,,101,,,,,,S,Y,3,0,1,2,A,-,03,22350,,N,B,C,A,A,H,-,A,D,0,,,Y,,Y,,C,02,0,1,0,0,0,0,0,0,1,"- ","- ",34.41581,-119.56005,"SANTA BARBARA",UNINCORPORATED,-119.56003330999999,34.415849209999998
90612180,2017,2017-12-07,9750,2017-11-28,0542,017709,,2,3,9,4200,0,1,3,,1,012,SR-1,"BROWN ROAD",0.00,,Y,A,-,Y,,,1,,,,,,,Y,3,0,1,4,A,-,09,21801,A,N,D,C,A,A,H,-,D,A,0,,,,,Y,,A,01,0,1,0,0,0,0,0,0,0,"- ","- ",34.932929999999999,-120.56853,"SANTA BARBARA",UNINCORPORATED,-120.56860573,34.932881399999999
90617919,2017,2017-12-14,9750,2017-12-13,1741,015916,,3,2,5,4204,0,1,2,,2,001,"US-101 S/B (EL CAMINO REAL)","DONOVAN ROAD",2640.00,N,N,A,-,Y,,,101,,,,,,S,Y,4,0,1,2,A,-,03,22350,,N,C,C,A,A,H,-,D,D,0,,,,,Y,,A,01,0,0,1,0,0,0,0,0,0,"- ","- ",34.974249999999998,-120.42719,"SANTA BARBARA","SANTA MARIA",-120.42720095,34.974243139999999
90618733,2017,2017-12-18,9760,2017-12-06,2042,021476,,3,2,9,4200,0,3,5,,2,001,"MISSION CANYON ROAD","PUESTA DEL SOL",200.00,S,N,A,-,N,,,,,,,,,,Y,4,0,1,1,A,-,01,23152,A,N,E,I,A,A,H,-,D,D,0,,,,,Y,Y,D,22,0,0,1,0,0,0,0,0,0,"- ","- ",34.441009999999999,-119.71299,"SANTA BARBARA",UNINCORPORATED,-119.71303772,34.440992170000001
90618870,2017,2017-12-18,9760,2017-12-08,2300,021503,,5,3,9,4200,0,1,2,,1,030,"FARREN ROAD","VEREDA DEL PADRE",2640.00,N,N,A,-,N,,,,,,,,,,Y,3,0,2,1,A,-,03,22350,,N,E,I,A,A,H,-,D,D,0,,,,,Y,,D,22,0,2,0,0,0,0,0,0,0,"- ","- ",34.44567,-119.92203000000001,"SANTA BARBARA",UNINCORPORATED,-119.92283362000001,34.444922179999999
90618871,2017,2017-12-18,9750,2017-12-09,1340,013267,,6,1,9,4200,0,3,5,,2,020,"BRADLEY ROAD","SAGE CREST ROAD",80.00,S,N,A,-,N,,,,,,,,,,N,4,0,2,2,A,-,03,22350,,N,C,C,A,A,H,-,A,A,0,,,,,Y,,A,01,0,0,2,0,0,0,0,0,0,"- ","- ",34.852870000000003,-120.41885000000001,"SANTA BARBARA",UNINCORPORATED,-120.41889999999999,34.852850259999997
90618886,2017,2017-12-18,9760,2017-12-10,1713,021531,,7,2,9,4200,0,1,3,,1,022,"SR-154 E/B","SAN ANTONIO CREEK RD",1300.00,E,N,A,-,Y,,,154,,,,,,E,N,4,0,3,2,A,-,03,22350,,N,C,C,A,A,H,-,D,D,0,,,,,Y,,D,22,0,0,3,0,0,0,0,0,0,"- ","- ",34.46781,-119.77189,"SANTA BARBARA",UNINCORPORATED,-119.77185762000001,34.467825359999999
90618890,2017,2017-12-18,9750,2017-12-13,1205,017910,,3,1,9,4200,0,3,5,,2,020,"HARRIS GRADE RD",SR-135,15840.00,S,N,A,-,N,,,,,,,,,,Y,3,0,1,1,C,-,18,,,N,E,I,A,A,H,-,A,D,0,,,,,Y,,-,"- ",0,1,0,0,0,0,0,0,0,"- ","- ",34.735909999999997,-120.44058,"SANTA BARBARA",UNINCORPORATED,-120.43915496,34.735425280000001
90618894,2017,2018-03-15,9750,2017-12-03,1615,017379,,7,2,9,4200,0,1,3,,1,064,"SR-166 (STATE ROUTE 166)","BELL ROAD",1056.00,E,N,A,-,Y,,,166,,,,,,,Y,1,3,0,2,A,-,01,23152,G,N,A,C,A,A,H,-,A,D,0,,,,,Y,Y,A,07,0,0,0,0,0,0,0,0,0,"- ","- ",34.958309999999997,-119.71116000000001,"SANTA BARBARA",UNINCORPORATED,-119.71114414,34.958336449999997
90618898,2017,2017-12-18,9750,2017-12-12,2230,014820,,2,3,9,4200,0,3,5,,2,030,"TEPUSQUET RD","COLSON CANYON RD",8976.00,N,N,A,-,N,,,,,,,,,,Y,2,0,2,1,A,-,08,22107,,N,E,I,A,A,H,-,D,D,0,,,,,Y,,A,01,2,0,0,0,0,0,0,0,0,"- ","- ",34.949010000000001,-120.22615999999999,"SANTA BARBARA",UNINCORPORATED,-120.22908682000001,34.944838859999997
90618902,2017,2017-12-18,9750,2017-12-15,1430,015915,,5,2,9,4200,0,3,5,,2,010,"BLACK ROAD",SR-1,5280.00,W,N,A,-,N,,,,,,,,,,Y,3,0,1,1,A,-,08,22107,,N,F,A,A,A,H,-,A,D,0,,,,,Y,,B,07,0,1,0,0,0,0,0,0,0,"- ","- ",34.877789999999997,-120.50915000000001,"SANTA BARBARA",UNINCORPORATED,-120.51278134,34.876970319999998
90618929,2017,2017-12-18,9760,2017-12-11,1502,020211,,1,2,9,4200,0,1,2,,2,010,"US-101 SOUTHBOUND","SOUTH PADARO LN",1300.00,S,N,A,-,Y,,,101,,,,,,S,Y,3,0,2,2,A,-,03,22350,,N,C,C,A,A,H,-,A,D,0,,,,,Y,,D,22,0,2,0,0,0,0,0,0,0,"- ","- ",34.408540000000002,-119.55005,"SANTA BARBARA",UNINCORPORATED,-119.55002659,34.408572360000001
90618936,2017,2017-12-18,9760,2017-11-21,1925,020765,,2,2,5,4203,0,1,2,,2,011,"US-101 SOUTHBOUND","MILPAS STREET",2500.00,S,N,A,-,Y,,,101,,,,,,S,Y,3,0,2,4,A,-,03,22350,,N,C,C,A,A,H,-,C,D,0,,,,,Y,,A,07,0,2,0,0,0,0,0,0,0,"- ","- ",34.420549999999999,-119.66856,"SANTA BARBARA","SANTA BARBARA",-119.6685446,34.420501190000003
90618948,2017,2017-12-18,9760,2017-12-08,0140,021294,,5,3,9,4200,0,1,3,,1,022,"SR-154 W/B","MARIA YGNACIA LANE",2780.00,W,N,A,-,Y,,,154,,,,,,W,Y,3,0,1,1,A,-,03,22350,,N,E,J,A,A,H,-,D,D,0,,,,,Y,,D,22,0,1,0,0,0,0,0,0,0,"- ","- ",34.475000000000001,-119.7727,"SANTA BARBARA",UNINCORPORATED,-119.77270865,34.475006700000002
90621552,2017,2017-12-20,9760,2017-12-11,2320,021531,,1,3,3,4205,0,1,2,,2,010,"US-101 S/B","LINDEN AVE",815.00,N,N,A,-,Y,,,101,,,,,,S,Y,3,0,5,2,A,-,01,23152,A,N,C,C,A,A,H,-,D,D,0,,,,,Y,Y,A,01,0,1,4,0,0,0,0,0,0,"- ","- ",34.40184,-119.51912,"SANTA BARBARA",CARPINTERIA,-119.51912924,34.401790750000004
90622161,2017,2017-12-21,9760,2017-12-14,1720,16739,,4,2,9,4200,0,1,2,,2,020,"US-101 S/B (EL CAMINO REAL)","TURNPIKE RD.",700.00,S,N,A,-,Y,,,101,,,,,,S,Y,4,0,1,2,A,-,03,22350,,N,C,C,A,A,H,-,C,D,0,,,,,Y,,A,01,0,0,1,0,0,0,0,0,0,"- ","- ",34.44211,-119.78667,"SANTA BARBARA",UNINCORPORATED,-119.78666997000001,34.442110419999999
90622352,2017,2017-12-21,9760,2017-12-16,1520,019464,,6,2,9,4200,0,3,5,,2,002,"PATTERSON AVENUE SOUTHBOUND","UNIVERSITY AVENUE",300.00,N,N,A,-,N,,,,,,,,,,N,4,0,1,2,A,-,03,22350,,N,C,C,A,A,H,-,A,A,0,,,,,Y,,A,01,0,0,1,0,0,0,0,0,0,"- ","- ",34.446269999999998,-119.80766,"SANTA BARBARA",UNINCORPORATED,-119.80768374,34.446163480000003
90626151,2017,2017-12-26,9760,2017-12-15,1306,020029,,5,1,9,4200,0,3,5,,2,001,"STANLEY PARK RD","GOBERNADOR CANYON RD",295.00,N,N,A,-,N,,,,,,,,,,N,4,0,1,2,A,-,21,22106,,N,G,B,E,A,H,-,A,D,0,Y,,,,Y,,A,01,0,0,1,0,1,0,0,0,0,"- ","- ",34.39696,-119.45310000000001,"SANTA BARBARA",UNINCORPORATED,-119.45320636,34.396916650000001
90627104,2017,2017-12-26,9750,2017-12-24,2155,019656,,7,2,9,4200,0,3,5,,2,030,"FOXEN CANYON RD","BROOKS ST",3696.00,E,N,A,-,N,,,,,,,,,,Y,3,0,1,1,A,-,01,23152,A,N,E,I,A,A,H,-,D,D,0,,,,,Y,Y,A,07,0,1,0,0,0,0,0,0,0,"- ","- ",34.864510000000003,-120.27743,"SANTA BARBARA",UNINCORPORATED,-120.28235216,34.860029079999997
90627614,2017,2017-12-27,9760,2017-12-16,0735,019831,,6,1,9,4200,0,1,2,,2,010,"US-101 NB","SHEFFIELD DR",641.00,S,N,B,-,Y,,,101,,,,,,N,Y,4,0,1,1,A,-,08,22107,,N,E,I,A,A,H,-,A,D,0,,,,,Y,,A,01,0,0,1,0,0,0,0,0,0,"- ","- ",34.421579999999999,-119.61167,"SANTA BARBARA",UNINCORPORATED,-119.61166504000001,34.421617099999999
90628870,2017,2017-12-28,9750,2017-12-26,0843,017910,,2,1,5,4204,0,1,2,,2,001,"US-101 N/B","BROADWAY AVE O/C",185.00,N,N,A,-,Y,,,101,,,,,,N,Y,4,0,1,1,A,-,08,22107,,N,F,A,A,A,H,-,A,D,0,,,,,Y,,A,01,0,0,1,0,0,0,0,0,0,"- ","- ",34.981920000000002,-120.43152000000001,"SANTA BARBARA","SANTA MARIA",-120.43165076,34.981852590000003
90629265,2017,2017-12-29,9760,2017-12-15,2058,021431,,5,2,9,4200,0,1,2,,2,020,"US-101 NB","TURNPIKE ROAD",50.00,S,N,A,-,Y,,,101,,,,,,N,Y,3,0,1,2,A,-,08,22107,,N,B,C,A,A,D,-,C,D,0,,,,Y,Y,,A,01,0,1,0,0,0,0,0,0,0,"- ","- ",34.442399999999999,-119.78903,"SANTA BARBARA",UNINCORPORATED,-119.78903012000001,34.442411880000002
90629267,2017,2017-12-29,9760,2017-12-19,1715,020495,,2,2,5,4203,0,1,2,,2,011,"US-101 NORTHBOUND (EL CAMINO REAL)","JUNIPERO STREET",112.00,N,N,A,-,Y,,,101,,,,,,N,Y,3,0,2,4,A,-,03,22350,,N,C,C,A,A,H,-,D,D,0,,,,,Y,,A,01,0,2,0,0,0,0,0,0,0,"- ","- ",34.427039999999998,-119.72833,"SANTA BARBARA","SANTA BARBARA",-119.72832422,34.427072930000001
90630614,2017,2018-01-02,9760,2017-12-20,2205,021061,,3,3,9,4200,0,3,5,,2,001,"VIA REAL","LAMBERT RD",325.00,E,N,A,-,N,,,,,,,,,,N,3,0,1,1,A,-,08,22107,,N,F,A,A,A,H,-,D,D,0,,Y,,,Y,Y,L,04,0,1,0,0,0,0,1,0,0,"- ","- ",34.416420000000002,-119.57953999999999,"SANTA BARBARA",UNINCORPORATED,-119.5796422,34.416406119999998
90612318,2017,2017-12-07,9750,2017-12-05,2340,017910,,2,3,5,4204,0,1,2,,2,001,"US-101 S/B","DONOVAN RD",1848.00,N,N,A,-,Y,,,101,,,,,,S,Y,2,0,1,1,A,-,08,22107,,N,E,I,A,A,H,-,D,D,0,,,,,Y,,A,01,1,0,0,0,0,0,0,0,0,"- ","- ",34.972270000000002,-120.42605,"SANTA BARBARA","SANTA MARIA",-120.42598876,34.97230837
90612474,2017,2017-12-07,9760,2017-11-29,1720,018431,,3,2,4,4214,0,1,2,,2,020,"US-101 S/B","FAIRVIEW AVE.",900.00,S,N,A,-,Y,,,101,,,,,,S,Y,4,0,2,4,A,-,03,22350,,M,C,C,A,A,H,-,C,D,0,,,,,Y,,A,08,0,0,2,0,0,0,0,0,0,"- ","- ",34.439720000000001,-119.82958000000001,"SANTA BARBARA",GOLETA,-119.82957979,34.439717649999999
90612933,2017,2017-12-08,9750,2017-12-07,1020,015915,,4,1,9,4200,0,3,5,,2,030,"FOXEN CANYON ROAD","DOME STREET",77.00,W,N,A,-,N,,,,,,,,,,N,3,0,1,1,A,-,08,22107,,N,F,A,A,A,H,-,A,D,0,,Y,,,Y,,L,04,0,1,0,0,0,0,1,0,0,"- ","- ",34.864519999999999,-120.29215000000001,"SANTA BARBARA",UNINCORPORATED,-120.29216657000001,34.864551689999999
90613357,2017,2017-12-08,9750,2017-11-29,0940,014820,,3,1,9,4200,0,1,3,,1,022,"SR-1 S/B","GRACIOSA RD",6336.00,S,N,A,-,Y,,,,,,,,,,Y,2,0,1,2,A,-,03,22350,,N,C,C,A,A,H,-,A,D,0,,,,Y,Y,,F,26,1,0,0,0,0,0,0,0,0,"- ","- ",34.78754,-120.45923000000001,"SANTA BARBARA",UNINCORPORATED,-120.44891905999999,34.795908529999998
90655676,2017,2018-02-06,9750,2017-11-12,1830,017616,,7,2,9,4200,0,1,3,,1,021,"SR-135 S/B","GOODWIN RD",0.00,,Y,A,-,Y,,,135,,,,,,S,N,1,1,0,2,A,-,11,21950,B,F,G,B,B,A,H,-,C,A,0,Y,,,,Y,,N,60,0,0,0,1,0,0,0,0,0,"- ","- ",34.899610000000003,-120.43617,"SANTA BARBARA",UNINCORPORATED,-120.4361265,34.899603079999999
90656049,2017,2018-02-06,9760,2017-11-11,1647,020965,,6,2,9,4200,0,1,3,,1,022,"SR-154 (SAN MARCOS PASS ROAD)","SALVAR RD",1292.00,W,N,A,-,Y,,,154,,,,,,,Y,1,1,1,1,A,-,01,23152,F,N,F,A,A,A,H,-,A,D,0,,,,,Y,,A,01,0,1,0,0,0,0,0,0,0,"- ","- ",34.458150000000003,-119.76924,"SANTA BARBARA",UNINCORPORATED,-119.76921622,34.458163110000001
90659283,2017,2018-02-12,9750,2017-12-04,2000,017709,,1,2,9,4200,0,2,4,,1,024,"FOSTER RD","BRADLEY RD",20.00,W,N,A,-,N,,,,,,,,,,N,4,0,4,2,A,-,21,22106,,N,H,C,A,A,H,-,C,A,0,,,,,Y,,A,01,0,0,4,0,0,0,0,0,0,"- ","- ",34.883130000000001,-120.41875,"SANTA BARBARA",UNINCORPORATED,-120.41874666,34.883109429999998
90631263,2017,2018-01-02,9760,2017-12-19,1715,015669,,2,2,4,4214,0,1,2,,1,030,"US-101 N/B","LOS CARNEROS RD",2640.00,S,N,A,-,Y,,,101,,,,,,N,Y,4,0,2,5,A,-,03,22350,,N,C,C,A,A,H,-,C,D,0,,,,,Y,,A,07,0,0,2,0,0,0,0,0,0,"- ","- ",34.438490000000002,-119.84349,"SANTA BARBARA",GOLETA,-119.84349705,34.438548050000001